,Organisation,Country,ISO Code,Vehicle_Name,Launch_date,Launch_Month,Launch_Year,Rocket_Status,Price,Mission_Status,Decade
0,SpaceX,USA,USA,Falcon 9 Block 5 ,07-08-2020,Aug,2020,StatusActive,50,Success,2020
1,CASC,China,CHN,Long March 2D ,06-08-2020,Aug,2020,StatusActive,29.75,Success,2020
2,SpaceX,USA,USA,Starship Prototype ,04-08-2020,Aug,2020,StatusActive,50,Success,2020
3,Roscosmos,Kazakhstan,KAZ,Proton-M/Briz-M ,30-07-2020,Jul,2020,StatusActive,65,Success,2020
4,ULA,USA,USA,Atlas V 541 ,30-07-2020,Jul,2020,StatusActive,145,Success,2020
5,CASC,China,CHN,Long March 4B ,25-07-2020,Jul,2020,StatusActive,64.68,Success,2020
6,Roscosmos,Kazakhstan,KAZ,Soyuz 2.1a ,23-07-2020,Jul,2020,StatusActive,48.5,Success,2020
7,CASC,China,CHN,Long March 5 ,23-07-2020,Jul,2020,StatusActive,29.75,Success,2020
8,SpaceX,USA,USA,Falcon 9 Block 5 ,20-07-2020,Jul,2020,StatusActive,50,Success,2020
9,JAXA,Japan,JPN,H-IIA 202 ,19-07-2020,Jul,2020,StatusActive,90,Success,2020
10,Northrop,USA,USA,Minotaur IV ,15-07-2020,Jul,2020,StatusActive,46,Success,2020
11,ExPace,China,CHN,Kuaizhou 11 ,10-07-2020,Jul,2020,StatusActive,28.3,Failure,2020
12,CASC,China,CHN,Long March 3B/E ,09-07-2020,Jul,2020,StatusActive,29.15,Success,2020
13,IAI,Israel,ISR,Shavit-2 ,06-07-2020,Jul,2020,StatusActive,62,Success,2020
14,CASC,China,CHN,Long March 2D ,04-07-2020,Jul,2020,StatusActive,29.75,Success,2020
15,Rocket Lab,New Zealand,NZL,Electron/Curie ,04-07-2020,Jul,2020,StatusActive,7.5,Failure,2020
16,CASC,China,CHN,Long March 4B ,03-07-2020,Jul,2020,StatusActive,64.68,Success,2020
17,SpaceX,USA,USA,Falcon 9 Block 5 ,30-06-2020,Jun,2020,StatusActive,50,Success,2020
18,CASC,China,CHN,Long March 3B/E ,23-06-2020,Jun,2020,StatusActive,29.15,Success,2020
19,CASC,China,CHN,Long March 2D ,17-06-2020,Jun,2020,StatusActive,29.75,Success,2020
20,SpaceX,USA,USA,Falcon 9 Block 5 ,13-06-2020,Jun,2020,StatusActive,50,Success,2020
21,Rocket Lab,New Zealand,NZL,Electron/Curie ,13-06-2020,Jun,2020,StatusActive,7.5,Success,2020
22,CASC,China,CHN,Long March 2C ,10-06-2020,Jun,2020,StatusActive,30.8,Success,2020
23,SpaceX,USA,USA,Falcon 9 Block 5 ,04-06-2020,Jun,2020,StatusActive,50,Success,2020
24,CASC,China,CHN,Long March 2D ,31-05-2020,May,2020,StatusActive,29.75,Success,2020
25,SpaceX,USA,USA,Falcon 9 Block 5 ,30-05-2020,May,2020,StatusActive,50,Success,2020
26,CASC,China,CHN,Long March 11 ,29-05-2020,May,2020,StatusActive,5.3,Success,2020
27,Virgin Orbit,USA,USA,LauncherOne ,25-05-2020,May,2020,StatusActive,12,Failure,2020
28,VKS RF,Russia,RUS,Soyuz 2.1b/Fregat-M ,22-05-2020,May,2020,StatusActive,48.5,Success,2020
29,MHI,Japan,JPN,H-IIB ,20-05-2020,May,2020,StatusRetired,112.5,Success,2020
30,ULA,USA,USA,Atlas V 501 ,17-05-2020,May,2020,StatusActive,120,Success,2020
31,ExPace,China,CHN,Kuaizhou 1A ,12-05-2020,May,2020,StatusActive,28.3,Success,2020
32,CASC,China,CHN,Long March 5B ,05-05-2020,May,2020,StatusActive,29.75,Success,2020
33,Roscosmos,Kazakhstan,KAZ,Soyuz 2.1a ,25-04-2020,Apr,2020,StatusActive,48.5,Success,2020
34,SpaceX,USA,USA,Falcon 9 Block 5 ,22-04-2020,Apr,2020,StatusActive,50,Success,2020
35,IRGC,Iran,IRN,Qased ,22-04-2020,Apr,2020,StatusActive,62,Success,2020
36,CASC,China,CHN,Long March 3B/E ,09-04-2020,Apr,2020,StatusActive,29.15,Failure,2020
37,Roscosmos,Kazakhstan,KAZ,Soyuz 2.1a ,09-04-2020,Apr,2020,StatusActive,48.5,Success,2020
38,ULA,USA,USA,Atlas V 551 ,26-03-2020,Mar,2020,StatusActive,153,Success,2020
39,CASC,China,CHN,Long March 2C ,24-03-2020,Mar,2020,StatusActive,30.8,Success,2020
40,Arianespace,Kazakhstan,KAZ,Soyuz 2.1b/Fregat ,21-03-2020,Mar,2020,StatusActive,48.5,Success,2020
41,SpaceX,USA,USA,Falcon 9 Block 5 ,18-03-2020,Mar,2020,StatusActive,50,Success,2020
42,VKS RF,Russia,RUS,Soyuz 2.1b/Fregat-M ,16-03-2020,Mar,2020,StatusActive,48.5,Success,2020
43,CASC,China,CHN,Long March 7A ,16-03-2020,Mar,2020,StatusActive,29.75,Failure,2020
44,CASC,China,CHN,Long March 3B/E ,09-03-2020,Mar,2020,StatusActive,29.15,Success,2020
45,SpaceX,USA,USA,Falcon 9 Block 5 ,07-03-2020,Mar,2020,StatusActive,50,Success,2020
46,VKS RF,Russia,RUS,Soyuz 2.1a/Fregat-M ,20-02-2020,Feb,2020,StatusActive,48.5,Success,2020
47,CASC,China,CHN,Long March 2D ,19-02-2020,Feb,2020,StatusActive,29.75,Success,2020
48,Arianespace,France,FRA,Ariane 5 ECA ,18-02-2020,Feb,2020,StatusActive,200,Success,2020
49,SpaceX,USA,USA,Falcon 9 Block 5 ,17-02-2020,Feb,2020,StatusActive,50,Success,2020
50,Northrop,USA,USA,Antares 230+ ,15-02-2020,Feb,2020,StatusActive,85,Success,2020
51,ULA,USA,USA,Atlas V 411 ,10-02-2020,Feb,2020,StatusActive,115,Success,2020
52,ISA,Iran,IRN,Simorgh ,09-02-2020,Feb,2020,StatusActive,62,Failure,2020
53,MHI,Japan,JPN,H-IIA 202 ,09-02-2020,Feb,2020,StatusActive,90,Success,2020
54,Arianespace,Kazakhstan,KAZ,Soyuz 2.1b/Fregat ,06-02-2020,Feb,2020,StatusActive,48.5,Success,2020
55,Rocket Lab,New Zealand,NZL,Electron/Curie ,31-01-2020,Jan,2020,StatusActive,7.5,Success,2020
56,SpaceX,USA,USA,Falcon 9 Block 5 ,29-01-2020,Jan,2020,StatusActive,50,Success,2020
57,SpaceX,USA,USA,Falcon 9 Block 5 ,19-01-2020,Jan,2020,StatusActive,50,Success,2020
58,Arianespace,France,FRA,Ariane 5 ECA ,16-01-2020,Jan,2020,StatusActive,200,Success,2020
59,ExPace,China,CHN,Kuaizhou 1A ,16-01-2020,Jan,2020,StatusActive,28.3,Success,2020
60,CASC,China,CHN,Long March 2D ,15-01-2020,Jan,2020,StatusActive,29.75,Success,2020
61,CASC,China,CHN,Long March 3B/E ,07-01-2020,Jan,2020,StatusActive,29.15,Success,2020
62,SpaceX,USA,USA,Falcon 9 Block 5 ,07-01-2020,Jan,2020,StatusActive,50,Success,2020
63,CASC,China,CHN,Long March 5 ,27-12-2019,Dec,2019,StatusActive,29.75,Success,2010
64,VKS RF,Russia,RUS,Rokot/Briz KM ,26-12-2019,Dec,2019,StatusRetired,41.8,Success,2010
65,Roscosmos,Kazakhstan,KAZ,Proton-M/DM-3 ,24-12-2019,Dec,2019,StatusActive,65,Success,2010
66,ULA,USA,USA,Atlas V N22 ,20-12-2019,Dec,2019,StatusActive,123,Success,2010
67,CASC,China,CHN,Long March 4B ,20-12-2019,Dec,2019,StatusActive,64.68,Success,2010
68,Arianespace,France,FRA,Soyuz ST-A/Fregat-M ,18-12-2019,Dec,2019,StatusActive,200,Success,2010
69,SpaceX,USA,USA,Falcon 9 Block 5 ,17-12-2019,Dec,2019,StatusActive,50,Success,2010
70,CASC,China,CHN,Long March 3B/YZ-1 ,16-12-2019,Dec,2019,StatusActive,29.75,Success,2010
71,Blue Origin,USA,USA,New Shepard ,11-12-2019,Dec,2019,StatusActive,62,Success,2010
72,ISRO,India,IND,PSLV-QL ,11-12-2019,Dec,2019,StatusActive,21,Success,2010
73,VKS RF,Russia,RUS,Soyuz 2.1b/Fregat ,11-12-2019,Dec,2019,StatusActive,48.5,Success,2010
74,ExPace,China,CHN,Kuaizhou 1A ,07-12-2019,Dec,2019,StatusActive,28.3,Success,2010
75,ExPace,China,CHN,Kuaizhou 1A ,07-12-2019,Dec,2019,StatusActive,28.3,Success,2010
76,Roscosmos,Kazakhstan,KAZ,Soyuz 2.1a ,06-12-2019,Dec,2019,StatusActive,48.5,Success,2010
77,Rocket Lab,New Zealand,NZL,Electron/Curie ,06-12-2019,Dec,2019,StatusActive,7.5,Success,2010
78,SpaceX,USA,USA,Falcon 9 Block 5 ,05-12-2019,Dec,2019,StatusActive,50,Success,2010
79,CASC,China,CHN,Long March 4C ,27-11-2019,Nov,2019,StatusActive,64.68,Success,2010
80,ISRO,India,IND,PSLV-XL ,27-11-2019,Nov,2019,StatusActive,31,Success,2010
81,Arianespace,France,FRA,Ariane 5 ECA ,26-11-2019,Nov,2019,StatusActive,200,Success,2010
82,VKS RF,Russia,RUS,Soyuz 2.1v/Volga ,25-11-2019,Nov,2019,StatusActive,41.8,Success,2010
83,CASC,China,CHN,Long March 3B/YZ-1 ,23-11-2019,Nov,2019,StatusActive,29.75,Success,2010
84,ExPace,China,CHN,Kuaizhou 1A ,17-11-2019,Nov,2019,StatusActive,28.3,Success,2010
85,CASC,China,CHN,Long March 6 ,13-11-2019,Nov,2019,StatusActive,29.75,Success,2010
86,ExPace,China,CHN,Kuaizhou 1A ,13-11-2019,Nov,2019,StatusActive,28.3,Success,2010
87,SpaceX,USA,USA,Falcon 9 Block 5 ,11-11-2019,Nov,2019,StatusActive,50,Success,2010
88,CASC,China,CHN,Long March 3B/E ,04-11-2019,Nov,2019,StatusActive,29.15,Success,2010
89,CASC,China,CHN,Long March 4B ,03-11-2019,Nov,2019,StatusActive,64.68,Success,2010
90,Northrop,USA,USA,Antares 230+ ,02-11-2019,Nov,2019,StatusActive,85,Success,2010
91,Exos,New Mexico,USA,SARGE ,26-10-2019,Oct,2019,StatusActive,62,Failure,2010
92,CASC,China,CHN,Long March 3B/E ,17-10-2019,Oct,2019,StatusActive,29.15,Success,2010
93,Rocket Lab,New Zealand,NZL,Electron/Curie ,17-10-2019,Oct,2019,StatusActive,7.5,Success,2010
94,Northrop,USA,USA,Pegasus XL ,11-10-2019,Oct,2019,StatusActive,40,Success,2010
95,ILS,Kazakhstan,KAZ,Proton-M/Briz-M ,09-10-2019,Oct,2019,StatusActive,65,Success,2010
96,CASC,China,CHN,Long March 4C ,04-10-2019,Oct,2019,StatusActive,64.68,Success,2010
97,VKS RF,Russia,RUS,Soyuz 2.1b/Fregat ,26-09-2019,Sep,2019,StatusActive,48.5,Success,2010
98,Roscosmos,Kazakhstan,KAZ,Soyuz FG ,25-09-2019,Sep,2019,StatusRetired,48.5,Success,2010
99,CASC,China,CHN,Long March 2D ,25-09-2019,Sep,2019,StatusActive,29.75,Success,2010
100,MHI,Japan,JPN,H-IIB ,24-09-2019,Sep,2019,StatusRetired,112.5,Success,2010
101,CASC,China,CHN,Long March 3B/YZ-1 ,22-09-2019,Sep,2019,StatusActive,29.75,Success,2010
102,CASC,China,CHN,Long March 11 ,19-09-2019,Sep,2019,StatusActive,5.3,Success,2010
103,CASC,China,CHN,Long March 4B ,12-09-2019,Sep,2019,StatusActive,64.68,Success,2010
104,ExPace,China,CHN,Kuaizhou 1A ,30-08-2019,Aug,2019,StatusActive,28.3,Success,2010
105,VKS RF,Russia,RUS,Rokot/Briz KM ,30-08-2019,Aug,2019,StatusRetired,41.8,Success,2010
106,ISA,Iran,IRN,Safir-1B+ ,29-08-2019,Aug,2019,StatusActive,62,Prelaunch Failure,2010
107,ULA,USA,USA,"Delta IV Medium+ (4,2) ",22-08-2019,Aug,2019,StatusRetired,164,Success,2010
108,Roscosmos,Kazakhstan,KAZ,Soyuz 2.1a ,22-08-2019,Aug,2019,StatusActive,48.5,Success,2010
109,Rocket Lab,New Zealand,NZL,Electron/Curie ,19-08-2019,Aug,2019,StatusActive,7.5,Success,2010
110,CASC,China,CHN,Long March 3B/E ,19-08-2019,Aug,2019,StatusActive,29.15,Success,2010
111,CASC,China,CHN,Jielong-1 ,17-08-2019,Aug,2019,StatusActive,7.5,Success,2010
112,ULA,USA,USA,Atlas V 551 ,08-08-2019,Aug,2019,StatusActive,153,Success,2010
113,SpaceX,USA,USA,Falcon 9 Block 5 ,06-08-2019,Aug,2019,StatusActive,50,Success,2010
114,Arianespace,France,FRA,Ariane 5 ECA ,06-08-2019,Aug,2019,StatusActive,200,Success,2010
115,Roscosmos,Kazakhstan,KAZ,Proton-M/Briz-M ,05-08-2019,Aug,2019,StatusActive,65,Success,2010
116,Roscosmos,Kazakhstan,KAZ,Soyuz 2.1a ,31-07-2019,Jul,2019,StatusActive,48.5,Success,2010
117,VKS RF,Russia,RUS,Soyuz 2.1a/Fregat-M ,30-07-2019,Jul,2019,StatusActive,48.5,Success,2010
118,CASC,China,CHN,Long March 2C ,26-07-2019,Jul,2019,StatusActive,30.8,Success,2010
119,SpaceX,USA,USA,Falcon 9 Block 5 ,25-07-2019,Jul,2019,StatusActive,50,Success,2010
120,i-Space,China,CHN,Hyperbola-1 ,25-07-2019,Jul,2019,StatusActive,62,Success,2010
121,ISRO,India,IND,GSLV Mk III ,22-07-2019,Jul,2019,StatusActive,62,Success,2010
122,Roscosmos,Kazakhstan,KAZ,Soyuz FG ,20-07-2019,Jul,2019,StatusRetired,48.5,Success,2010
123,Roscosmos,Kazakhstan,KAZ,Proton-M/DM-3 ,13-07-2019,Jul,2019,StatusActive,65,Success,2010
124,Arianespace,France,FRA,Vega ,11-07-2019,Jul,2019,StatusActive,37,Failure,2010
125,VKS RF,Russia,RUS,Soyuz 2.1v/Volga ,10-07-2019,Jul,2019,StatusActive,41.8,Success,2010
126,Roscosmos,Russia,RUS,Soyuz 2.1b/Fregat-M ,05-07-2019,Jul,2019,StatusActive,48.5,Success,2010
127,Exos,New Mexico,USA,SARGE ,29-06-2019,Jun,2019,StatusActive,62,Partial Failure,2010
128,Rocket Lab,New Zealand,NZL,Electron/Curie ,29-06-2019,Jun,2019,StatusActive,7.5,Success,2010
129,SpaceX,USA,USA,Falcon Heavy ,25-06-2019,Jun,2019,StatusActive,90,Success,2010
130,CASC,China,CHN,Long March 3B/E ,24-06-2019,Jun,2019,StatusActive,29.15,Success,2010
131,Arianespace,France,FRA,Ariane 5 ECA ,20-06-2019,Jun,2019,StatusActive,200,Success,2010
132,SpaceX,USA,USA,Falcon 9 Block 5 ,12-06-2019,Jun,2019,StatusActive,50,Success,2010
133,CASC,China,CHN,Long March 11H ,05-06-2019,Jun,2019,StatusActive,5.3,Success,2010
134,Roscosmos,Kazakhstan,KAZ,Proton-M/Briz-M ,30-05-2019,May,2019,StatusActive,65,Success,2010
135,Roscosmos,Russia,RUS,Soyuz 2.1b/Fregat-M ,27-05-2019,May,2019,StatusActive,48.5,Success,2010
136,SpaceX,USA,USA,Falcon 9 Block 5 ,24-05-2019,May,2019,StatusActive,50,Success,2010
137,CASC,China,CHN,Long March 4C ,22-05-2019,May,2019,StatusActive,64.68,Failure,2010
138,ISRO,India,IND,PSLV-CA ,22-05-2019,May,2019,StatusActive,21,Success,2010
139,CASC,China,CHN,Long March 3C/E ,17-05-2019,May,2019,StatusActive,29.75,Success,2010
140,Rocket Lab,New Zealand,NZL,Electron/Curie ,05-05-2019,May,2019,StatusActive,7.5,Success,2010
141,SpaceX,USA,USA,Falcon 9 Block 5 ,04-05-2019,May,2019,StatusActive,50,Success,2010
142,Blue Origin,USA,USA,New Shepard ,02-05-2019,May,2019,StatusActive,62,Success,2010
143,CASC,China,CHN,Long March 4B ,29-04-2019,Apr,2019,StatusActive,64.68,Success,2010
144,CASC,China,CHN,Long March 3B/E ,20-04-2019,Apr,2019,StatusActive,29.15,Success,2010
145,Northrop,USA,USA,Antares 230 ,17-04-2019,Apr,2019,StatusRetired,85,Success,2010
146,SpaceX,USA,USA,Falcon Heavy ,11-04-2019,Apr,2019,StatusActive,90,Success,2010
147,Arianespace,France,FRA,Soyuz ST-B/Fregat-MT ,04-04-2019,Apr,2019,StatusActive,200,Success,2010
148,Roscosmos,Kazakhstan,KAZ,Soyuz 2.1a ,04-04-2019,Apr,2019,StatusActive,48.5,Success,2010
149,ISRO,India,IND,PSLV-QL ,01-04-2019,Apr,2019,StatusActive,21,Success,2010
150,CASC,China,CHN,Long March 3B/E ,31-03-2019,Mar,2019,StatusActive,29.15,Success,2010
151,Rocket Lab,New Zealand,NZL,Electron/Curie ,28-03-2019,Mar,2019,StatusActive,7.5,Success,2010
152,OneSpace,China,CHN,OS-M1 ,27-03-2019,Mar,2019,StatusActive,62,Failure,2010
153,Arianespace,France,FRA,Vega ,22-03-2019,Mar,2019,StatusActive,37,Success,2010
154,ULA,USA,USA,"Delta IV Medium+ (5,4) ",16-03-2019,Mar,2019,StatusRetired,123,Success,2010
155,Roscosmos,Kazakhstan,KAZ,Soyuz FG ,14-03-2019,Mar,2019,StatusRetired,48.5,Success,2010
156,CASC,China,CHN,Long March 3B/E ,09-03-2019,Mar,2019,StatusActive,29.15,Success,2010
157,Exos,New Mexico,USA,SARGE ,02-03-2019,Mar,2019,StatusActive,62,Partial Failure,2010
158,SpaceX,USA,USA,Falcon 9 Block 5 ,02-03-2019,Mar,2019,StatusActive,50,Success,2010
159,Arianespace,France,FRA,Soyuz ST-B/Fregat-M ,27-02-2019,Feb,2019,StatusActive,200,Success,2010
160,SpaceX,USA,USA,Falcon 9 Block 5 ,22-02-2019,Feb,2019,StatusActive,50,Success,2010
161,VKS RF,Kazakhstan,KAZ,Soyuz 2.1b/Fregat-M ,21-02-2019,Feb,2019,StatusActive,41.8,Success,2010
162,Arianespace,France,FRA,Ariane 5 ECA ,05-02-2019,Feb,2019,StatusActive,200,Success,2010
163,ISA,Iran,IRN,Safir-1B+ ,05-02-2019,Feb,2019,StatusActive,62,Failure,2010
164,ISRO,India,IND,PSLV-DL ,24-01-2019,Jan,2019,StatusActive,31,Success,2010
165,Blue Origin,USA,USA,New Shepard ,23-01-2019,Jan,2019,StatusActive,62,Success,2010
166,CASC,China,CHN,Long March 11 ,21-01-2019,Jan,2019,StatusActive,5.3,Success,2010
167,ULA,USA,USA,Delta IV Heavy ,19-01-2019,Jan,2019,StatusActive,350,Success,2010
168,JAXA,Japan,JPN,Epsilon PBS ,18-01-2019,Jan,2019,StatusActive,39,Success,2010
169,ISA,Iran,IRN,Simorgh ,15-01-2019,Jan,2019,StatusActive,62,Failure,2010
170,SpaceX,USA,USA,Falcon 9 Block 5 ,11-01-2019,Jan,2019,StatusActive,50,Success,2010
171,CASC,China,CHN,Long March 3B/E ,10-01-2019,Jan,2019,StatusActive,29.15,Success,2010
172,CASC,China,CHN,Long March 2D/YZ-3 ,29-12-2018,Dec,2018,StatusActive,29.75,Success,2010
173,Roscosmos,Russia,RUS,Soyuz 2.1a/Fregat ,27-12-2018,Dec,2018,StatusActive,48.5,Success,2010
174,CASC,China,CHN,Long March 3C/E ,24-12-2018,Dec,2018,StatusActive,29.75,Success,2010
175,SpaceX,USA,USA,Falcon 9 Block 5 ,23-12-2018,Dec,2018,StatusActive,50,Success,2010
176,CASC,China,CHN,Long March 11 ,21-12-2018,Dec,2018,StatusActive,5.3,Success,2010
177,VKS RF,Kazakhstan,KAZ,Proton-M/Briz-M ,21-12-2018,Dec,2018,StatusActive,65,Success,2010
178,Arianespace,France,FRA,Soyuz ST-A/Fregat-M ,19-12-2018,Dec,2018,StatusActive,200,Success,2010
179,ISRO,India,IND,GSLV Mk II ,19-12-2018,Dec,2018,StatusActive,47,Success,2010
180,Rocket Lab,New Zealand,NZL,Electron/Curie ,16-12-2018,Dec,2018,StatusActive,7.5,Success,2010
181,CASC,China,CHN,Long March 3B/E ,07-12-2018,Dec,2018,StatusActive,29.15,Success,2010
182,CASC,China,CHN,Long March 2D ,07-12-2018,Dec,2018,StatusActive,29.75,Success,2010
183,SpaceX,USA,USA,Falcon 9 Block 5 ,05-12-2018,Dec,2018,StatusActive,50,Success,2010
184,Arianespace,France,FRA,Ariane 5 ECA ,04-12-2018,Dec,2018,StatusActive,200,Success,2010
185,SpaceX,USA,USA,Falcon 9 Block 5 ,03-12-2018,Dec,2018,StatusActive,50,Success,2010
186,Roscosmos,Kazakhstan,KAZ,Soyuz FG ,03-12-2018,Dec,2018,StatusRetired,48.5,Success,2010
187,VKS RF,Russia,RUS,Rokot/Briz KM ,30-11-2018,Nov,2018,StatusRetired,41.8,Success,2010
188,ISRO,India,IND,PSLV-CA ,29-11-2018,Nov,2018,StatusActive,21,Success,2010
189,Arianespace,France,FRA,Vega ,21-11-2018,Nov,2018,StatusActive,37,Success,2010
190,CASC,China,CHN,Long March 2D ,19-11-2018,Nov,2018,StatusActive,29.75,Success,2010
191,CASC,China,CHN,Long March 3B/YZ-1 ,18-11-2018,Nov,2018,StatusActive,29.75,Success,2010
192,Northrop,USA,USA,Antares 230 ,17-11-2018,Nov,2018,StatusRetired,85,Success,2010
193,Roscosmos,Kazakhstan,KAZ,Soyuz FG ,16-11-2018,Nov,2018,StatusRetired,48.5,Success,2010
194,SpaceX,USA,USA,Falcon 9 Block 5 ,15-11-2018,Nov,2018,StatusActive,50,Success,2010
195,ISRO,India,IND,GSLV Mk III ,14-11-2018,Nov,2018,StatusActive,62,Success,2010
196,Rocket Lab,New Zealand,NZL,Electron/Curie ,11-11-2018,Nov,2018,StatusActive,7.5,Success,2010
197,Arianespace,France,FRA,Soyuz ST-B/Fregat-M ,07-11-2018,Nov,2018,StatusActive,200,Success,2010
198,VKS RF,Russia,RUS,Soyuz 2.1b/Fregat ,03-11-2018,Nov,2018,StatusActive,48.5,Success,2010
199,CASC,China,CHN,Long March 3B/E ,01-11-2018,Nov,2018,StatusActive,29.15,Success,2010
200,MHI,Japan,JPN,H-IIA 202 ,29-10-2018,Oct,2018,StatusActive,90,Success,2010
201,CASC,China,CHN,Long March 2C ,29-10-2018,Oct,2018,StatusActive,30.8,Success,2010
202,Landspace,China,CHN,ZhuQue-1 ,27-10-2018,Oct,2018,StatusRetired,62,Failure,2010
203,Roscosmos,Russia,RUS,Soyuz 2.1b ,25-10-2018,Oct,2018,StatusActive,35,Success,2010
204,CASC,China,CHN,Long March 4B ,24-10-2018,Oct,2018,StatusActive,64.68,Success,2010
205,Arianespace,France,FRA,Ariane 5 ECA ,20-10-2018,Oct,2018,StatusActive,200,Success,2010
206,ULA,USA,USA,Atlas V 551 ,17-10-2018,Oct,2018,StatusActive,153,Success,2010
207,CASC,China,CHN,Long March 3B/YZ-1 ,15-10-2018,Oct,2018,StatusActive,29.75,Success,2010
208,Roscosmos,Kazakhstan,KAZ,Soyuz FG ,11-10-2018,Oct,2018,StatusRetired,48.5,Failure,2010
209,CASC,China,CHN,Long March 2C ,09-10-2018,Oct,2018,StatusActive,30.8,Success,2010
210,SpaceX,USA,USA,Falcon 9 Block 5 ,08-10-2018,Oct,2018,StatusActive,50,Success,2010
211,ExPace,China,CHN,Kuaizhou 1A ,29-09-2018,Sep,2018,StatusActive,28.3,Success,2010
212,Arianespace,France,FRA,Ariane 5 ECA ,25-09-2018,Sep,2018,StatusActive,200,Success,2010
213,MHI,Japan,JPN,H-IIB ,22-09-2018,Sep,2018,StatusRetired,112.5,Success,2010
214,CASC,China,CHN,Long March 3B/YZ-1 ,19-09-2018,Sep,2018,StatusActive,29.75,Success,2010
215,ISRO,India,IND,PSLV-CA ,16-09-2018,Sep,2018,StatusActive,21,Success,2010
216,ULA,USA,USA,Delta II 7420-10C ,15-09-2018,Sep,2018,StatusRetired,123,Success,2010
217,SpaceX,USA,USA,Falcon 9 Block 5 ,10-09-2018,Sep,2018,StatusActive,50,Success,2010
218,CASC,China,CHN,Long March 2C ,07-09-2018,Sep,2018,StatusActive,30.8,Success,2010
219,Exos,New Mexico,USA,SARGE ,25-08-2018,Aug,2018,StatusActive,62,Partial Failure,2010
220,CASC,China,CHN,Long March 3B/YZ-1 ,24-08-2018,Aug,2018,StatusActive,29.75,Success,2010
221,Arianespace,France,FRA,Vega ,22-08-2018,Aug,2018,StatusActive,37,Success,2010
222,ULA,USA,USA,Delta IV Heavy ,12-08-2018,Aug,2018,StatusActive,350,Success,2010
223,SpaceX,USA,USA,Falcon 9 Block 5 ,07-08-2018,Aug,2018,StatusActive,50,Success,2010
224,CASC,China,CHN,Long March 4B ,31-07-2018,Jul,2018,StatusActive,64.68,Success,2010
225,CASC,China,CHN,Long March 3B/YZ-1 ,29-07-2018,Jul,2018,StatusActive,29.75,Success,2010
226,SpaceX,USA,USA,Falcon 9 Block 5 ,25-07-2018,Jul,2018,StatusActive,50,Success,2010
227,Arianespace,France,FRA,Ariane 5 ES ,25-07-2018,Jul,2018,StatusRetired,200,Success,2010
228,SpaceX,USA,USA,Falcon 9 Block 5 ,22-07-2018,Jul,2018,StatusActive,50,Success,2010
229,Blue Origin,USA,USA,New Shepard ,18-07-2018,Jul,2018,StatusActive,62,Success,2010
230,Roscosmos,Kazakhstan,KAZ,Soyuz 2.1a ,09-07-2018,Jul,2018,StatusActive,48.5,Success,2010
231,CASC,China,CHN,Long March 3A ,09-07-2018,Jul,2018,StatusActive,69.7,Success,2010
232,CASC,China,CHN,Long March 2C ,09-07-2018,Jul,2018,StatusActive,30.8,Success,2010
233,SpaceX,USA,USA,Falcon 9 Block 4 ,29-06-2018,Jun,2018,StatusRetired,62,Success,2010
234,CASC,China,CHN,Long March 2C ,27-06-2018,Jun,2018,StatusActive,30.8,Success,2010
235,VKS RF,Russia,RUS,Soyuz 2.1b/Fregat-M ,16-06-2018,Jun,2018,StatusActive,41.8,Success,2010
236,MHI,Japan,JPN,H-IIA 202 ,12-06-2018,Jun,2018,StatusActive,90,Success,2010
237,Roscosmos,Kazakhstan,KAZ,Soyuz FG ,06-06-2018,Jun,2018,StatusRetired,48.5,Success,2010
238,CASC,China,CHN,Long March 3A ,05-06-2018,Jun,2018,StatusActive,69.7,Success,2010
239,SpaceX,USA,USA,Falcon 9 Block 4 ,04-06-2018,Jun,2018,StatusRetired,62,Success,2010
240,CASC,China,CHN,Long March 2D ,02-06-2018,Jun,2018,StatusActive,29.75,Success,2010
241,SpaceX,USA,USA,Falcon 9 Block 4 ,22-05-2018,May,2018,StatusRetired,62,Success,2010
242,Northrop,USA,USA,Antares 230 ,21-05-2018,May,2018,StatusRetired,85,Success,2010
243,CASC,China,CHN,Long March 4C ,20-05-2018,May,2018,StatusActive,64.68,Success,2010
244,SpaceX,USA,USA,Falcon 9 Block 5 ,11-05-2018,May,2018,StatusActive,50,Success,2010
245,CASC,China,CHN,Long March 4C ,08-05-2018,May,2018,StatusActive,64.68,Success,2010
246,ULA,USA,USA,Atlas V 401 ,05-05-2018,May,2018,StatusActive,109,Success,2010
247,CASC,China,CHN,Long March 3B/E ,03-05-2018,May,2018,StatusActive,29.15,Success,2010
248,Blue Origin,USA,USA,New Shepard ,29-04-2018,Apr,2018,StatusActive,62,Success,2010
249,CASC,China,CHN,Long March 11 ,26-04-2018,Apr,2018,StatusActive,5.3,Success,2010
250,Eurockot,Russia,RUS,Rokot/Briz KM ,25-04-2018,Apr,2018,StatusRetired,41.8,Success,2010
251,SpaceX,USA,USA,Falcon 9 Block 4 ,18-04-2018,Apr,2018,StatusRetired,62,Success,2010
252,VKS RF,Kazakhstan,KAZ,Proton-M/Briz-M ,18-04-2018,Apr,2018,StatusActive,65,Success,2010
253,ULA,USA,USA,Atlas V 551 ,14-04-2018,Apr,2018,StatusActive,153,Success,2010
254,ISRO,India,IND,PSLV-XL ,11-04-2018,Apr,2018,StatusActive,31,Success,2010
255,CASC,China,CHN,Long March 4C ,10-04-2018,Apr,2018,StatusActive,64.68,Success,2010
256,Arianespace,France,FRA,Ariane 5 ECA ,05-04-2018,Apr,2018,StatusActive,200,Success,2010
257,SpaceX,USA,USA,Falcon 9 Block 4 ,02-04-2018,Apr,2018,StatusRetired,62,Success,2010
258,CASC,China,CHN,Long March 4C ,31-03-2018,Mar,2018,StatusActive,64.68,Success,2010
259,SpaceX,USA,USA,Falcon 9 Block 4 ,30-03-2018,Mar,2018,StatusRetired,62,Success,2010
260,CASC,China,CHN,Long March 3B/YZ-1 ,29-03-2018,Mar,2018,StatusActive,29.75,Success,2010
261,Roscosmos,Russia,RUS,Soyuz 2.1v ,29-03-2018,Mar,2018,StatusActive,48.5,Success,2010
262,ISRO,India,IND,GSLV Mk II ,29-03-2018,Mar,2018,StatusActive,47,Success,2010
263,Roscosmos,Kazakhstan,KAZ,Soyuz FG ,21-03-2018,Mar,2018,StatusRetired,48.5,Success,2010
264,CASC,China,CHN,Long March 2D ,17-03-2018,Mar,2018,StatusActive,29.75,Success,2010
265,Arianespace,France,FRA,Soyuz ST-B/Fregat-MT ,09-03-2018,Mar,2018,StatusActive,200,Success,2010
266,SpaceX,USA,USA,Falcon 9 Block 4 ,06-03-2018,Mar,2018,StatusRetired,62,Success,2010
267,ULA,USA,USA,Atlas V 541 ,01-03-2018,Mar,2018,StatusActive,145,Success,2010
268,MHI,Japan,JPN,H-IIA 202 ,27-02-2018,Feb,2018,StatusActive,90,Success,2010
269,SpaceX,USA,USA,Falcon 9 Block 3 ,22-02-2018,Feb,2018,StatusRetired,62,Success,2010
270,Roscosmos,Kazakhstan,KAZ,Soyuz 2.1a ,13-02-2018,Feb,2018,StatusActive,48.5,Success,2010
271,CASC,China,CHN,Long March 3B/YZ-1 ,12-02-2018,Feb,2018,StatusActive,29.75,Success,2010
272,SpaceX,USA,USA,Falcon Heavy ,06-02-2018,Feb,2018,StatusActive,90,Success,2010
273,JAXA,Japan,JPN,SS-520 ,03-02-2018,Feb,2018,StatusActive,39,Success,2010
274,CASC,China,CHN,Long March 2D ,02-02-2018,Feb,2018,StatusActive,29.75,Success,2010
275,Roscosmos,Russia,RUS,Soyuz 2.1a/Fregat-M ,01-02-2018,Feb,2018,StatusActive,48.5,Success,2010
276,SpaceX,USA,USA,Falcon 9 Block 3 ,31-01-2018,Jan,2018,StatusRetired,62,Success,2010
277,Arianespace,France,FRA,Ariane 5 ECA ,25-01-2018,Jan,2018,StatusActive,200,Partial Failure,2010
278,CASC,China,CHN,Long March 2C ,25-01-2018,Jan,2018,StatusActive,30.8,Success,2010
279,Rocket Lab,New Zealand,NZL,Electron/Curie ,21-01-2018,Jan,2018,StatusActive,7.5,Success,2010
280,ULA,USA,USA,Atlas V 411 ,20-01-2018,Jan,2018,StatusActive,115,Success,2010
281,CASC,China,CHN,Long March 11 ,19-01-2018,Jan,2018,StatusActive,5.3,Success,2010
282,JAXA,Japan,JPN,Epsilon PBS ,17-01-2018,Jan,2018,StatusActive,39,Success,2010
283,CASC,China,CHN,Long March 2D ,13-01-2018,Jan,2018,StatusActive,29.75,Success,2010
284,ULA,USA,USA,"Delta IV Medium+ (5,2) ",12-01-2018,Jan,2018,StatusRetired,123,Success,2010
285,ISRO,India,IND,PSLV-XL ,12-01-2018,Jan,2018,StatusActive,31,Success,2010
286,CASC,China,CHN,Long March 3B/YZ-1 ,11-01-2018,Jan,2018,StatusActive,29.75,Success,2010
287,CASC,China,CHN,Long March 2D ,09-01-2018,Jan,2018,StatusActive,29.75,Success,2010
288,SpaceX,USA,USA,Falcon 9 Block 4 ,08-01-2018,Jan,2018,StatusRetired,62,Success,2010
289,Land Launch,Kazakhstan,KAZ,Zenit-3 SLBF ,26-12-2017,Dec,2017,StatusActive,62,Success,2010
290,CASC,China,CHN,Long March 2C ,25-12-2017,Dec,2017,StatusActive,30.8,Success,2010
291,CASC,China,CHN,Long March 2D ,23-12-2017,Dec,2017,StatusActive,29.75,Success,2010
292,SpaceX,USA,USA,Falcon 9 Block 3 ,23-12-2017,Dec,2017,StatusRetired,62,Success,2010
293,MHI,Japan,JPN,H-IIA 202 ,23-12-2017,Dec,2017,StatusActive,90,Success,2010
294,Roscosmos,Kazakhstan,KAZ,Soyuz FG ,17-12-2017,Dec,2017,StatusRetired,48.5,Success,2010
295,Blue Origin,USA,USA,New Shepard ,17-12-2017,Dec,2017,StatusActive,62,Success,2010
296,SpaceX,USA,USA,Falcon 9 Block 3 ,15-12-2017,Dec,2017,StatusRetired,62,Success,2010
297,Arianespace,France,FRA,Ariane 5 ES ,12-12-2017,Dec,2017,StatusRetired,200,Success,2010
298,CASC,China,CHN,Long March 3B/E ,10-12-2017,Dec,2017,StatusActive,29.15,Success,2010
299,CASC,China,CHN,Long March 2D ,03-12-2017,Dec,2017,StatusActive,29.75,Success,2010
300,VKS RF,Russia,RUS,Soyuz 2.1b ,02-12-2017,Dec,2017,StatusActive,35,Success,2010
301,Roscosmos,Russia,RUS,Soyuz 2.1b/Fregat-M ,28-11-2017,Nov,2017,StatusActive,48.5,Failure,2010
302,CASC,China,CHN,Long March 2C ,24-11-2017,Nov,2017,StatusActive,30.8,Success,2010
303,CASC,China,CHN,Long March 6 ,21-11-2017,Nov,2017,StatusActive,29.75,Success,2010
304,ULA,USA,USA,Delta II 7920-10C ,18-11-2017,Nov,2017,StatusRetired,123,Success,2010
305,CASC,China,CHN,Long March 4C ,14-11-2017,Nov,2017,StatusActive,64.68,Success,2010
306,Northrop,USA,USA,Antares 230 ,12-11-2017,Nov,2017,StatusRetired,85,Success,2010
307,Arianespace,France,FRA,Vega ,08-11-2017,Nov,2017,StatusActive,37,Success,2010
308,CASC,China,CHN,Long March 3B/YZ-1 ,05-11-2017,Nov,2017,StatusActive,29.75,Success,2010
309,Northrop,USA,USA,Minotaur C (Taurus) ,31-10-2017,Oct,2017,StatusActive,45,Success,2010
310,SpaceX,USA,USA,Falcon 9 Block 4 ,30-10-2017,Oct,2017,StatusRetired,62,Success,2010
311,ULA,USA,USA,Atlas V 421 ,15-10-2017,Oct,2017,StatusActive,123,Success,2010
312,Roscosmos,Kazakhstan,KAZ,Soyuz 2.1a ,14-10-2017,Oct,2017,StatusActive,48.5,Success,2010
313,Eurockot,Russia,RUS,Rokot/Briz KM ,13-10-2017,Oct,2017,StatusRetired,41.8,Success,2010
314,SpaceX,USA,USA,Falcon 9 Block 3 ,11-10-2017,Oct,2017,StatusRetired,62,Success,2010
315,MHI,Japan,JPN,H-IIA 202 ,09-10-2017,Oct,2017,StatusActive,90,Success,2010
316,SpaceX,USA,USA,Falcon 9 Block 4 ,09-10-2017,Oct,2017,StatusRetired,62,Success,2010
317,CASC,China,CHN,Long March 2D ,09-10-2017,Oct,2017,StatusActive,29.75,Success,2010
318,Arianespace,France,FRA,Ariane 5 ECA ,29-09-2017,Sep,2017,StatusActive,200,Success,2010
319,CASC,China,CHN,Long March 2C ,29-09-2017,Sep,2017,StatusActive,30.8,Success,2010
320,VKS RF,Kazakhstan,KAZ,Proton-M/Briz-M ,28-09-2017,Sep,2017,StatusActive,65,Success,2010
321,ULA,USA,USA,Atlas V 541 ,24-09-2017,Sep,2017,StatusActive,145,Success,2010
322,ILS,Kazakhstan,KAZ,Proton-M/Briz-M ,11-09-2017,Sep,2017,StatusActive,65,Success,2010
323,SpaceX,USA,USA,Falcon 9 Block 4 ,07-09-2017,Sep,2017,StatusRetired,62,Success,2010
324,ISRO,India,IND,PSLV-XL ,31-08-2017,Aug,2017,StatusActive,31,Failure,2010
325,Northrop,USA,USA,Minotaur IV ,25-08-2017,Aug,2017,StatusActive,46,Success,2010
326,SpaceX,USA,USA,Falcon 9 Block 3 ,24-08-2017,Aug,2017,StatusRetired,62,Success,2010
327,VKS RF,Russia,RUS,Soyuz 2.1b/Fregat-M ,22-08-2017,Aug,2017,StatusActive,41.8,Success,2010
328,MHI,Japan,JPN,H-IIA 204 ,19-08-2017,Aug,2017,StatusActive,90,Success,2010
329,ULA,USA,USA,Atlas V 401 ,18-08-2017,Aug,2017,StatusActive,109,Success,2010
330,VKS RF,Kazakhstan,KAZ,Proton-M/Briz-M ,16-08-2017,Aug,2017,StatusActive,65,Success,2010
331,SpaceX,USA,USA,Falcon 9 Block 4 ,14-08-2017,Aug,2017,StatusRetired,62,Success,2010
332,Roscosmos,Kazakhstan,KAZ,Soyuz FG ,12-08-2017,Aug,2017,StatusRetired,48.5,Success,2010
333,Arianespace,France,FRA,Vega ,02-08-2017,Aug,2017,StatusActive,37,Success,2010
334,Roscosmos,Kazakhstan,KAZ,Soyuz FG ,28-07-2017,Jul,2017,StatusRetired,48.5,Success,2010
335,ISA,Iran,IRN,Simorgh ,27-07-2017,Jul,2017,StatusActive,62,Failure,2010
336,Roscosmos,Kazakhstan,KAZ,Soyuz 2.1a/Fregat ,14-07-2017,Jul,2017,StatusActive,48.5,Partial Failure,2010
337,SpaceX,USA,USA,Falcon 9 Block 3 ,05-07-2017,Jul,2017,StatusRetired,62,Success,2010
338,CASC,China,CHN,Long March 5 ,02-07-2017,Jul,2017,StatusActive,29.75,Failure,2010
339,Arianespace,France,FRA,Ariane 5 ECA ,28-06-2017,Jun,2017,StatusActive,200,Success,2010
340,SpaceX,USA,USA,Falcon 9 Block 3 ,25-06-2017,Jun,2017,StatusRetired,62,Success,2010
341,SpaceX,USA,USA,Falcon 9 Block 3 ,23-06-2017,Jun,2017,StatusRetired,62,Success,2010
342,VKS RF,Russia,RUS,Soyuz 2.1v/Volga ,23-06-2017,Jun,2017,StatusActive,41.8,Success,2010
343,ISRO,India,IND,PSLV-XL ,23-06-2017,Jun,2017,StatusActive,31,Success,2010
344,CASC,China,CHN,Long March 3B/E ,18-06-2017,Jun,2017,StatusActive,29.15,Partial Failure,2010
345,CASC,China,CHN,Long March 4B ,15-06-2017,Jun,2017,StatusActive,64.68,Success,2010
346,Roscosmos,Kazakhstan,KAZ,Soyuz 2.1a ,14-06-2017,Jun,2017,StatusActive,48.5,Success,2010
347,ILS,Kazakhstan,KAZ,Proton-M/Briz-M ,08-06-2017,Jun,2017,StatusActive,65,Success,2010
348,ISRO,India,IND,GSLV Mk III ,05-06-2017,Jun,2017,StatusActive,62,Success,2010
349,SpaceX,USA,USA,Falcon 9 Block 3 ,03-06-2017,Jun,2017,StatusRetired,62,Success,2010
350,Arianespace,France,FRA,Ariane 5 ECA ,01-06-2017,Jun,2017,StatusActive,200,Success,2010
351,MHI,Japan,JPN,H-IIA 202 ,01-06-2017,Jun,2017,StatusActive,90,Success,2010
352,VKS RF,Russia,RUS,Soyuz 2.1b/Fregat-M ,25-05-2017,May,2017,StatusActive,41.8,Success,2010
353,Rocket Lab,New Zealand,NZL,Electron ,25-05-2017,May,2017,StatusActive,7.5,Failure,2010
354,Arianespace,France,FRA,Soyuz ST-A/Fregat-M ,18-05-2017,May,2017,StatusActive,200,Success,2010
355,SpaceX,USA,USA,Falcon 9 Block 3 ,15-05-2017,May,2017,StatusRetired,62,Success,2010
356,ISRO,India,IND,GSLV Mk II ,05-05-2017,May,2017,StatusActive,47,Success,2010
357,Arianespace,France,FRA,Ariane 5 ECA ,04-05-2017,May,2017,StatusActive,200,Success,2010
358,SpaceX,USA,USA,Falcon 9 Block 3 ,01-05-2017,May,2017,StatusRetired,62,Success,2010
359,CASC,China,CHN,Long March 7/YZ-1A ,20-04-2017,Apr,2017,StatusActive,29.75,Success,2010
360,Roscosmos,Kazakhstan,KAZ,Soyuz FG ,20-04-2017,Apr,2017,StatusRetired,48.5,Success,2010
361,ULA,USA,USA,Atlas V 401 ,18-04-2017,Apr,2017,StatusActive,109,Success,2010
362,CASC,China,CHN,Long March 3B/E ,12-04-2017,Apr,2017,StatusActive,29.15,Success,2010
363,SpaceX,USA,USA,Falcon 9 Block 3 ,30-03-2017,Mar,2017,StatusRetired,62,Success,2010
364,ULA,USA,USA,"Delta IV Medium+ (5,4) ",19-03-2017,Mar,2017,StatusRetired,123,Success,2010
365,MHI,Japan,JPN,H-IIA 202 ,17-03-2017,Mar,2017,StatusActive,90,Success,2010
366,SpaceX,USA,USA,Falcon 9 Block 3 ,16-03-2017,Mar,2017,StatusRetired,62,Success,2010
367,Arianespace,France,FRA,Vega ,07-03-2017,Mar,2017,StatusActive,37,Success,2010
368,CASIC,China,CHN,Kaituozhe 2 ,02-03-2017,Mar,2017,StatusActive,62,Success,2010
369,ULA,USA,USA,Atlas V 401 ,01-03-2017,Mar,2017,StatusActive,109,Success,2010
370,Roscosmos,Kazakhstan,KAZ,Soyuz U ,22-02-2017,Feb,2017,StatusRetired,48.5,Success,2010
371,SpaceX,USA,USA,Falcon 9 Block 3 ,19-02-2017,Feb,2017,StatusRetired,62,Success,2010
372,ISRO,India,IND,PSLV-XL ,15-02-2017,Feb,2017,StatusActive,31,Success,2010
373,Arianespace,France,FRA,Ariane 5 ECA ,14-02-2017,Feb,2017,StatusActive,200,Success,2010
374,Arianespace,France,FRA,Soyuz ST-B/Fregat-MT ,28-01-2017,Jan,2017,StatusActive,200,Success,2010
375,MHI,Japan,JPN,H-IIA 204 ,24-01-2017,Jan,2017,StatusActive,90,Success,2010
376,ULA,USA,USA,Atlas V 401 ,21-01-2017,Jan,2017,StatusActive,109,Success,2010
377,JAXA,Japan,JPN,SS-520 ,14-01-2017,Jan,2017,StatusActive,39,Failure,2010
378,SpaceX,USA,USA,Falcon 9 Block 3 ,14-01-2017,Jan,2017,StatusRetired,62,Success,2010
379,ExPace,China,CHN,Kuaizhou 1A ,09-01-2017,Jan,2017,StatusActive,28.3,Success,2010
380,CASC,China,CHN,Long March 3B/E ,05-01-2017,Jan,2017,StatusActive,29.15,Success,2010
381,CASC,China,CHN,Long March 2D ,28-12-2016,Dec,2016,StatusActive,29.75,Partial Failure,2010
382,Arianespace,France,FRA,Ariane 5 ECA ,21-12-2016,Dec,2016,StatusActive,200,Success,2010
383,CASC,China,CHN,Long March 2D ,21-12-2016,Dec,2016,StatusActive,29.75,Success,2010
384,JAXA,Japan,JPN,Epsilon ,20-12-2016,Dec,2016,StatusActive,39,Success,2010
385,ULA,USA,USA,Atlas V 431 ,18-12-2016,Dec,2016,StatusActive,130,Success,2010
386,Northrop,USA,USA,Pegasus XL ,15-12-2016,Dec,2016,StatusActive,40,Success,2010
387,CASC,China,CHN,Long March 3B/E ,10-12-2016,Dec,2016,StatusActive,29.15,Success,2010
388,MHI,Japan,JPN,H-IIB ,09-12-2016,Dec,2016,StatusRetired,112.5,Success,2010
389,ULA,USA,USA,"Delta IV Medium+ (5,4) ",07-12-2016,Dec,2016,StatusRetired,123,Success,2010
390,ISRO,India,IND,PSLV-XL ,07-12-2016,Dec,2016,StatusActive,31,Success,2010
391,Arianespace,France,FRA,Vega ,05-12-2016,Dec,2016,StatusActive,37,Success,2010
392,Roscosmos,Kazakhstan,KAZ,Soyuz U ,01-12-2016,Dec,2016,StatusRetired,48.5,Failure,2010
393,CASC,China,CHN,Long March 3C/E ,22-11-2016,Nov,2016,StatusActive,29.75,Success,2010
394,ULA,USA,USA,Atlas V 541 ,19-11-2016,Nov,2016,StatusActive,145,Success,2010
395,Roscosmos,Kazakhstan,KAZ,Soyuz FG ,17-11-2016,Nov,2016,StatusRetired,48.5,Success,2010
396,Arianespace,France,FRA,Ariane 5 ES ,17-11-2016,Nov,2016,StatusRetired,200,Success,2010
397,CASC,China,CHN,Long March 2D ,11-11-2016,Nov,2016,StatusActive,29.75,Success,2010
398,ULA,USA,USA,Atlas V 401 ,11-11-2016,Nov,2016,StatusActive,109,Success,2010
399,CASC,China,CHN,Long March 11 ,09-11-2016,Nov,2016,StatusActive,5.3,Success,2010
400,CASC,China,CHN,Long March 5/YZ-2 ,03-11-2016,Nov,2016,StatusActive,29.75,Success,2010
401,MHI,Japan,JPN,H-IIA 202 ,02-11-2016,Nov,2016,StatusActive,90,Success,2010
402,Roscosmos,Kazakhstan,KAZ,Soyuz FG ,19-10-2016,Oct,2016,StatusRetired,48.5,Success,2010
403,Northrop,USA,USA,Antares 230 ,17-10-2016,Oct,2016,StatusRetired,85,Success,2010
404,CASC,China,CHN,Long March 2F/G ,16-10-2016,Oct,2016,StatusActive,29.75,Success,2010
405,Blue Origin,USA,USA,New Shepard ,06-10-2016,Oct,2016,StatusActive,62,Success,2010
406,Arianespace,France,FRA,Ariane 5 ECA ,05-10-2016,Oct,2016,StatusActive,200,Success,2010
407,ISRO,India,IND,PSLV-G ,26-09-2016,Sep,2016,StatusRetired,25,Success,2010
408,Arianespace,France,FRA,Vega ,16-09-2016,Sep,2016,StatusActive,37,Success,2010
409,CASC,China,CHN,Long March 2F/T ,15-09-2016,Sep,2016,StatusActive,29.75,Success,2010
410,IAI,Israel,ISR,Shavit-2 ,13-09-2016,Sep,2016,StatusActive,62,Success,2010
411,ULA,USA,USA,Atlas V 411 ,08-09-2016,Sep,2016,StatusActive,115,Success,2010
412,ISRO,India,IND,GSLV Mk II ,08-09-2016,Sep,2016,StatusActive,47,Success,2010
413,SpaceX,USA,USA,Falcon 9 Block 3 ,01-09-2016,Sep,2016,StatusRetired,62,Prelaunch Failure,2010
414,CASC,China,CHN,Long March 4C ,31-08-2016,Aug,2016,StatusActive,64.68,Failure,2010
415,Arianespace,France,FRA,Ariane 5 ECA ,24-08-2016,Aug,2016,StatusActive,200,Success,2010
416,ULA,USA,USA,"Delta IV Medium+ (4,2) ",19-08-2016,Aug,2016,StatusRetired,164,Success,2010
417,CASC,China,CHN,Long March 2D ,15-08-2016,Aug,2016,StatusActive,29.75,Success,2010
418,SpaceX,USA,USA,Falcon 9 Block 3 ,14-08-2016,Aug,2016,StatusRetired,62,Success,2010
419,CASC,China,CHN,Long March 4C ,09-08-2016,Aug,2016,StatusActive,64.68,Success,2010
420,CASC,China,CHN,Long March 3B/E ,05-08-2016,Aug,2016,StatusActive,29.15,Success,2010
421,ULA,USA,USA,Atlas V 421 ,28-07-2016,Jul,2016,StatusActive,123,Success,2010
422,SpaceX,USA,USA,Falcon 9 Block 3 ,18-07-2016,Jul,2016,StatusRetired,62,Success,2010
423,Roscosmos,Kazakhstan,KAZ,Soyuz U ,16-07-2016,Jul,2016,StatusRetired,48.5,Success,2010
424,Roscosmos,Kazakhstan,KAZ,Soyuz FG ,07-07-2016,Jul,2016,StatusRetired,48.5,Success,2010
425,CASC,China,CHN,Long March 4B ,29-06-2016,Jun,2016,StatusActive,64.68,Success,2010
426,CASC,China,CHN,Long March 7/YZ-1A ,25-06-2016,Jun,2016,StatusActive,29.75,Success,2010
427,ULA,USA,USA,Atlas V 551 ,24-06-2016,Jun,2016,StatusActive,153,Success,2010
428,ISRO,India,IND,PSLV-XL ,22-06-2016,Jun,2016,StatusActive,31,Success,2010
429,Blue Origin,USA,USA,New Shepard ,19-06-2016,Jun,2016,StatusActive,62,Success,2010
430,Arianespace,France,FRA,Ariane 5 ECA ,18-06-2016,Jun,2016,StatusActive,200,Success,2010
431,SpaceX,USA,USA,Falcon 9 Block 3 ,15-06-2016,Jun,2016,StatusRetired,62,Success,2010
432,CASC,China,CHN,Long March 3C/E ,12-06-2016,Jun,2016,StatusActive,29.75,Success,2010
433,ULA,USA,USA,Delta IV Heavy ,11-06-2016,Jun,2016,StatusActive,350,Success,2010
434,ILS,Kazakhstan,KAZ,Proton-M/Briz-M ,09-06-2016,Jun,2016,StatusActive,65,Success,2010
435,VKS RF,Russia,RUS,Rokot/Briz KM ,04-06-2016,Jun,2016,StatusRetired,41.8,Success,2010
436,CASC,China,CHN,Long March 4B ,30-05-2016,May,2016,StatusActive,64.68,Success,2010
437,VKS RF,Russia,RUS,Soyuz 2.1b/Fregat ,29-05-2016,May,2016,StatusActive,48.5,Success,2010
438,SpaceX,USA,USA,Falcon 9 Block 3 ,27-05-2016,May,2016,StatusRetired,62,Success,2010
439,Arianespace,France,FRA,Soyuz ST-B/Fregat-MT ,24-05-2016,May,2016,StatusActive,200,Success,2010
440,CASC,China,CHN,Long March 2D ,15-05-2016,May,2016,StatusActive,29.75,Success,2010
441,SpaceX,USA,USA,Falcon 9 Block 3 ,06-05-2016,May,2016,StatusRetired,62,Success,2010
442,ISRO,India,IND,PSLV-XL ,28-04-2016,Apr,2016,StatusActive,31,Success,2010
443,Roscosmos,Russia,RUS,Soyuz 2.1a/Volga ,28-04-2016,Apr,2016,StatusActive,48.5,Success,2010
444,Arianespace,France,FRA,Soyuz ST-A/Fregat-M ,25-04-2016,Apr,2016,StatusActive,200,Success,2010
445,SpaceX,USA,USA,Falcon 9 Block 3 ,08-04-2016,Apr,2016,StatusRetired,62,Success,2010
446,CASC,China,CHN,Long March 2D ,05-04-2016,Apr,2016,StatusActive,29.75,Success,2010
447,Blue Origin,USA,USA,New Shepard ,02-04-2016,Apr,2016,StatusActive,62,Success,2010
448,Roscosmos,Kazakhstan,KAZ,Soyuz 2.1a ,31-03-2016,Mar,2016,StatusActive,48.5,Success,2010
449,CASC,China,CHN,Long March 3A ,29-03-2016,Mar,2016,StatusActive,69.7,Success,2010
450,VKS RF,Russia,RUS,Soyuz 2.1a ,24-03-2016,Mar,2016,StatusActive,48.5,Success,2010
451,ULA,USA,USA,Atlas V 401 ,23-03-2016,Mar,2016,StatusActive,109,Success,2010
452,Roscosmos,Kazakhstan,KAZ,Soyuz FG ,18-03-2016,Mar,2016,StatusRetired,48.5,Success,2010
453,Roscosmos,Kazakhstan,KAZ,Proton-M/Briz-M ,14-03-2016,Mar,2016,StatusActive,65,Success,2010
454,Roscosmos,Kazakhstan,KAZ,Soyuz 2.1b ,13-03-2016,Mar,2016,StatusActive,35,Success,2010
455,ISRO,India,IND,PSLV-XL ,10-03-2016,Mar,2016,StatusActive,31,Success,2010
456,Arianespace,France,FRA,Ariane 5 ECA ,09-03-2016,Mar,2016,StatusActive,200,Success,2010
457,SpaceX,USA,USA,Falcon 9 Block 3 ,04-03-2016,Mar,2016,StatusRetired,62,Success,2010
458,MHI,Japan,JPN,H-IIA 202 ,17-02-2016,Feb,2016,StatusActive,90,Success,2010
459,Eurockot,Russia,RUS,Rokot/Briz KM ,16-02-2016,Feb,2016,StatusRetired,41.8,Success,2010
460,ULA,USA,USA,"Delta IV Medium+ (5,2) ",10-02-2016,Feb,2016,StatusRetired,123,Success,2010
461,KCST,North Korea,PRK,Unha-3 ,07-02-2016,Feb,2016,StatusActive,62,Success,2010
462,VKS RF,Russia,RUS,Soyuz 2.1b/Fregat ,07-02-2016,Feb,2016,StatusActive,48.5,Success,2010
463,ULA,USA,USA,Atlas V 401 ,05-02-2016,Feb,2016,StatusActive,109,Success,2010
464,CASC,China,CHN,Long March 3C/YZ-1 ,01-02-2016,Feb,2016,StatusActive,29.75,Success,2010
465,ILS,Kazakhstan,KAZ,Proton-M/Briz-M ,29-01-2016,Jan,2016,StatusActive,65,Success,2010
466,Arianespace,France,FRA,Ariane 5 ECA ,27-01-2016,Jan,2016,StatusActive,200,Success,2010
467,Blue Origin,USA,USA,New Shepard ,22-01-2016,Jan,2016,StatusActive,62,Success,2010
468,ISRO,India,IND,PSLV-XL ,20-01-2016,Jan,2016,StatusActive,31,Success,2010
469,SpaceX,USA,USA,Falcon 9 v1.1 ,17-01-2016,Jan,2016,StatusRetired,56.5,Success,2010
470,CASC,China,CHN,Long March 3B/E ,15-01-2016,Jan,2016,StatusActive,29.15,Success,2010
471,SpaceX,USA,USA,Falcon 9 Block 3 ,22-12-2015,Dec,2015,StatusRetired,62,Success,2010
472,Arianespace,France,FRA,Soyuz ST-B/Fregat-MT ,17-12-2015,Dec,2015,StatusActive,200,Success,2010
473,ISRO,India,IND,PSLV-CA ,16-12-2015,Dec,2015,StatusActive,21,Success,2010
474,Roscosmos,Kazakhstan,KAZ,Zenit-3 SLBF ,11-12-2015,Dec,2015,StatusActive,48.5,Success,2010
475,ULA,USA,USA,Atlas V 401 ,06-12-2015,Dec,2015,StatusActive,109,Success,2010
476,VKS RF,Russia,RUS,Soyuz 2.1v/Volga ,05-12-2015,Dec,2015,StatusActive,41.8,Partial Failure,2010
477,Arianespace,France,FRA,Vega ,03-12-2015,Dec,2015,StatusActive,37,Success,2010
478,MHI,Japan,JPN,H-IIA 204 ,24-11-2015,Nov,2015,StatusActive,90,Success,2010
479,Blue Origin,USA,USA,New Shepard ,23-11-2015,Nov,2015,StatusActive,62,Success,2010
480,Arianespace,France,FRA,Ariane 5 ECA ,10-11-2015,Nov,2015,StatusActive,200,Success,2010
481,Sandia,USA,USA,Super Stripy ,04-11-2015,Nov,2015,StatusActive,15,Failure,2010
482,ULA,USA,USA,Atlas V 401 ,31-10-2015,Oct,2015,StatusActive,109,Success,2010
483,ULA,USA,USA,Atlas V 401 ,08-10-2015,Oct,2015,StatusActive,109,Success,2010
484,ULA,USA,USA,Atlas V 421 ,02-10-2015,Oct,2015,StatusActive,123,Success,2010
485,Arianespace,France,FRA,Ariane 5 ECA ,30-09-2015,Sep,2015,StatusActive,200,Success,2010
486,ISRO,India,IND,PSLV-XL ,28-09-2015,Sep,2015,StatusActive,31,Success,2010
487,CASC,China,CHN,Long March 11 ,25-09-2015,Sep,2015,StatusActive,5.3,Success,2010
488,VKS RF,Russia,RUS,Rokot/Briz KM ,23-09-2015,Sep,2015,StatusRetired,41.8,Success,2010
489,CASC,China,CHN,Long March 6 ,19-09-2015,Sep,2015,StatusActive,29.75,Success,2010
490,Arianespace,France,FRA,Soyuz ST-B/Fregat-MT ,11-09-2015,Sep,2015,StatusActive,200,Success,2010
491,ULA,USA,USA,Atlas V 551 ,02-09-2015,Sep,2015,StatusActive,153,Success,2010
492,ISRO,India,IND,GSLV Mk II ,27-08-2015,Aug,2015,StatusActive,47,Success,2010
493,Arianespace,France,FRA,Ariane 5 ECA ,20-08-2015,Aug,2015,StatusActive,200,Success,2010
494,MHI,Japan,JPN,H-IIB ,19-08-2015,Aug,2015,StatusRetired,112.5,Success,2010
495,ULA,USA,USA,"Delta IV Medium+ (5,4) ",24-07-2015,Jul,2015,StatusRetired,123,Success,2010
496,Arianespace,France,FRA,Ariane 5 ECA ,15-07-2015,Jul,2015,StatusActive,200,Success,2010
497,ULA,USA,USA,Atlas V 401 ,15-07-2015,Jul,2015,StatusActive,109,Success,2010
498,ISRO,India,IND,PSLV-XL ,10-07-2015,Jul,2015,StatusActive,31,Success,2010
499,SpaceX,USA,USA,Falcon 9 v1.1 ,28-06-2015,Jun,2015,StatusRetired,56.5,Failure,2010
500,Arianespace,France,FRA,Vega ,23-06-2015,Jun,2015,StatusActive,37,Success,2010
501,Arianespace,France,FRA,Ariane 5 ECA ,27-05-2015,May,2015,StatusActive,200,Success,2010
502,ULA,USA,USA,Atlas V 501 ,20-05-2015,May,2015,StatusActive,120,Success,2010
503,Blue Origin,USA,USA,New Shepard ,29-04-2015,Apr,2015,StatusActive,62,Success,2010
504,SpaceX,USA,USA,Falcon 9 v1.1 ,27-04-2015,Apr,2015,StatusRetired,56.5,Success,2010
505,Arianespace,France,FRA,Ariane 5 ECA ,26-04-2015,Apr,2015,StatusActive,200,Success,2010
506,SpaceX,USA,USA,Falcon 9 v1.1 ,15-04-2015,Apr,2015,StatusRetired,56.5,Success,2010
507,VKS RF,Russia,RUS,Rokot/Briz KM ,31-03-2015,Mar,2015,StatusRetired,41.8,Success,2010
508,ISRO,India,IND,PSLV-XL ,28-03-2015,Mar,2015,StatusActive,31,Success,2010
509,Arianespace,France,FRA,Soyuz ST-B/Fregat-MT ,27-03-2015,Mar,2015,StatusActive,200,Success,2010
510,MHI,Japan,JPN,H-IIA 202 ,26-03-2015,Mar,2015,StatusActive,90,Success,2010
511,Kosmotras,Russia,RUS,Dnepr ,25-03-2015,Mar,2015,StatusRetired,29,Success,2010
512,ULA,USA,USA,"Delta IV Medium+ (4,2) ",25-03-2015,Mar,2015,StatusRetired,164,Success,2010
513,ULA,USA,USA,Atlas V 421 ,13-03-2015,Mar,2015,StatusActive,123,Success,2010
514,SpaceX,USA,USA,Falcon 9 v1.1 ,02-03-2015,Mar,2015,StatusRetired,56.5,Success,2010
515,ISA,Iran,IRN,Safir-1B+ ,17-02-2015,Feb,2015,StatusActive,62,Failure,2010
516,SpaceX,USA,USA,Falcon 9 v1.1 ,11-02-2015,Feb,2015,StatusRetired,56.5,Success,2010
517,Arianespace,France,FRA,Vega ,11-02-2015,Feb,2015,StatusActive,37,Success,2010
518,ISA,Iran,IRN,Safir-1B+ ,02-02-2015,Feb,2015,StatusActive,62,Success,2010
519,MHI,Japan,JPN,H-IIA 202 ,01-02-2015,Feb,2015,StatusActive,90,Success,2010
520,ULA,USA,USA,Delta II 7320-10C ,31-01-2015,Jan,2015,StatusRetired,123,Success,2010
521,ULA,USA,USA,Atlas V 551 ,21-01-2015,Jan,2015,StatusActive,153,Success,2010
522,SpaceX,USA,USA,Falcon 9 v1.1 ,10-01-2015,Jan,2015,StatusRetired,56.5,Success,2010
523,Khrunichev,Russia,RUS,Angara A5/Briz-M ,23-12-2014,Dec,2014,StatusActive,62,Success,2010
524,VKS RF,Kazakhstan,KAZ,Strela ,19-12-2014,Dec,2014,StatusRetired,41.8,Success,2010
525,Arianespace,France,FRA,Soyuz ST-B/Fregat-MT ,18-12-2014,Dec,2014,StatusActive,200,Success,2010
526,ISRO,India,IND,GSLV Mk III ,18-12-2014,Dec,2014,StatusActive,62,Success,2010
527,ULA,USA,USA,Atlas V 541 ,13-12-2014,Dec,2014,StatusActive,145,Success,2010
528,Arianespace,France,FRA,Ariane 5 ECA ,06-12-2014,Dec,2014,StatusActive,200,Success,2010
529,ULA,USA,USA,Delta IV Heavy ,05-12-2014,Dec,2014,StatusActive,350,Success,2010
530,MHI,Japan,JPN,H-IIA 202 ,03-12-2014,Dec,2014,StatusActive,90,Success,2010
531,CASIC,China,CHN,Kuaizhou 1 ,21-11-2014,Nov,2014,StatusRetired,62,Success,2010
532,Kosmotras,Russia,RUS,Dnepr ,06-11-2014,Nov,2014,StatusRetired,29,Success,2010
533,ULA,USA,USA,Atlas V 401 ,29-10-2014,Oct,2014,StatusActive,109,Success,2010
534,Northrop,USA,USA,Antares 130 ,28-10-2014,Oct,2014,StatusRetired,80,Failure,2010
535,Arianespace,France,FRA,Ariane 5 ECA ,16-10-2014,Oct,2014,StatusActive,200,Success,2010
536,ISRO,India,IND,PSLV-XL ,16-10-2014,Oct,2014,StatusActive,31,Success,2010
537,MHI,Japan,JPN,H-IIA 202 ,07-10-2014,Oct,2014,StatusActive,90,Success,2010
538,SpaceX,USA,USA,Falcon 9 v1.1 ,21-09-2014,Sep,2014,StatusRetired,56.5,Success,2010
539,ULA,USA,USA,Atlas V 401 ,17-09-2014,Sep,2014,StatusActive,109,Success,2010
540,Arianespace,France,FRA,Ariane 5 ECA ,11-09-2014,Sep,2014,StatusActive,200,Success,2010
541,SpaceX,USA,USA,Falcon 9 v1.1 ,07-09-2014,Sep,2014,StatusRetired,56.5,Success,2010
542,Arianespace,France,FRA,Soyuz ST-B/Fregat-MT ,22-08-2014,Aug,2014,StatusActive,200,Partial Failure,2010
543,ULA,USA,USA,Atlas V 401 ,13-08-2014,Aug,2014,StatusActive,109,Success,2010
544,SpaceX,USA,USA,Falcon 9 v1.1 ,05-08-2014,Aug,2014,StatusRetired,56.5,Success,2010
545,ULA,USA,USA,Atlas V 401 ,02-08-2014,Aug,2014,StatusActive,109,Success,2010
546,Arianespace,France,FRA,Ariane 5 ES ,29-07-2014,Jul,2014,StatusRetired,200,Success,2010
547,ULA,USA,USA,"Delta IV Medium+ (4,2) ",28-07-2014,Jul,2014,StatusRetired,164,Success,2010
548,SpaceX,USA,USA,Falcon 9 v1.1 ,14-07-2014,Jul,2014,StatusRetired,56.5,Success,2010
549,Northrop,USA,USA,Antares 120 ,13-07-2014,Jul,2014,StatusRetired,80,Success,2010
550,Arianespace,France,FRA,Soyuz ST-B/Fregat-MT ,10-07-2014,Jul,2014,StatusActive,200,Success,2010
551,VKS RF,Russia,RUS,Angara 1.2 ,09-07-2014,Jul,2014,StatusActive,41.8,Success,2010
552,VKS RF,Russia,RUS,Rokot/Briz KM ,03-07-2014,Jul,2014,StatusRetired,41.8,Success,2010
553,ULA,USA,USA,Delta II 7320-10C ,02-07-2014,Jul,2014,StatusRetired,123,Success,2010
554,ISRO,India,IND,PSLV-CA ,30-06-2014,Jun,2014,StatusActive,21,Success,2010
555,Kosmotras,Russia,RUS,Dnepr ,19-06-2014,Jun,2014,StatusRetired,29,Success,2010
556,Sea Launch,Pacific Ocean,#N/A,Zenit-3 SL ,24-05-2014,May,2014,StatusActive,62,Success,2010
557,MHI,Japan,JPN,H-IIA 202 ,24-05-2014,May,2014,StatusActive,90,Success,2010
558,VKS RF,Russia,RUS,Rokot/Briz KM ,23-05-2014,May,2014,StatusRetired,41.8,Success,2010
559,ULA,USA,USA,Atlas V 401 ,22-05-2014,May,2014,StatusActive,109,Success,2010
560,ULA,USA,USA,"Delta IV Medium+ (4,2) ",17-05-2014,May,2014,StatusRetired,164,Success,2010
561,Arianespace,France,FRA,Vega ,30-04-2014,Apr,2014,StatusActive,37,Success,2010
562,SpaceX,USA,USA,Falcon 9 v1.1 ,18-04-2014,Apr,2014,StatusRetired,56.5,Success,2010
563,ULA,USA,USA,Atlas V 541 ,10-04-2014,Apr,2014,StatusActive,145,Success,2010
564,IAI,Israel,ISR,Shavit-2 ,09-04-2014,Apr,2014,StatusActive,62,Success,2010
565,ISRO,India,IND,PSLV-XL ,04-04-2014,Apr,2014,StatusActive,31,Success,2010
566,Arianespace,France,FRA,Soyuz ST-A/Fregat-M ,03-04-2014,Apr,2014,StatusActive,200,Success,2010
567,ULA,USA,USA,Atlas V 401 ,03-04-2014,Apr,2014,StatusActive,109,Success,2010
568,Arianespace,France,FRA,Ariane 5 ECA ,22-03-2014,Mar,2014,StatusActive,200,Success,2010
569,MHI,Japan,JPN,H-IIA 202 ,27-02-2014,Feb,2014,StatusActive,90,Success,2010
570,ULA,USA,USA,"Delta IV Medium+ (4,2) ",21-02-2014,Feb,2014,StatusRetired,164,Success,2010
571,Arianespace,France,FRA,Ariane 5 ECA ,06-02-2014,Feb,2014,StatusActive,200,Success,2010
572,ULA,USA,USA,Atlas V 401 ,24-01-2014,Jan,2014,StatusActive,109,Success,2010
573,Northrop,USA,USA,Antares 120 ,09-01-2014,Jan,2014,StatusRetired,80,Success,2010
574,SpaceX,USA,USA,Falcon 9 v1.1 ,06-01-2014,Jan,2014,StatusRetired,56.5,Success,2010
575,ISRO,India,IND,GSLV Mk II ,05-01-2014,Jan,2014,StatusActive,47,Success,2010
576,VKS RF,Russia,RUS,Soyuz 2.1v/Volga ,28-12-2013,Dec,2013,StatusActive,41.8,Success,2010
577,VKS RF,Russia,RUS,Rokot/Briz KM ,25-12-2013,Dec,2013,StatusRetired,41.8,Success,2010
578,Arianespace,France,FRA,Soyuz ST-B/Fregat-MT ,19-12-2013,Dec,2013,StatusActive,200,Success,2010
579,ULA,USA,USA,Atlas V 501 ,06-12-2013,Dec,2013,StatusActive,120,Success,2010
580,SpaceX,USA,USA,Falcon 9 v1.1 ,03-12-2013,Dec,2013,StatusRetired,56.5,Success,2010
581,VKS RF,Russia,RUS,Rokot/Briz KM ,22-11-2013,Nov,2013,StatusRetired,41.8,Success,2010
582,Kosmotras,Russia,RUS,Dnepr ,21-11-2013,Nov,2013,StatusRetired,29,Success,2010
583,Northrop,USA,USA,Minotaur I ,20-11-2013,Nov,2013,StatusActive,40,Success,2010
584,ULA,USA,USA,Atlas V 401 ,18-11-2013,Nov,2013,StatusActive,109,Success,2010
585,ISRO,India,IND,PSLV-XL ,05-11-2013,Nov,2013,StatusActive,31,Success,2010
586,SpaceX,USA,USA,Falcon 9 v1.1 ,29-09-2013,Sep,2013,StatusRetired,56.5,Success,2010
587,CASIC,China,CHN,Kuaizhou 1 ,25-09-2013,Sep,2013,StatusRetired,62,Success,2010
588,ULA,USA,USA,Atlas V 531 ,18-09-2013,Sep,2013,StatusActive,140,Success,2010
589,JAXA,Japan,JPN,Epsilon Demo ,14-09-2013,Sep,2013,StatusRetired,39,Success,2010
590,Northrop,USA,USA,Antares 110 ,13-09-2013,Sep,2013,StatusRetired,80,Success,2010
591,VKS RF,Russia,RUS,Rokot/Briz KM ,11-09-2013,Sep,2013,StatusRetired,41.8,Success,2010
592,Northrop,USA,USA,Minotaur V ,07-09-2013,Sep,2013,StatusActive,55,Success,2010
593,Land Launch,Kazakhstan,KAZ,Zenit-3 SLB ,31-08-2013,Aug,2013,StatusActive,62,Success,2010
594,Arianespace,France,FRA,Ariane 5 ECA ,29-08-2013,Aug,2013,StatusActive,200,Success,2010
595,ULA,USA,USA,Delta IV Heavy ,28-08-2013,Aug,2013,StatusActive,350,Success,2010
596,Kosmotras,Russia,RUS,Dnepr ,22-08-2013,Aug,2013,StatusRetired,29,Success,2010
597,ULA,USA,USA,"Delta IV Medium+ (5,4) ",08-08-2013,Aug,2013,StatusRetired,123,Success,2010
598,MHI,Japan,JPN,H-IIB ,03-08-2013,Aug,2013,StatusRetired,112.5,Success,2010
599,Arianespace,France,FRA,Ariane 5 ECA ,25-07-2013,Jul,2013,StatusActive,200,Success,2010
600,ULA,USA,USA,Atlas V 551 ,19-07-2013,Jul,2013,StatusActive,153,Success,2010
601,VKS RF,Kazakhstan,KAZ,Proton-M/DM-3 ,02-07-2013,Jul,2013,StatusActive,65,Failure,2010
602,ISRO,India,IND,PSLV-XL ,01-07-2013,Jul,2013,StatusActive,31,Success,2010
603,Northrop,USA,USA,Pegasus XL ,28-06-2013,Jun,2013,StatusActive,40,Success,2010
604,VKS RF,Kazakhstan,KAZ,Strela ,27-06-2013,Jun,2013,StatusRetired,41.8,Success,2010
605,Arianespace,France,FRA,Soyuz ST-B/Fregat-MT ,25-06-2013,Jun,2013,StatusActive,200,Success,2010
606,CASC,China,CHN,Long March 2F/G ,11-06-2013,Jun,2013,StatusActive,29.75,Success,2010
607,Arianespace,France,FRA,Ariane 5 ES ,05-06-2013,Jun,2013,StatusRetired,200,Success,2010
608,ULA,USA,USA,"Delta IV Medium+ (5,4) ",25-05-2013,May,2013,StatusRetired,123,Success,2010
609,ULA,USA,USA,Atlas V 401 ,15-05-2013,May,2013,StatusActive,109,Success,2010
610,Arianespace,France,FRA,Vega ,07-05-2013,May,2013,StatusActive,37,Success,2010
611,Northrop,USA,USA,Antares 110 ,21-04-2013,Apr,2013,StatusRetired,80,Success,2010
612,ULA,USA,USA,Atlas V 401 ,19-03-2013,Mar,2013,StatusActive,109,Success,2010
613,SpaceX,USA,USA,Falcon 9 v1.0 ,01-03-2013,Mar,2013,StatusRetired,59.5,Success,2010
614,ISRO,India,IND,PSLV-CA ,25-02-2013,Feb,2013,StatusActive,21,Success,2010
615,ULA,USA,USA,Atlas V 401 ,11-02-2013,Feb,2013,StatusActive,109,Success,2010
616,Arianespace,France,FRA,Ariane 5 ECA ,07-02-2013,Feb,2013,StatusActive,200,Success,2010
617,Sea Launch,Pacific Ocean,#N/A,Zenit-3 SL ,01-02-2013,Feb,2013,StatusActive,62,Failure,2010
618,ULA,USA,USA,Atlas V 401 ,31-01-2013,Jan,2013,StatusActive,109,Success,2010
619,KARI,South Korea,KOR,Naro-1 ,30-01-2013,Jan,2013,StatusRetired,62,Success,2010
620,MHI,Japan,JPN,H-IIA 202 ,27-01-2013,Jan,2013,StatusActive,90,Success,2010
621,VKS RF,Russia,RUS,Rokot/Briz KM ,15-01-2013,Jan,2013,StatusRetired,41.8,Partial Failure,2010
622,Arianespace,France,FRA,Ariane 5 ECA ,19-12-2012,Dec,2012,StatusActive,200,Success,2010
623,KCST,North Korea,PRK,Unha-3 ,12-12-2012,Dec,2012,StatusActive,62,Success,2010
624,ULA,USA,USA,Atlas V 501 ,11-12-2012,Dec,2012,StatusActive,120,Success,2010
625,Sea Launch,Pacific Ocean,#N/A,Zenit-3 SL ,03-12-2012,Dec,2012,StatusActive,62,Success,2010
626,Arianespace,France,FRA,Soyuz ST-A/Fregat ,02-12-2012,Dec,2012,StatusActive,80,Success,2010
627,Arianespace,France,FRA,Ariane 5 ECA ,10-11-2012,Nov,2012,StatusActive,200,Success,2010
628,Arianespace,France,FRA,Soyuz ST-B/Fregat-MT ,12-10-2012,Oct,2012,StatusActive,200,Success,2010
629,SpaceX,USA,USA,Falcon 9 v1.0 ,08-10-2012,Oct,2012,StatusRetired,59.5,Partial Failure,2010
630,ULA,USA,USA,"Delta IV Medium+ (4,2) ",04-10-2012,Oct,2012,StatusRetired,164,Success,2010
631,Arianespace,France,FRA,Ariane 5 ECA ,28-09-2012,Sep,2012,StatusActive,200,Success,2010
632,ISA,Iran,IRN,Safir-1B+ ,22-09-2012,Sep,2012,StatusActive,62,Failure,2010
633,ULA,USA,USA,Atlas V 401 ,13-09-2012,Sep,2012,StatusActive,109,Success,2010
634,ISRO,India,IND,PSLV-CA ,09-09-2012,Sep,2012,StatusActive,21,Success,2010
635,ULA,USA,USA,Atlas V 401 ,30-08-2012,Aug,2012,StatusActive,109,Success,2010
636,Sea Launch,Pacific Ocean,#N/A,Zenit-3 SL ,19-08-2012,Aug,2012,StatusActive,62,Success,2010
637,Arianespace,France,FRA,Ariane 5 ECA ,02-08-2012,Aug,2012,StatusActive,200,Success,2010
638,VKS RF,Russia,RUS,Rokot/Briz KM ,28-07-2012,Jul,2012,StatusRetired,41.8,Success,2010
639,MHI,Japan,JPN,H-IIB ,21-07-2012,Jul,2012,StatusRetired,112.5,Success,2010
640,Arianespace,France,FRA,Ariane 5 ECA ,05-07-2012,Jul,2012,StatusActive,200,Success,2010
641,ULA,USA,USA,Delta IV Heavy ,29-06-2012,Jun,2012,StatusActive,350,Success,2010
642,ULA,USA,USA,Atlas V 401 ,20-06-2012,Jun,2012,StatusActive,109,Success,2010
643,CASC,China,CHN,Long March 2F/G ,16-06-2012,Jun,2012,StatusActive,29.75,Success,2010
644,Northrop,USA,USA,Pegasus XL ,13-06-2012,Jun,2012,StatusActive,40,Success,2010
645,Sea Launch,Pacific Ocean,#N/A,Zenit-3 SL ,01-06-2012,Jun,2012,StatusActive,62,Success,2010
646,ISA,Iran,IRN,Safir-1B+ ,23-05-2012,May,2012,StatusActive,62,Failure,2010
647,SpaceX,USA,USA,Falcon 9 v1.0 ,22-05-2012,May,2012,StatusRetired,59.5,Success,2010
648,MHI,Japan,JPN,H-IIA 202 ,17-05-2012,May,2012,StatusActive,90,Success,2010
649,Arianespace,France,FRA,Ariane 5 ECA ,15-05-2012,May,2012,StatusActive,200,Success,2010
650,ULA,USA,USA,Atlas V 531 ,04-05-2012,May,2012,StatusActive,140,Success,2010
651,ISRO,India,IND,PSLV-XL ,26-04-2012,Apr,2012,StatusActive,31,Success,2010
652,ISRO,India,IND,PSLV-XL ,26-04-2012,Apr,2012,StatusActive,31,Success,2010
653,KCST,North Korea,PRK,Unha-3 ,12-04-2012,Apr,2012,StatusActive,62,Failure,2010
654,ULA,USA,USA,"Delta IV Medium+ (5,2) ",03-04-2012,Apr,2012,StatusRetired,123,Success,2010
655,Arianespace,France,FRA,Ariane 5 ES ,23-03-2012,Mar,2012,StatusRetired,200,Success,2010
656,ULA,USA,USA,Atlas V 551 ,24-02-2012,Feb,2012,StatusActive,153,Success,2010
657,ESA,France,FRA,Vega ,13-02-2012,Feb,2012,StatusActive,37,Success,2010
658,ISA,Iran,IRN,Safir-1B ,03-02-2012,Feb,2012,StatusRetired,62,Success,2010
659,ULA,USA,USA,"Delta IV Medium+ (5,4) ",20-01-2012,Jan,2012,StatusRetired,123,Success,2010
660,Arianespace,France,FRA,Soyuz ST-A/Fregat ,17-12-2011,Dec,2011,StatusActive,80,Success,2010
661,MHI,Japan,JPN,H-IIA 202 ,12-12-2011,Dec,2011,StatusActive,90,Success,2010
662,ULA,USA,USA,Atlas V 541 ,26-11-2011,Nov,2011,StatusActive,145,Success,2010
663,Roscosmos,Kazakhstan,KAZ,Zenit-2 FG ,08-11-2011,Nov,2011,StatusActive,48.5,Success,2010
664,CASC,China,CHN,Long March 2F/G ,31-10-2011,Oct,2011,StatusActive,29.75,Success,2010
665,ULA,USA,USA,Delta II 7920-10C ,28-10-2011,Oct,2011,StatusRetired,123,Success,2010
666,Arianespace,France,FRA,Soyuz ST-B/Fregat-MT ,21-10-2011,Oct,2011,StatusActive,200,Success,2010
667,ISRO,India,IND,PSLV-CA ,12-10-2011,Oct,2011,StatusActive,21,Success,2010
668,Land Launch,Kazakhstan,KAZ,Zenit-3 SLB ,05-10-2011,Oct,2011,StatusActive,62,Success,2010
669,CASC,China,CHN,Long March 2F/T ,29-09-2011,Sep,2011,StatusActive,29.75,Success,2010
670,Northrop,USA,USA,Minotaur IV ,27-09-2011,Sep,2011,StatusActive,46,Success,2010
671,Sea Launch,Pacific Ocean,#N/A,Zenit-3 SL ,24-09-2011,Sep,2011,StatusActive,62,Success,2010
672,MHI,Japan,JPN,H-IIA 202 ,23-09-2011,Sep,2011,StatusActive,90,Success,2010
673,Arianespace,France,FRA,Ariane 5 ECA ,21-09-2011,Sep,2011,StatusActive,200,Success,2010
674,MHI,Japan,JPN,H-IIA 202 ,11-09-2011,Sep,2011,StatusActive,90,Success,2010
675,ULA,USA,USA,Delta II 7920H-10C ,10-09-2011,Sep,2011,StatusRetired,123,Success,2010
676,Kosmotras,Russia,RUS,Dnepr ,17-08-2011,Aug,2011,StatusRetired,29,Success,2010
677,Arianespace,France,FRA,Ariane 5 ECA ,06-08-2011,Aug,2011,StatusActive,200,Success,2010
678,ULA,USA,USA,Atlas V 551 ,05-08-2011,Aug,2011,StatusActive,153,Success,2010
679,Roscosmos,Kazakhstan,KAZ,Zenit-3 SLBF ,18-07-2011,Jul,2011,StatusActive,48.5,Success,2010
680,ULA,USA,USA,"Delta IV Medium+ (4,2) ",16-07-2011,Jul,2011,StatusRetired,164,Success,2010
681,ISRO,India,IND,PSLV-XL ,15-07-2011,Jul,2011,StatusActive,31,Success,2010
682,NASA,USA,USA,Space Shuttle Atlantis ,08-07-2011,Jul,2011,StatusRetired,450,Success,2010
683,Northrop,USA,USA,Minotaur I ,30-06-2011,Jun,2011,StatusActive,40,Success,2010
684,ISA,Iran,IRN,Safir-1A ,15-06-2011,Jun,2011,StatusRetired,62,Success,2010
685,ULA,USA,USA,Delta II 7320-10C ,10-06-2011,Jun,2011,StatusRetired,123,Success,2010
686,Arianespace,France,FRA,Ariane 5 ECA ,20-05-2011,May,2011,StatusActive,200,Success,2010
687,NASA,USA,USA,Space Shuttle Endeavour ,16-05-2011,May,2011,StatusRetired,450,Success,2010
688,ULA,USA,USA,Atlas V 401 ,07-05-2011,May,2011,StatusActive,109,Success,2010
689,Arianespace,France,FRA,Ariane 5 ECA ,22-04-2011,Apr,2011,StatusActive,200,Success,2010
690,ISRO,India,IND,PSLV-G ,20-04-2011,Apr,2011,StatusRetired,25,Success,2010
691,ULA,USA,USA,Atlas V 411 ,15-04-2011,Apr,2011,StatusActive,115,Success,2010
692,ULA,USA,USA,"Delta IV Medium+ (4,2) ",11-03-2011,Mar,2011,StatusRetired,164,Success,2010
693,ULA,USA,USA,Atlas V 501 ,05-03-2011,Mar,2011,StatusActive,120,Success,2010
694,Northrop,USA,USA,Minotaur C (Taurus) ,04-03-2011,Mar,2011,StatusActive,45,Failure,2010
695,NASA,USA,USA,Space Shuttle Discovery ,24-02-2011,Feb,2011,StatusRetired,450,Success,2010
696,Arianespace,France,FRA,Ariane 5 ES ,15-02-2011,Feb,2011,StatusRetired,200,Success,2010
697,Northrop,USA,USA,Minotaur I ,06-02-2011,Feb,2011,StatusActive,40,Success,2010
698,VKS RF,Russia,RUS,Rokot/Briz KM ,01-02-2011,Feb,2011,StatusRetired,41.8,Partial Failure,2010
699,MHI,Japan,JPN,H-IIB ,22-01-2011,Jan,2011,StatusRetired,112.5,Success,2010
700,ULA,USA,USA,Delta IV Heavy ,20-01-2011,Jan,2011,StatusActive,350,Success,2010
701,Roscosmos,Kazakhstan,KAZ,Zenit-3 SLBF ,20-01-2011,Jan,2011,StatusActive,48.5,Success,2010
702,Arianespace,France,FRA,Ariane 5 ECA ,29-12-2010,Dec,2010,StatusActive,200,Success,2010
703,ISRO,India,IND,GSLV Mk I ,25-12-2010,Dec,2010,StatusRetired,47,Failure,2010
704,SpaceX,USA,USA,Falcon 9 v1.0 ,08-12-2010,Dec,2010,StatusRetired,59.5,Success,2010
705,Arianespace,France,FRA,Ariane 5 ECA ,26-11-2010,Nov,2010,StatusActive,200,Success,2010
706,ULA,USA,USA,Delta IV Heavy ,21-11-2010,Nov,2010,StatusActive,350,Success,2010
707,Northrop,USA,USA,Minotaur IV ,20-11-2010,Nov,2010,StatusActive,46,Success,2010
708,ULA,USA,USA,Delta II 7420-10C ,06-11-2010,Nov,2010,StatusRetired,123,Success,2010
709,Arianespace,France,FRA,Ariane 5 ECA ,28-10-2010,Oct,2010,StatusActive,200,Success,2010
710,VKS RF,Russia,RUS,Molniya-M /Block 2BL ,30-09-2010,Sep,2010,StatusRetired,41.8,Success,2010
711,Northrop,USA,USA,Minotaur IV ,26-09-2010,Sep,2010,StatusActive,46,Success,2010
712,ULA,USA,USA,Atlas V 501 ,21-09-2010,Sep,2010,StatusActive,120,Success,2010
713,VKS RF,Russia,RUS,Rokot/Briz KM ,08-09-2010,Sep,2010,StatusRetired,41.8,Success,2010
714,ULA,USA,USA,Atlas V 531 ,14-08-2010,Aug,2010,StatusActive,140,Success,2010
715,Arianespace,France,FRA,Ariane 5 ECA ,04-08-2010,Aug,2010,StatusActive,200,Success,2010
716,ISRO,India,IND,PSLV-CA ,12-07-2010,Jul,2010,StatusActive,21,Success,2010
717,Arianespace,France,FRA,Ariane 5 ECA ,26-06-2010,Jun,2010,StatusActive,200,Success,2010
718,IAI,Israel,ISR,Shavit-2 ,22-06-2010,Jun,2010,StatusActive,62,Success,2010
719,Kosmotras,Kazakhstan,KAZ,Dnepr ,21-06-2010,Jun,2010,StatusRetired,29,Success,2010
720,Kosmotras,Russia,RUS,Dnepr ,15-06-2010,Jun,2010,StatusRetired,29,Success,2010
721,KARI,South Korea,KOR,Naro-1 ,10-06-2010,Jun,2010,StatusRetired,62,Failure,2010
722,SpaceX,USA,USA,Falcon 9 v1.0 ,04-06-2010,Jun,2010,StatusRetired,59.5,Success,2010
723,Eurockot,Russia,RUS,Rokot/Briz KM ,02-06-2010,Jun,2010,StatusRetired,41.8,Success,2010
724,ULA,USA,USA,"Delta IV Medium+ (4,2) ",28-05-2010,May,2010,StatusRetired,164,Success,2010
725,Arianespace,France,FRA,Ariane 5 ECA ,21-05-2010,May,2010,StatusActive,200,Success,2010
726,NASA,USA,USA,Space Shuttle Atlantis ,14-05-2010,May,2010,StatusRetired,450,Success,2010
727,MHI,Japan,JPN,H-IIA 202 ,10-05-2010,May,2010,StatusActive,90,Success,2010
728,Roscosmos,Kazakhstan,KAZ,Soyuz U ,28-04-2010,Apr,2010,StatusRetired,48.5,Success,2010
729,VKS RF,Russia,RUS,Cosmos-3M (11K65M) ,27-04-2010,Apr,2010,StatusRetired,41.8,Success,2010
730,ULA,USA,USA,Atlas V 501 ,22-04-2010,Apr,2010,StatusActive,120,Success,2010
731,ISRO,India,IND,GSLV Mk II ,15-04-2010,Apr,2010,StatusActive,47,Failure,2010
732,Kosmotras,Kazakhstan,KAZ,Dnepr ,08-04-2010,Apr,2010,StatusRetired,29,Success,2010
733,NASA,USA,USA,Space Shuttle Discovery ,05-04-2010,Apr,2010,StatusRetired,450,Success,2010
734,Roscosmos,Kazakhstan,KAZ,Soyuz FG ,02-04-2010,Apr,2010,StatusRetired,48.5,Success,2010
735,ULA,USA,USA,"Delta IV Medium+ (4,2) ",04-03-2010,Mar,2010,StatusRetired,164,Success,2010
736,ULA,USA,USA,Atlas V 401 ,11-02-2010,Feb,2010,StatusActive,109,Success,2010
737,NASA,USA,USA,Space Shuttle Endeavour ,08-02-2010,Feb,2010,StatusRetired,450,Success,2010
738,Roscosmos,Kazakhstan,KAZ,Soyuz U ,03-02-2010,Feb,2010,StatusRetired,48.5,Success,2010
739,Arianespace,France,FRA,Ariane 5 GS ,18-12-2009,Dec,2009,StatusRetired,200,Success,2000
740,ULA,USA,USA,Delta II 7320-10C ,14-12-2009,Dec,2009,StatusRetired,123,Success,2000
741,ULA,USA,USA,"Delta IV Medium+ (5,4) ",06-12-2009,Dec,2009,StatusRetired,123,Success,2000
742,Land Launch,Kazakhstan,KAZ,Zenit-3 SLB ,30-11-2009,Nov,2009,StatusActive,62,Success,2000
743,MHI,Japan,JPN,H-IIA 202 ,28-11-2009,Nov,2009,StatusActive,90,Success,2000
744,ULA,USA,USA,Atlas V 431 ,23-11-2009,Nov,2009,StatusActive,130,Success,2000
745,NASA,USA,USA,Space Shuttle Atlantis ,16-11-2009,Nov,2009,StatusRetired,450,Success,2000
746,Eurockot,Russia,RUS,Rokot/Briz KM ,02-11-2009,Nov,2009,StatusRetired,41.8,Success,2000
747,Arianespace,France,FRA,Ariane 5 ECA ,29-10-2009,Oct,2009,StatusActive,200,Success,2000
748,NASA,USA,USA,Ares 1-X ,28-10-2009,Oct,2009,StatusRetired,450,Success,2000
749,ULA,USA,USA,Atlas V 401 ,18-10-2009,Oct,2009,StatusActive,109,Success,2000
750,ULA,USA,USA,Delta II 7920-10C ,08-10-2009,Oct,2009,StatusRetired,123,Success,2000
751,Arianespace,France,FRA,Ariane 5 ECA ,01-10-2009,Oct,2009,StatusActive,200,Success,2000
752,ULA,USA,USA,Delta II 7920-10C ,25-09-2009,Sep,2009,StatusRetired,123,Success,2000
753,ISRO,India,IND,PSLV-CA ,23-09-2009,Sep,2009,StatusActive,21,Success,2000
754,MHI,Japan,JPN,H-IIB ,10-09-2009,Sep,2009,StatusRetired,112.5,Success,2000
755,ULA,USA,USA,Atlas V 401 ,08-09-2009,Sep,2009,StatusActive,109,Success,2000
756,NASA,USA,USA,Space Shuttle Discovery ,28-08-2009,Aug,2009,StatusRetired,450,Success,2000
757,KARI,South Korea,KOR,Naro-1 ,25-08-2009,Aug,2009,StatusRetired,62,Failure,2000
758,Arianespace,France,FRA,Ariane 5 ECA ,21-08-2009,Aug,2009,StatusActive,200,Success,2000
759,ULA,USA,USA,Delta II 7925 ,17-08-2009,Aug,2009,StatusRetired,123,Success,2000
760,Kosmotras,Kazakhstan,KAZ,Dnepr ,29-07-2009,Jul,2009,StatusRetired,29,Success,2000
761,VKS RF,Russia,RUS,Cosmos-3M (11K65M) ,21-07-2009,Jul,2009,StatusRetired,41.8,Success,2000
762,NASA,USA,USA,Space Shuttle Endeavour ,15-07-2009,Jul,2009,StatusRetired,450,Success,2000
763,SpaceX,USA,USA,Falcon 1 ,14-07-2009,Jul,2009,StatusRetired,7,Success,2000
764,VKS RF,Russia,RUS,Rokot/Briz KM ,06-07-2009,Jul,2009,StatusRetired,41.8,Success,2000
765,Arianespace,France,FRA,Ariane 5 ECA ,01-07-2009,Jul,2009,StatusActive,200,Success,2000
766,ULA,USA,USA,"Delta IV Medium+ (4,2) ",27-06-2009,Jun,2009,StatusRetired,164,Success,2000
767,Land Launch,Kazakhstan,KAZ,Zenit-3 SLB ,21-06-2009,Jun,2009,StatusActive,62,Success,2000
768,ULA,USA,USA,Atlas V 421 ,18-06-2009,Jun,2009,StatusActive,123,Success,2000
769,Northrop,USA,USA,Minotaur I ,19-05-2009,May,2009,StatusActive,40,Success,2000
770,Arianespace,France,FRA,Ariane 5 ECA ,14-05-2009,May,2009,StatusActive,200,Success,2000
771,NASA,USA,USA,Space Shuttle Atlantis ,11-05-2009,May,2009,StatusRetired,450,Success,2000
772,ULA,USA,USA,Delta II 7920-10C ,05-05-2009,May,2009,StatusRetired,123,Success,2000
773,Sea Launch,Pacific Ocean,#N/A,Zenit-3 SL ,20-04-2009,Apr,2009,StatusActive,62,Success,2000
774,ISRO,India,IND,PSLV-CA ,20-04-2009,Apr,2009,StatusActive,21,Success,2000
775,KCST,North Korea,PRK,Unha-2 ,05-04-2009,Apr,2009,StatusRetired,62,Failure,2000
776,ULA,USA,USA,Atlas V 421 ,04-04-2009,Apr,2009,StatusActive,123,Success,2000
777,ULA,USA,USA,Delta II 7925 ,24-03-2009,Mar,2009,StatusRetired,123,Success,2000
778,Eurockot,Russia,RUS,Rokot/Briz KM ,17-03-2009,Mar,2009,StatusRetired,41.8,Success,2000
779,NASA,USA,USA,Space Shuttle Discovery ,15-03-2009,Mar,2009,StatusRetired,450,Success,2000
780,ULA,USA,USA,Delta II 7925-10L ,07-03-2009,Mar,2009,StatusRetired,123,Success,2000
781,Land Launch,Kazakhstan,KAZ,Zenit-3 SLB ,26-02-2009,Feb,2009,StatusActive,62,Success,2000
782,Northrop,USA,USA,Minotaur C (Taurus) ,24-02-2009,Feb,2009,StatusActive,45,Failure,2000
783,Arianespace,France,FRA,Ariane 5 ECA ,12-02-2009,Feb,2009,StatusActive,200,Success,2000
784,ULA,USA,USA,Delta II 7320-10C ,06-02-2009,Feb,2009,StatusRetired,123,Success,2000
785,ISA,Iran,IRN,Safir-1 ,02-02-2009,Feb,2009,StatusRetired,62,Success,2000
786,VKS RF,Russia,RUS,Tsyklon-3 ,30-01-2009,Jan,2009,StatusRetired,41.8,Success,2000
787,MHI,Japan,JPN,H-IIA 202 ,23-01-2009,Jan,2009,StatusActive,90,Success,2000
788,ULA,USA,USA,Delta IV Heavy ,18-01-2009,Jan,2009,StatusActive,350,Success,2000
789,Arianespace,France,FRA,Ariane 5 ECA ,20-12-2008,Dec,2008,StatusActive,200,Success,2000
790,VKS RF,Russia,RUS,Molniya-M /Block 2BL ,02-12-2008,Dec,2008,StatusRetired,41.8,Success,2000
791,NASA,USA,USA,Space Shuttle Endeavour ,15-11-2008,Nov,2008,StatusRetired,450,Success,2000
792,CASC,China,CHN,Long March 2D ,05-11-2008,Nov,2008,StatusActive,29.75,Success,2000
793,CASC,China,CHN,Long March 2D ,05-11-2008,Nov,2008,StatusActive,29.75,Success,2000
794,CASC,China,CHN,Long March 3B/E ,29-10-2008,Oct,2008,StatusActive,29.15,Success,2000
795,ULA,USA,USA,Delta II 7420-10C ,25-10-2008,Oct,2008,StatusRetired,123,Success,2000
796,CASC,China,CHN,Long March 4B ,25-10-2008,Oct,2008,StatusActive,64.68,Success,2000
797,ISRO,India,IND,PSLV-XL ,22-10-2008,Oct,2008,StatusActive,31,Success,2000
798,Northrop,USA,USA,Pegasus XL ,19-10-2008,Oct,2008,StatusActive,40,Success,2000
799,Kosmotras,Russia,RUS,Dnepr ,01-10-2008,Oct,2008,StatusRetired,29,Success,2000
800,SpaceX,USA,USA,Falcon 1 ,28-09-2008,Sep,2008,StatusRetired,7,Success,2000
801,CASC,China,CHN,Long March 2F/G ,28-09-2008,Sep,2008,StatusActive,64.68,Success,2000
802,Sea Launch,Pacific Ocean,#N/A,Zenit-3 SL ,24-09-2008,Sep,2008,StatusActive,62,Success,2000
803,ULA,USA,USA,Delta II 7420-10C ,06-09-2008,Sep,2008,StatusRetired,123,Success,2000
804,CASC,China,CHN,Long March 2C/SMA ,06-09-2008,Sep,2008,StatusActive,64.68,Success,2000
805,Kosmotras,Kazakhstan,KAZ,Dnepr ,29-08-2008,Aug,2008,StatusRetired,29,Success,2000
806,ISA,Iran,IRN,Safir-1 ,17-08-2008,Aug,2008,StatusRetired,62,Failure,2000
807,Arianespace,France,FRA,Ariane 5 ECA ,14-08-2008,Aug,2008,StatusActive,200,Success,2000
808,SpaceX,USA,USA,Falcon 1 ,03-08-2008,Aug,2008,StatusRetired,7,Failure,2000
809,VKS RF,Russia,RUS,Cosmos-3M (11K65M) ,22-07-2008,Jul,2008,StatusRetired,41.8,Success,2000
810,Sea Launch,Pacific Ocean,#N/A,Zenit-3 SL ,16-07-2008,Jul,2008,StatusActive,62,Success,2000
811,Arianespace,France,FRA,Ariane 5 ECA ,07-07-2008,Jul,2008,StatusActive,200,Success,2000
812,ULA,USA,USA,Delta II 7320-10C ,20-06-2008,Jun,2008,StatusRetired,123,Success,2000
813,VKS RF,Russia,RUS,Cosmos-3M (11K65M) ,19-06-2008,Jun,2008,StatusRetired,41.8,Success,2000
814,Arianespace,France,FRA,Ariane 5 ECA ,12-06-2008,Jun,2008,StatusActive,200,Success,2000
815,ULA,USA,USA,Delta II 7920H-10C ,11-06-2008,Jun,2008,StatusRetired,123,Success,2000
816,CASC,China,CHN,Long March 3B ,09-06-2008,Jun,2008,StatusActive,64.68,Success,2000
817,NASA,USA,USA,Space Shuttle Discovery ,31-05-2008,May,2008,StatusRetired,450,Success,2000
818,CASC,China,CHN,Long March 4C ,27-05-2008,May,2008,StatusActive,64.68,Success,2000
819,VKS RF,Russia,RUS,Rokot/Briz KM ,23-05-2008,May,2008,StatusRetired,41.8,Success,2000
820,Sea Launch,Pacific Ocean,#N/A,Zenit-3 SL ,21-05-2008,May,2008,StatusActive,62,Success,2000
821,Land Launch,Kazakhstan,KAZ,Zenit-3 SLB ,28-04-2008,Apr,2008,StatusActive,62,Partial Failure,2000
822,ISRO,India,IND,PSLV-CA ,28-04-2008,Apr,2008,StatusActive,21,Success,2000
823,CASC,China,CHN,Long March 3C ,25-04-2008,Apr,2008,StatusActive,20.14,Success,2000
824,Arianespace,France,FRA,Ariane 5 ECA ,18-04-2008,Apr,2008,StatusActive,200,Success,2000
825,Northrop,USA,USA,Pegasus XL ,15-04-2008,Apr,2008,StatusActive,40,Success,2000
826,ULA,USA,USA,Atlas V 421 ,14-04-2008,Apr,2008,StatusActive,123,Success,2000
827,VKS RF,Russia,RUS,Cosmos-3M (11K65M) ,27-03-2008,Mar,2008,StatusRetired,41.8,Success,2000
828,Sea Launch,Pacific Ocean,#N/A,Zenit-3 SL ,19-03-2008,Mar,2008,StatusActive,62,Success,2000
829,ULA,USA,USA,Delta II 7925 ,15-03-2008,Mar,2008,StatusRetired,123,Success,2000
830,ULA,USA,USA,Atlas V 411 ,13-03-2008,Mar,2008,StatusActive,115,Success,2000
831,NASA,USA,USA,Space Shuttle Endeavour ,11-03-2008,Mar,2008,StatusRetired,450,Success,2000
832,Arianespace,France,FRA,Ariane 5 ES ,09-03-2008,Mar,2008,StatusRetired,200,Success,2000
833,MHI,Japan,JPN,H-IIA 202 ,23-02-2008,Feb,2008,StatusActive,90,Success,2000
834,NASA,USA,USA,Space Shuttle Atlantis ,07-02-2008,Feb,2008,StatusRetired,450,Success,2000
835,ISRO,India,IND,PSLV-CA ,21-01-2008,Jan,2008,StatusActive,21,Success,2000
836,Sea Launch,Pacific Ocean,#N/A,Zenit-3 SL ,15-01-2008,Jan,2008,StatusActive,62,Success,2000
837,Arianespace,France,FRA,Ariane 5 GS ,21-12-2007,Dec,2007,StatusRetired,200,Success,2000
838,ULA,USA,USA,Delta II 7925 ,20-12-2007,Dec,2007,StatusRetired,123,Success,2000
839,ULA,USA,USA,Atlas V 401 ,10-12-2007,Dec,2007,StatusActive,109,Success,2000
840,ULA,USA,USA,Delta II 7420-10C ,09-12-2007,Dec,2007,StatusRetired,123,Success,2000
841,Arianespace,France,FRA,Ariane 5 ECA ,14-11-2007,Nov,2007,StatusActive,200,Success,2000
842,CASC,China,CHN,Long March 4C ,11-11-2007,Nov,2007,StatusActive,64.68,Success,2000
843,ULA,USA,USA,Delta IV Heavy ,11-11-2007,Nov,2007,StatusActive,350,Success,2000
844,VKS RF,Russia,RUS,Cosmos-3M (11K65M) ,01-11-2007,Nov,2007,StatusRetired,41.8,Success,2000
845,CASC,China,CHN,Long March 3B ,24-10-2007,Oct,2007,StatusActive,64.68,Success,2000
846,VKS RF,Russia,RUS,Molniya-M /Block 2BL ,23-10-2007,Oct,2007,StatusRetired,41.8,Success,2000
847,NASA,USA,USA,Space Shuttle Discovery ,23-10-2007,Oct,2007,StatusRetired,450,Success,2000
848,ULA,USA,USA,Delta II 7925 ,17-10-2007,Oct,2007,StatusRetired,123,Success,2000
849,ULA,USA,USA,Atlas V 421 ,11-10-2007,Oct,2007,StatusActive,123,Success,2000
850,Arianespace,France,FRA,Ariane 5 GS ,05-10-2007,Oct,2007,StatusRetired,200,Success,2000
851,ULA,USA,USA,Delta II 7925H ,27-09-2007,Sep,2007,StatusRetired,123,Success,2000
852,CASC,China,CHN,Long March 4B ,19-09-2007,Sep,2007,StatusActive,64.68,Success,2000
853,ULA,USA,USA,Delta II 7920-10C ,18-09-2007,Sep,2007,StatusRetired,123,Success,2000
854,MHI,Japan,JPN,H-IIA 2022 ,14-09-2007,Sep,2007,StatusRetired,90,Success,2000
855,VKS RF,Russia,RUS,Cosmos-3M (11K65M) ,11-09-2007,Sep,2007,StatusRetired,41.8,Success,2000
856,ISRO,India,IND,GSLV Mk I ,02-09-2007,Sep,2007,StatusRetired,47,Partial Failure,2000
857,Arianespace,France,FRA,Ariane 5 ECA ,14-08-2007,Aug,2007,StatusActive,200,Success,2000
858,NASA,USA,USA,Space Shuttle Endeavour ,08-08-2007,Aug,2007,StatusRetired,450,Success,2000
859,ULA,USA,USA,Delta II 7925 ,04-08-2007,Aug,2007,StatusRetired,123,Success,2000
860,CASC,China,CHN,Long March 3B ,05-07-2007,Jul,2007,StatusActive,64.68,Success,2000
861,VKS RF,Russia,RUS,Cosmos-3M (11K65M) ,02-07-2007,Jul,2007,StatusRetired,41.8,Success,2000
862,VKS RF,Kazakhstan,KAZ,Zenit-2 ,29-06-2007,Jun,2007,StatusRetired,41.8,Success,2000
863,Kosmotras,Russia,RUS,Dnepr ,28-06-2007,Jun,2007,StatusRetired,29,Success,2000
864,ULA,USA,USA,Atlas V 401 ,15-06-2007,Jun,2007,StatusActive,109,Partial Failure,2000
865,Kosmotras,Kazakhstan,KAZ,Dnepr ,15-06-2007,Jun,2007,StatusRetired,29,Success,2000
866,IAI,Israel,ISR,Shavit-2 ,10-06-2007,Jun,2007,StatusActive,62,Success,2000
867,NASA,USA,USA,Space Shuttle Atlantis ,08-06-2007,Jun,2007,StatusRetired,450,Success,2000
868,ULA,USA,USA,Delta II 7420-10C ,08-06-2007,Jun,2007,StatusRetired,123,Success,2000
869,CASC,China,CHN,Long March 3A ,31-05-2007,May,2007,StatusActive,69.7,Success,2000
870,CASC,China,CHN,Long March 2D ,25-05-2007,May,2007,StatusActive,29.75,Success,2000
871,CASC,China,CHN,Long March 3B/E ,13-05-2007,May,2007,StatusActive,29.15,Success,2000
872,Arianespace,France,FRA,Ariane 5 ECA ,04-05-2007,May,2007,StatusActive,200,Success,2000
873,Northrop,USA,USA,Pegasus XL ,25-04-2007,Apr,2007,StatusActive,40,Success,2000
874,Northrop,USA,USA,Minotaur I ,24-04-2007,Apr,2007,StatusActive,40,Success,2000
875,ISRO,India,IND,PSLV-CA ,23-04-2007,Apr,2007,StatusActive,21,Success,2000
876,Kosmotras,Kazakhstan,KAZ,Dnepr ,17-04-2007,Apr,2007,StatusRetired,29,Success,2000
877,CASC,China,CHN,Long March 3A ,13-04-2007,Apr,2007,StatusActive,69.7,Success,2000
878,CASC,China,CHN,Long March 2C ,11-04-2007,Apr,2007,StatusActive,30.8,Success,2000
879,SpaceX,USA,USA,Falcon 1 ,21-03-2007,Mar,2007,StatusRetired,7,Failure,2000
880,Arianespace,France,FRA,Ariane 5 ECA ,11-03-2007,Mar,2007,StatusActive,200,Success,2000
881,ULA,USA,USA,Atlas V 401 ,09-03-2007,Mar,2007,StatusActive,109,Success,2000
882,MHI,Japan,JPN,H-IIA 2024 ,24-02-2007,Feb,2007,StatusRetired,90,Success,2000
883,ULA,USA,USA,Delta II 7925-10C ,17-02-2007,Feb,2007,StatusRetired,123,Success,2000
884,CASC,China,CHN,Long March 3A ,02-02-2007,Feb,2007,StatusActive,69.7,Success,2000
885,Sea Launch,Pacific Ocean,#N/A,Zenit-3 SL ,30-01-2007,Jan,2007,StatusActive,62,Failure,2000
886,ISRO,India,IND,PSLV-G ,10-01-2007,Jan,2007,StatusRetired,25,Success,2000
887,VKS RF,Russia,RUS,Cosmos-3M (11K65M) ,19-12-2006,Dec,2006,StatusRetired,41.8,Success,2000
888,MHI,Japan,JPN,H-IIA 204 ,18-12-2006,Dec,2006,StatusActive,90,Success,2000
889,Northrop,USA,USA,Minotaur I ,16-12-2006,Dec,2006,StatusActive,40,Success,2000
890,ULA,USA,USA,Delta II 7920-10C ,14-12-2006,Dec,2006,StatusRetired,123,Success,2000
891,NASA,USA,USA,Space Shuttle Discovery ,10-12-2006,Dec,2006,StatusRetired,450,Success,2000
892,Arianespace,France,FRA,Ariane 5 ECA ,08-12-2006,Dec,2006,StatusActive,200,Success,2000
893,CASC,China,CHN,Long March 3A ,08-12-2006,Dec,2006,StatusActive,69.7,Success,2000
894,Boeing,USA,USA,Delta II 7925 ,17-11-2006,Nov,2006,StatusRetired,164,Success,2000
895,Boeing,USA,USA,Delta IV Medium ,04-11-2006,Nov,2006,StatusRetired,133,Success,2000
896,Sea Launch,Pacific Ocean,#N/A,Zenit-3 SL ,30-10-2006,Oct,2006,StatusActive,62,Success,2000
897,CASC,China,CHN,Long March 3B ,28-10-2006,Oct,2006,StatusActive,64.68,Success,2000
898,Boeing,USA,USA,Delta II 7925-10L ,26-10-2006,Oct,2006,StatusRetired,164,Success,2000
899,CASC,China,CHN,Long March 4B ,23-10-2006,Oct,2006,StatusActive,64.68,Success,2000
900,Arianespace,France,FRA,Ariane 5 ECA ,13-10-2006,Oct,2006,StatusActive,200,Success,2000
901,Boeing,USA,USA,Delta II 7925 ,25-09-2006,Sep,2006,StatusRetired,164,Success,2000
902,ISAS,Japan,JPN,Mu-V / M-25 ,22-09-2006,Sep,2006,StatusRetired,62,Success,2000
903,CASC,China,CHN,Long March 3A ,12-09-2006,Sep,2006,StatusActive,69.7,Success,2000
904,MHI,Japan,JPN,H-IIA 202 ,11-09-2006,Sep,2006,StatusActive,90,Success,2000
905,NASA,USA,USA,Space Shuttle Atlantis ,09-09-2006,Sep,2006,StatusRetired,450,Success,2000
906,CASC,China,CHN,Long March 2C ,09-09-2006,Sep,2006,StatusActive,30.8,Success,2000
907,Sea Launch,Pacific Ocean,#N/A,Zenit-3 SL ,22-08-2006,Aug,2006,StatusActive,62,Success,2000
908,Arianespace,France,FRA,Ariane 5 ECA ,11-08-2006,Aug,2006,StatusActive,200,Success,2000
909,Eurockot,Russia,RUS,Rokot/Briz KM ,28-07-2006,Jul,2006,StatusRetired,41.8,Success,2000
910,Kosmotras,Kazakhstan,KAZ,Dnepr ,26-07-2006,Jul,2006,StatusRetired,29,Failure,2000
911,VKS RF,Russia,RUS,Molniya-M /Block 2BL ,21-07-2006,Jul,2006,StatusRetired,41.8,Success,2000
912,Kosmotras,Russia,RUS,Dnepr ,12-07-2006,Jul,2006,StatusRetired,29,Success,2000
913,ISRO,India,IND,GSLV Mk I ,10-07-2006,Jul,2006,StatusRetired,47,Failure,2000
914,NASA,USA,USA,Space Shuttle Discovery ,04-07-2006,Jul,2006,StatusRetired,450,Success,2000
915,Boeing,USA,USA,"Delta IV Medium+ (4,2) ",28-06-2006,Jun,2006,StatusRetired,164,Success,2000
916,VKS RF,Kazakhstan,KAZ,Tsyklon-2 ,25-06-2006,Jun,2006,StatusRetired,41.8,Success,2000
917,Boeing,USA,USA,Delta II 7925 ,21-06-2006,Jun,2006,StatusRetired,164,Success,2000
918,Sea Launch,Pacific Ocean,#N/A,Zenit-3 SL ,18-06-2006,Jun,2006,StatusActive,62,Success,2000
919,Arianespace,France,FRA,Ariane 5 ECA ,27-05-2006,May,2006,StatusActive,200,Success,2000
920,SRC,Barents Sea,RUS,Shtil' ,26-05-2006,May,2006,StatusRetired,62,Success,2000
921,Boeing,USA,USA,"Delta IV Medium+ (4,2) ",24-05-2006,May,2006,StatusRetired,164,Success,2000
922,Boeing,USA,USA,Delta II 7420-10C ,28-04-2006,Apr,2006,StatusRetired,164,Success,2000
923,CASC,China,CHN,Long March 4C ,26-04-2006,Apr,2006,StatusActive,64.68,Success,2000
924,MITT,Russia,RUS,Start-1 ,25-04-2006,Apr,2006,StatusActive,62,Success,2000
925,ILS,USA,USA,Atlas V 411 ,20-04-2006,Apr,2006,StatusActive,115,Success,2000
926,Northrop,USA,USA,Minotaur I ,15-04-2006,Apr,2006,StatusActive,40,Success,2000
927,Sea Launch,Pacific Ocean,#N/A,Zenit-3 SL ,12-04-2006,Apr,2006,StatusActive,62,Success,2000
928,Northrop,USA,USA,Pegasus XL ,28-03-2006,Mar,2006,StatusActive,40,Success,2000
929,SpaceX,USA,USA,Falcon 1 ,24-03-2006,Mar,2006,StatusRetired,7,Failure,2000
930,Arianespace,France,FRA,Ariane 5 ECA ,11-03-2006,Mar,2006,StatusActive,200,Success,2000
931,ISAS,Japan,JPN,Mu-V / M-25 ,21-02-2006,Feb,2006,StatusRetired,62,Success,2000
932,MHI,Japan,JPN,H-IIA 2024 ,18-02-2006,Feb,2006,StatusRetired,90,Success,2000
933,Sea Launch,Pacific Ocean,#N/A,Zenit-3 SL ,15-02-2006,Feb,2006,StatusActive,62,Success,2000
934,MHI,Japan,JPN,H-IIA 2022 ,24-01-2006,Jan,2006,StatusRetired,90,Success,2000
935,ILS,USA,USA,Atlas V 551 ,19-01-2006,Jan,2006,StatusActive,153,Success,2000
936,Arianespace,France,FRA,Ariane 5 GS ,21-12-2005,Dec,2005,StatusRetired,200,Success,2000
937,VKS RF,Russia,RUS,Cosmos-3M (11K65M) ,21-12-2005,Dec,2005,StatusRetired,41.8,Success,2000
938,Arianespace,France,FRA,Ariane 5 ECA ,16-11-2005,Nov,2005,StatusActive,200,Success,2000
939,Sea Launch,Pacific Ocean,#N/A,Zenit-3 SL ,08-11-2005,Nov,2005,StatusActive,62,Success,2000
940,VKS RF,Russia,RUS,Cosmos-3M (11K65M) ,27-10-2005,Oct,2005,StatusRetired,41.8,Success,2000
941,Lockheed,USA,USA,Titan IV(404)B ,19-10-2005,Oct,2005,StatusRetired,35,Success,2000
942,CASC,China,CHN,Long March 2F ,16-10-2005,Oct,2005,StatusActive,64.68,Success,2000
943,Arianespace,France,FRA,Ariane 5 GS ,13-10-2005,Oct,2005,StatusRetired,200,Success,2000
944,Eurockot,Russia,RUS,Rokot/Briz KM ,08-10-2005,Oct,2005,StatusRetired,41.8,Failure,2000
945,Boeing,USA,USA,Delta II 7925 ,26-09-2005,Sep,2005,StatusRetired,164,Success,2000
946,Northrop,USA,USA,Minotaur I ,22-09-2005,Sep,2005,StatusActive,40,Success,2000
947,CASC,China,CHN,Long March 2D ,29-08-2005,Aug,2005,StatusActive,29.75,Success,2000
948,VKS RF,Russia,RUS,Rokot/Briz KM ,26-08-2005,Aug,2005,StatusRetired,41.8,Success,2000
949,Kosmotras,Kazakhstan,KAZ,Dnepr ,23-08-2005,Aug,2005,StatusRetired,29,Success,2000
950,ILS,USA,USA,Atlas V 401 ,12-08-2005,Aug,2005,StatusActive,109,Success,2000
951,Arianespace,France,FRA,Ariane 5 GS ,11-08-2005,Aug,2005,StatusRetired,200,Success,2000
952,CASC,China,CHN,Long March 2C ,02-08-2005,Aug,2005,StatusActive,30.8,Success,2000
953,NASA,USA,USA,Space Shuttle Discovery ,26-07-2005,Jul,2005,StatusRetired,450,Success,2000
954,ISAS,Japan,JPN,Mu-V / M-25 ,10-07-2005,Jul,2005,StatusRetired,62,Success,2000
955,CASC,China,CHN,Long March 2D ,05-07-2005,Jul,2005,StatusActive,29.75,Success,2000
956,Sea Launch,Pacific Ocean,#N/A,Zenit-3 SL ,23-06-2005,Jun,2005,StatusActive,62,Success,2000
957,SRC,Barents Sea,RUS,Volna ,21-06-2005,Jun,2005,StatusRetired,62,Failure,2000
958,VKS RF,Russia,RUS,Molniya-M /Block ML ,21-06-2005,Jun,2005,StatusRetired,41.8,Failure,2000
959,Boeing,USA,USA,Delta II 7320-10C ,20-05-2005,May,2005,StatusRetired,164,Success,2000
960,ISRO,India,IND,PSLV-G ,05-05-2005,May,2005,StatusRetired,25,Success,2000
961,Lockheed,USA,USA,Titan IV(405)B ,30-04-2005,Apr,2005,StatusRetired,35,Success,2000
962,Sea Launch,Pacific Ocean,#N/A,Zenit-3 SL ,26-04-2005,Apr,2005,StatusActive,62,Success,2000
963,Northrop,USA,USA,Pegasus XL ,15-04-2005,Apr,2005,StatusActive,40,Success,2000
964,CASC,China,CHN,Long March 3B ,12-04-2005,Apr,2005,StatusActive,64.68,Success,2000
965,Northrop,USA,USA,Minotaur I ,11-04-2005,Apr,2005,StatusActive,40,Success,2000
966,ILS,USA,USA,Atlas V 431 ,11-03-2005,Mar,2005,StatusActive,130,Success,2000
967,Sea Launch,Pacific Ocean,#N/A,Zenit-3 SL ,01-03-2005,Mar,2005,StatusActive,62,Success,2000
968,MHI,Japan,JPN,H-IIA 2022 ,26-02-2005,Feb,2005,StatusRetired,90,Success,2000
969,Arianespace,France,FRA,Ariane 5 ECA ,12-02-2005,Feb,2005,StatusActive,200,Success,2000
970,Lockheed,USA,USA,Atlas IIIB ,03-02-2005,Feb,2005,StatusRetired,35,Success,2000
971,VKS RF,Russia,RUS,Cosmos-3M (11K65M) ,20-01-2005,Jan,2005,StatusRetired,41.8,Success,2000
972,Boeing,USA,USA,Delta II 7925 ,12-01-2005,Jan,2005,StatusRetired,164,Success,2000
973,VKS RF,Russia,RUS,Tsyklon-3 ,24-12-2004,Dec,2004,StatusRetired,41.8,Partial Failure,2000
974,Boeing,USA,USA,Delta IV Heavy ,21-12-2004,Dec,2004,StatusActive,350,Partial Failure,2000
975,Arianespace,France,FRA,Ariane 5 G+ ,18-12-2004,Dec,2004,StatusRetired,190,Success,2000
976,ILS,USA,USA,Atlas V 521 ,17-12-2004,Dec,2004,StatusActive,135,Success,2000
977,Boeing,USA,USA,Delta II 7320-10C ,20-11-2004,Nov,2004,StatusRetired,164,Success,2000
978,CASC,China,CHN,Long March 2C ,18-11-2004,Nov,2004,StatusActive,30.8,Success,2000
979,VKS RF,Russia,RUS,Soyuz 2.1a ,08-11-2004,Nov,2004,StatusActive,48.5,Success,2000
980,Boeing,USA,USA,Delta II 7925 ,06-11-2004,Nov,2004,StatusRetired,164,Success,2000
981,CASC,China,CHN,Long March 4B ,06-11-2004,Nov,2004,StatusActive,64.68,Success,2000
982,CASC,China,CHN,Long March 3A ,19-10-2004,Oct,2004,StatusActive,69.7,Success,2000
983,CASC,China,CHN,Long March 2D ,27-09-2004,Sep,2004,StatusActive,29.75,Success,2000
984,VKS RF,Russia,RUS,Cosmos-3M (11K65M) ,23-09-2004,Sep,2004,StatusRetired,41.8,Success,2000
985,ISRO,India,IND,GSLV Mk I ,20-09-2004,Sep,2004,StatusRetired,47,Success,2000
986,CASC,China,CHN,Long March 4B ,08-09-2004,Sep,2004,StatusActive,64.68,Success,2000
987,IAI,Israel,ISR,Shavit-1 ,06-09-2004,Sep,2004,StatusRetired,62,Failure,2000
988,Lockheed,USA,USA,Atlas IIAS ,31-08-2004,Aug,2004,StatusRetired,35,Success,2000
989,CASC,China,CHN,Long March 2C ,29-08-2004,Aug,2004,StatusActive,30.8,Success,2000
990,Boeing,USA,USA,Delta II 7925H ,03-08-2004,Aug,2004,StatusRetired,164,Success,2000
991,CASC,China,CHN,Long March 2C ,25-07-2004,Jul,2004,StatusActive,30.8,Success,2000
992,VKS RF,Russia,RUS,Cosmos-3M (11K65M) ,22-07-2004,Jul,2004,StatusRetired,41.8,Success,2000
993,Arianespace,France,FRA,Ariane 5 G+ ,18-07-2004,Jul,2004,StatusRetired,190,Success,2000
994,Boeing,USA,USA,Delta II 7920-10L ,15-07-2004,Jul,2004,StatusRetired,164,Success,2000
995,Kosmotras,Kazakhstan,KAZ,Dnepr ,29-06-2004,Jun,2004,StatusRetired,29,Success,2000
996,Sea Launch,Pacific Ocean,#N/A,Zenit-3 SL ,29-06-2004,Jun,2004,StatusActive,62,Success,2000
997,Boeing,USA,USA,Delta II 7925 ,23-06-2004,Jun,2004,StatusRetired,164,Success,2000
998,VKS RF,Kazakhstan,KAZ,Zenit-2 ,10-06-2004,Jun,2004,StatusRetired,41.8,Success,2000
999,VKS RF,Kazakhstan,KAZ,Tsyklon-2 ,28-05-2004,May,2004,StatusRetired,41.8,Success,2000
1000,Northrop,USA,USA,Minotaur C (Taurus) ,20-05-2004,May,2004,StatusActive,45,Success,2000
1001,Sea Launch,Pacific Ocean,#N/A,Zenit-3 SL ,04-05-2004,May,2004,StatusActive,62,Success,2000
1002,Boeing,USA,USA,Delta II 7920-10C ,20-04-2004,Apr,2004,StatusRetired,164,Success,2000
1003,ILS,USA,USA,Atlas IIAS ,19-04-2004,Apr,2004,StatusRetired,122.5,Success,2000
1004,CASC,China,CHN,Long March 2C ,18-04-2004,Apr,2004,StatusActive,30.8,Success,2000
1005,ILS,USA,USA,Atlas IIAS ,16-04-2004,Apr,2004,StatusRetired,122.5,Success,2000
1006,Boeing,USA,USA,Delta II 7925 ,20-03-2004,Mar,2004,StatusRetired,164,Success,2000
1007,ILS,USA,USA,Atlas IIIA ,13-03-2004,Mar,2004,StatusRetired,122.5,Success,2000
1008,Arianespace,France,FRA,Ariane 5 G+ ,02-03-2004,Mar,2004,StatusRetired,190,Success,2000
1009,VKS RF,Russia,RUS,Molniya-M /Block ML ,18-02-2004,Feb,2004,StatusRetired,41.8,Success,2000
1010,Lockheed,USA,USA,Titan IV(402)B ,14-02-2004,Feb,2004,StatusRetired,35,Success,2000
1011,ILS,USA,USA,Atlas IIAS ,05-02-2004,Feb,2004,StatusRetired,122.5,Success,2000
1012,Sea Launch,Pacific Ocean,#N/A,Zenit-3 SL ,11-01-2004,Jan,2004,StatusActive,62,Success,2000
1013,CASC,China,CHN,Long March 2C ,29-12-2003,Dec,2003,StatusActive,30.8,Success,2000
1014,Boeing,USA,USA,Delta II 7925 ,21-12-2003,Dec,2003,StatusRetired,164,Success,2000
1015,Lockheed,USA,USA,Atlas IIIB ,10-12-2003,Dec,2003,StatusRetired,35,Success,2000
1016,VKS RF,Kazakhstan,KAZ,Strela ,05-12-2003,Dec,2003,StatusRetired,41.8,Success,2000
1017,Lockheed,USA,USA,Atlas IIAS ,02-12-2003,Dec,2003,StatusRetired,35,Success,2000
1018,MHI,Japan,JPN,H-IIA 2024 ,29-11-2003,Nov,2003,StatusRetired,90,Failure,2000
1019,CASC,China,CHN,Long March 3A ,14-11-2003,Nov,2003,StatusActive,69.7,Success,2000
1020,CASC,China,CHN,Long March 2D ,03-11-2003,Nov,2003,StatusActive,29.75,Success,2000
1021,Eurockot,Russia,RUS,Rokot/Briz KM ,30-10-2003,Oct,2003,StatusRetired,41.8,Success,2000
1022,CASC,China,CHN,Long March 4B ,21-10-2003,Oct,2003,StatusActive,64.68,Success,2000
1023,Lockheed,USA,USA,Titan II(23)G ,18-10-2003,Oct,2003,StatusRetired,35,Success,2000
1024,ISRO,India,IND,PSLV-G ,17-10-2003,Oct,2003,StatusRetired,25,Success,2000
1025,CASC,China,CHN,Long March 2F ,15-10-2003,Oct,2003,StatusActive,64.68,Success,2000
1026,Sea Launch,Pacific Ocean,#N/A,Zenit-3 SL ,01-10-2003,Oct,2003,StatusActive,62,Success,2000
1027,Arianespace,France,FRA,Ariane 5 G ,27-09-2003,Sep,2003,StatusRetired,200,Success,2000
1028,VKS RF,Russia,RUS,Cosmos-3M (11K65M) ,27-09-2003,Sep,2003,StatusRetired,41.8,Success,2000
1029,CASIC,China,CHN,Kaituozhe 1 ,16-09-2003,Sep,2003,StatusRetired,62,Failure,2000
1030,Lockheed,USA,USA,Titan IV(401)B ,09-09-2003,Sep,2003,StatusRetired,35,Success,2000
1031,Boeing,USA,USA,Delta IV Medium ,29-08-2003,Aug,2003,StatusRetired,133,Success,2000
1032,AEB,Brazil,BRA,VLS-1 ,25-08-2003,Aug,2003,StatusActive,62,Prelaunch Failure,2000
1033,Boeing,USA,USA,Delta II 7920H ,25-08-2003,Aug,2003,StatusRetired,164,Success,2000
1034,VKS RF,Russia,RUS,Cosmos-3M (11K65M) ,19-08-2003,Aug,2003,StatusRetired,41.8,Success,2000
1035,Northrop,USA,USA,Pegasus XL ,13-08-2003,Aug,2003,StatusActive,40,Success,2000
1036,Sea Launch,Pacific Ocean,#N/A,Zenit-3 SL ,08-08-2003,Aug,2003,StatusActive,62,Success,2000
1037,ILS,USA,USA,Atlas V 521 ,17-07-2003,Jul,2003,StatusActive,135,Success,2000
1038,Boeing,USA,USA,Delta II 7925H ,08-07-2003,Jul,2003,StatusRetired,164,Success,2000
1039,Eurockot,Russia,RUS,Rokot/Briz KM ,30-06-2003,Jun,2003,StatusRetired,41.8,Success,2000
1040,Northrop,USA,USA,Pegasus XL ,26-06-2003,Jun,2003,StatusActive,40,Success,2000
1041,VKS RF,Russia,RUS,Molniya-M /Block ML ,19-06-2003,Jun,2003,StatusRetired,41.8,Success,2000
1042,Arianespace,France,FRA,Ariane 5 G ,11-06-2003,Jun,2003,StatusRetired,200,Success,2000
1043,Boeing,USA,USA,Delta II 7925 ,10-06-2003,Jun,2003,StatusRetired,164,Success,2000
1044,Sea Launch,Pacific Ocean,#N/A,Zenit-3 SL ,10-06-2003,Jun,2003,StatusActive,62,Success,2000
1045,VKS RF,Russia,RUS,Cosmos-3M (11K65M) ,04-06-2003,Jun,2003,StatusRetired,41.8,Success,2000
1046,Starsem,Kazakhstan,KAZ,Soyuz FG/Fregat ,02-06-2003,Jun,2003,StatusRetired,62,Success,2000
1047,CASC,China,CHN,Long March 3A ,24-05-2003,May,2003,StatusActive,69.7,Success,2000
1048,ILS,USA,USA,Atlas V 401 ,13-05-2003,May,2003,StatusActive,109,Success,2000
1049,ISAS,Japan,JPN,Mu-V / M-25 ,09-05-2003,May,2003,StatusRetired,62,Success,2000
1050,ISRO,India,IND,GSLV Mk I ,08-05-2003,May,2003,StatusRetired,47,Success,2000
1051,Northrop,USA,USA,Pegasus XL ,28-04-2003,Apr,2003,StatusActive,40,Success,2000
1052,ILS,USA,USA,Atlas IIIB ,12-04-2003,Apr,2003,StatusRetired,122.5,Success,2000
1053,Arianespace,France,FRA,Ariane 5 G ,09-04-2003,Apr,2003,StatusRetired,200,Success,2000
1054,Lockheed,USA,USA,Titan IV(401)B ,08-04-2003,Apr,2003,StatusRetired,35,Success,2000
1055,VKS RF,Russia,RUS,Molniya-M /Block ML ,02-04-2003,Apr,2003,StatusRetired,41.8,Success,2000
1056,Boeing,USA,USA,Delta II 7925 ,31-03-2003,Mar,2003,StatusRetired,164,Success,2000
1057,MHI,Japan,JPN,H-IIA 2024 ,28-03-2003,Mar,2003,StatusRetired,90,Success,2000
1058,Boeing,USA,USA,Delta IV Medium ,11-03-2003,Mar,2003,StatusRetired,133,Success,2000
1059,Arianespace,France,FRA,Ariane 44L ,15-02-2003,Feb,2003,StatusRetired,200,Success,2000
1060,Boeing,USA,USA,Delta II 7925 ,29-01-2003,Jan,2003,StatusRetired,164,Success,2000
1061,Northrop,USA,USA,Pegasus XL ,25-01-2003,Jan,2003,StatusActive,40,Success,2000
1062,NASA,USA,USA,Space Shuttle Columbia ,16-01-2003,Jan,2003,StatusRetired,450,Failure,2000
1063,Boeing,USA,USA,Delta II 7320-10C ,13-01-2003,Jan,2003,StatusRetired,164,Success,2000
1064,Lockheed,USA,USA,Titan II(23)G ,06-01-2003,Jan,2003,StatusRetired,35,Success,2000
1065,CASC,China,CHN,Long March 2F ,29-12-2002,Dec,2002,StatusActive,64.68,Success,2000
1066,VKS RF,Russia,RUS,Molniya-M /Block 2BL ,24-12-2002,Dec,2002,StatusRetired,41.8,Success,2000
1067,Kosmotras,Kazakhstan,KAZ,Dnepr ,20-12-2002,Dec,2002,StatusRetired,29,Success,2000
1068,Arianespace,France,FRA,Ariane 44L ,17-12-2002,Dec,2002,StatusRetired,200,Success,2000
1069,MHI,Japan,JPN,H-IIA 202 ,14-12-2002,Dec,2002,StatusActive,90,Success,2000
1070,Arianespace,France,FRA,Ariane 5 ECA ,11-12-2002,Dec,2002,StatusActive,200,Failure,2000
1071,Lockheed,USA,USA,Atlas IIA ,05-12-2002,Dec,2002,StatusRetired,35,Success,2000
1072,VKS RF,Russia,RUS,Cosmos-3M (11K65M) ,28-11-2002,Nov,2002,StatusRetired,41.8,Success,2000
1073,NASA,USA,USA,Space Shuttle Endeavour ,24-11-2002,Nov,2002,StatusRetired,450,Success,2000
1074,Boeing,USA,USA,"Delta IV Medium+ (4,2) ",20-11-2002,Nov,2002,StatusRetired,164,Success,2000
1075,CASC,China,CHN,Long March 4B ,27-10-2002,Oct,2002,StatusActive,64.68,Success,2000
1076,NASA,USA,USA,Space Shuttle Atlantis ,07-10-2002,Oct,2002,StatusRetired,450,Success,2000
1077,VKS RF,Russia,RUS,Cosmos-3M (11K65M) ,26-09-2002,Sep,2002,StatusRetired,41.8,Success,2000
1078,ILS,USA,USA,Atlas IIAS ,18-09-2002,Sep,2002,StatusRetired,122.5,Success,2000
1079,CASIC,China,CHN,Kaituozhe 1 ,15-09-2002,Sep,2002,StatusRetired,62,Failure,2000
1080,ISRO,India,IND,PSLV-G ,12-09-2002,Sep,2002,StatusRetired,25,Success,2000
1081,MHI,Japan,JPN,H-IIA 2024 ,10-09-2002,Sep,2002,StatusRetired,90,Success,2000
1082,Arianespace,France,FRA,Ariane 44L ,06-09-2002,Sep,2002,StatusRetired,200,Success,2000
1083,Arianespace,France,FRA,Ariane 5 G ,28-08-2002,Aug,2002,StatusRetired,200,Success,2000
1084,ILS,USA,USA,Atlas V 401 ,21-08-2002,Aug,2002,StatusActive,109,Success,2000
1085,VKS RF,Russia,RUS,Cosmos-3M (11K65M) ,08-07-2002,Jul,2002,StatusRetired,41.8,Success,2000
1086,Arianespace,France,FRA,Ariane 42P ,05-07-2002,Jul,2002,StatusRetired,200,Success,2000
1087,Boeing,USA,USA,Delta II 7425 ,03-07-2002,Jul,2002,StatusRetired,164,Success,2000
1088,Arianespace,France,FRA,Ariane 5 G ,02-07-2002,Jul,2002,StatusRetired,200,Success,2000
1089,Lockheed,USA,USA,Titan II(23)G ,24-06-2002,Jun,2002,StatusRetired,35,Success,2000
1090,Eurockot,Russia,RUS,Rokot/Briz KM ,20-06-2002,Jun,2002,StatusRetired,41.8,Success,2000
1091,Sea Launch,Pacific Ocean,#N/A,Zenit-3 SL ,15-06-2002,Jun,2002,StatusActive,62,Success,2000
1092,NASA,USA,USA,Space Shuttle Endeavour ,05-06-2002,Jun,2002,StatusRetired,450,Success,2000
1093,Arianespace,France,FRA,Ariane 44L ,05-06-2002,Jun,2002,StatusRetired,200,Success,2000
1094,IAI,Israel,ISR,Shavit-1 ,28-05-2002,May,2002,StatusRetired,62,Success,2000
1095,VKS RF,Russia,RUS,Cosmos-3M (11K65M) ,28-05-2002,May,2002,StatusRetired,41.8,Success,2000
1096,CASC,China,CHN,Long March 4B ,15-05-2002,May,2002,StatusActive,64.68,Success,2000
1097,Boeing,USA,USA,Delta II 7920-10C ,04-05-2002,May,2002,StatusRetired,164,Success,2000
1098,Arianespace,France,FRA,Ariane 44L ,16-04-2002,Apr,2002,StatusRetired,200,Success,2000
1099,NASA,USA,USA,Space Shuttle Atlantis ,08-04-2002,Apr,2002,StatusRetired,450,Success,2000
1100,VKS RF,Russia,RUS,Molniya-M /Block 2BL ,01-04-2002,Apr,2002,StatusRetired,41.8,Success,2000
1101,Arianespace,France,FRA,Ariane 44L ,29-03-2002,Mar,2002,StatusRetired,200,Success,2000
1102,CASC,China,CHN,Long March 2F ,25-03-2002,Mar,2002,StatusActive,64.68,Success,2000
1103,Eurockot,Russia,RUS,Rokot/Briz KM ,17-03-2002,Mar,2002,StatusRetired,41.8,Success,2000
1104,Lockheed,USA,USA,Atlas IIA ,08-03-2002,Mar,2002,StatusRetired,35,Success,2000
1105,NASA,USA,USA,Space Shuttle Columbia ,01-03-2002,Mar,2002,StatusRetired,450,Success,2000
1106,Arianespace,France,FRA,Ariane 5 G ,01-03-2002,Mar,2002,StatusRetired,200,Success,2000
1107,Arianespace,France,FRA,Ariane 44L ,23-02-2002,Feb,2002,StatusRetired,200,Success,2000
1108,ILS,USA,USA,Atlas IIIB ,21-02-2002,Feb,2002,StatusRetired,122.5,Success,2000
1109,Boeing,USA,USA,Delta II 7920-10C ,11-02-2002,Feb,2002,StatusRetired,164,Success,2000
1110,Northrop,USA,USA,Pegasus XL ,05-02-2002,Feb,2002,StatusActive,40,Success,2000
1111,MHI,Japan,JPN,H-IIA 2024 ,04-02-2002,Feb,2002,StatusRetired,90,Success,2000
1112,Arianespace,France,FRA,Ariane 42L ,23-01-2002,Jan,2002,StatusRetired,200,Success,2000
1113,Lockheed,USA,USA,Titan IV(401)B ,16-01-2002,Jan,2002,StatusRetired,35,Success,2000
1114,VKS RF,Russia,RUS,Tsyklon-3 ,28-12-2001,Dec,2001,StatusRetired,41.8,Success,2000
1115,VKS RF,Kazakhstan,KAZ,Tsyklon-2 ,21-12-2001,Dec,2001,StatusRetired,41.8,Success,2000
1116,VKS RF,Kazakhstan,KAZ,Zenit-2 ,10-12-2001,Dec,2001,StatusRetired,41.8,Success,2000
1117,Boeing,USA,USA,Delta II 7920-10C ,07-12-2001,Dec,2001,StatusRetired,164,Success,2000
1118,NASA,USA,USA,Space Shuttle Endeavour ,05-12-2001,Dec,2001,StatusRetired,450,Success,2000
1119,Arianespace,France,FRA,Ariane 44LP ,27-11-2001,Nov,2001,StatusRetired,200,Success,2000
1120,VKS RF,Russia,RUS,Molniya-M /Block ML ,25-10-2001,Oct,2001,StatusRetired,41.8,Success,2000
1121,ISRO,India,IND,PSLV-G ,22-10-2001,Oct,2001,StatusRetired,25,Success,2000
1122,Boeing,USA,USA,Delta II 7320-10C ,18-10-2001,Oct,2001,StatusRetired,164,Success,2000
1123,Lockheed,USA,USA,Atlas IIAS ,11-10-2001,Oct,2001,StatusRetired,35,Success,2000
1124,Lockheed,USA,USA,Titan IV(404)B ,05-10-2001,Oct,2001,StatusRetired,35,Success,2000
1125,Lockheed,USA,USA,Athena I ,30-09-2001,Sep,2001,StatusRetired,35,Success,2000
1126,Arianespace,France,FRA,Ariane 44P ,25-09-2001,Sep,2001,StatusRetired,200,Success,2000
1127,Northrop,USA,USA,Minotaur C (Taurus) ,21-09-2001,Sep,2001,StatusActive,45,Failure,2000
1128,Lockheed,USA,USA,Atlas IIAS ,09-09-2001,Sep,2001,StatusRetired,35,Success,2000
1129,Arianespace,France,FRA,Ariane 44L ,30-08-2001,Aug,2001,StatusRetired,200,Success,2000
1130,MHI,Japan,JPN,H-IIA 202 ,29-08-2001,Aug,2001,StatusActive,90,Success,2000
1131,NASA,USA,USA,Space Shuttle Discovery ,10-08-2001,Aug,2001,StatusRetired,450,Success,2000
1132,Boeing,USA,USA,Delta II 7326 ,08-08-2001,Aug,2001,StatusRetired,164,Success,2000
1133,Lockheed,USA,USA,Titan IV(402)B ,06-08-2001,Aug,2001,StatusRetired,35,Success,2000
1134,Lockheed,USA,USA,Atlas IIA ,23-07-2001,Jul,2001,StatusRetired,35,Success,2000
1135,VKS RF,Russia,RUS,Molniya-M /Block ML ,20-07-2001,Jul,2001,StatusRetired,41.8,Success,2000
1136,Arianespace,France,FRA,Ariane 5 G ,12-07-2001,Jul,2001,StatusRetired,200,Partial Failure,2000
1137,NASA,USA,USA,Space Shuttle Atlantis ,12-07-2001,Jul,2001,StatusRetired,450,Success,2000
1138,Boeing,USA,USA,Delta II 7425-10C ,30-06-2001,Jun,2001,StatusRetired,164,Success,2000
1139,ILS,USA,USA,Atlas IIAS ,19-06-2001,Jun,2001,StatusRetired,122.5,Success,2000
1140,Arianespace,France,FRA,Ariane 44L ,09-06-2001,Jun,2001,StatusRetired,200,Success,2000
1141,VKS RF,Russia,RUS,Cosmos-3M (11K65M) ,08-06-2001,Jun,2001,StatusRetired,41.8,Success,2000
1142,Boeing,USA,USA,Delta II 7925 ,18-05-2001,May,2001,StatusRetired,164,Success,2000
1143,Sea Launch,Pacific Ocean,#N/A,Zenit-3 SL ,08-05-2001,May,2001,StatusActive,62,Success,2000
1144,NASA,USA,USA,Space Shuttle Endeavour ,19-04-2001,Apr,2001,StatusRetired,450,Success,2000
1145,ISRO,India,IND,GSLV Mk I ,18-04-2001,Apr,2001,StatusRetired,47,Partial Failure,2000
1146,Boeing,USA,USA,Delta II 7925 ,07-04-2001,Apr,2001,StatusRetired,164,Success,2000
1147,Sea Launch,Pacific Ocean,#N/A,Zenit-3 SL ,18-03-2001,Mar,2001,StatusActive,62,Success,2000
1148,Arianespace,France,FRA,Ariane 5 G ,08-03-2001,Mar,2001,StatusRetired,200,Success,2000
1149,NASA,USA,USA,Space Shuttle Discovery ,08-03-2001,Mar,2001,StatusRetired,450,Success,2000
1150,Lockheed,USA,USA,Titan IV(401)B ,27-02-2001,Feb,2001,StatusRetired,35,Success,2000
1151,MITT,Russia,RUS,Start-1 ,20-02-2001,Feb,2001,StatusActive,62,Success,2000
1152,NASA,USA,USA,Space Shuttle Atlantis ,07-02-2001,Feb,2001,StatusRetired,450,Success,2000
1153,Arianespace,France,FRA,Ariane 44L ,07-02-2001,Feb,2001,StatusRetired,200,Success,2000
1154,Boeing,USA,USA,Delta II 7925 ,30-01-2001,Jan,2001,StatusRetired,164,Success,2000
1155,Arianespace,France,FRA,Ariane 44P ,10-01-2001,Jan,2001,StatusRetired,200,Success,2000
1156,CASC,China,CHN,Long March 2F ,09-01-2001,Jan,2001,StatusActive,64.68,Success,2000
1157,VKS RF,Russia,RUS,Tsyklon-3 ,27-12-2000,Dec,2000,StatusRetired,41.8,Failure,2000
1158,CASC,China,CHN,Long March 3A ,20-12-2000,Dec,2000,StatusActive,69.7,Success,2000
1159,Arianespace,France,FRA,Ariane 5 G ,20-12-2000,Dec,2000,StatusRetired,200,Success,2000
1160,Lockheed,USA,USA,Atlas IIAS ,06-12-2000,Dec,2000,StatusRetired,35,Success,2000
1161,MITT,Russia,RUS,Start-1 ,05-12-2000,Dec,2000,StatusActive,62,Success,2000
1162,NASA,USA,USA,Space Shuttle Endeavour ,30-11-2000,Nov,2000,StatusRetired,450,Success,2000
1163,Arianespace,France,FRA,Ariane 44L ,21-11-2000,Nov,2000,StatusRetired,200,Success,2000
1164,Boeing,USA,USA,Delta II 7320-10C ,21-11-2000,Nov,2000,StatusRetired,164,Success,2000
1165,VKS RF,Russia,RUS,Cosmos-3M (11K65M) ,20-11-2000,Nov,2000,StatusRetired,41.8,Failure,2000
1166,Arianespace,France,FRA,Ariane 5 G ,16-11-2000,Nov,2000,StatusRetired,200,Success,2000
1167,Boeing,USA,USA,Delta II 7925 ,10-11-2000,Nov,2000,StatusRetired,164,Success,2000
1168,CASC,China,CHN,Long March 3A ,30-10-2000,Oct,2000,StatusActive,69.7,Success,2000
1169,Arianespace,France,FRA,Ariane 44LP ,29-10-2000,Oct,2000,StatusRetired,200,Success,2000
1170,Sea Launch,Pacific Ocean,#N/A,Zenit-3 SL ,21-10-2000,Oct,2000,StatusActive,62,Success,2000
1171,Lockheed,USA,USA,Atlas IIA ,20-10-2000,Oct,2000,StatusRetired,35,Success,2000
1172,NASA,USA,USA,Space Shuttle Discovery ,11-10-2000,Oct,2000,StatusRetired,450,Success,2000
1173,Northrop,USA,USA,Pegasus ,09-10-2000,Oct,2000,StatusRetired,40,Success,2000
1174,Arianespace,France,FRA,Ariane 42L ,06-10-2000,Oct,2000,StatusRetired,200,Success,2000
1175,Kosmotras,Kazakhstan,KAZ,Dnepr ,26-09-2000,Sep,2000,StatusRetired,29,Success,2000
1176,VKS RF,Kazakhstan,KAZ,Zenit-2 ,25-09-2000,Sep,2000,StatusRetired,41.8,Success,2000
1177,Lockheed,USA,USA,Titan II(23)G ,21-09-2000,Sep,2000,StatusRetired,35,Success,2000
1178,Arianespace,France,FRA,Ariane 5 G ,14-09-2000,Sep,2000,StatusRetired,200,Success,2000
1179,NASA,USA,USA,Space Shuttle Atlantis ,08-09-2000,Sep,2000,StatusRetired,450,Success,2000
1180,Arianespace,France,FRA,Ariane 44P ,06-09-2000,Sep,2000,StatusRetired,200,Success,2000
1181,Boeing,USA,USA,Delta III 8930 ,23-08-2000,Aug,2000,StatusRetired,164,Success,2000
1182,Lockheed,USA,USA,Titan IV(403)B ,17-08-2000,Aug,2000,StatusRetired,35,Success,2000
1183,Arianespace,France,FRA,Ariane 44LP ,17-08-2000,Aug,2000,StatusRetired,200,Success,2000
1184,Sea Launch,Pacific Ocean,#N/A,Zenit-3 SL ,28-07-2000,Jul,2000,StatusActive,62,Success,2000
1185,Northrop,USA,USA,Minotaur I ,19-07-2000,Jul,2000,StatusActive,40,Success,2000
1186,Boeing,USA,USA,Delta II 7925 ,16-07-2000,Jul,2000,StatusRetired,164,Success,2000
1187,VKS RF,Russia,RUS,Cosmos-3M (11K65M) ,15-07-2000,Jul,2000,StatusRetired,41.8,Success,2000
1188,ILS,USA,USA,Atlas IIAS ,14-07-2000,Jul,2000,StatusRetired,122.5,Success,2000
1189,Lockheed,USA,USA,Atlas IIA ,30-06-2000,Jun,2000,StatusRetired,35,Success,2000
1190,VKS RF,Russia,RUS,Cosmos-3M (11K65M) ,28-06-2000,Jun,2000,StatusRetired,41.8,Success,2000
1191,CASC,China,CHN,Long March 3 ,25-06-2000,Jun,2000,StatusRetired,64.68,Success,2000
1192,Northrop,USA,USA,Pegasus XL ,07-06-2000,Jun,2000,StatusActive,40,Success,2000
1193,ILS,USA,USA,Atlas IIIA ,24-05-2000,May,2000,StatusRetired,122.5,Success,2000
1194,NASA,USA,USA,Space Shuttle Atlantis ,19-05-2000,May,2000,StatusRetired,450,Success,2000
1195,Eurockot,Russia,RUS,Rokot/Briz KM ,16-05-2000,May,2000,StatusRetired,41.8,Success,2000
1196,Boeing,USA,USA,Delta II 7925 ,11-05-2000,May,2000,StatusRetired,164,Success,2000
1197,Lockheed,USA,USA,Titan IV(402)B ,08-05-2000,May,2000,StatusRetired,35,Success,2000
1198,Lockheed,USA,USA,Atlas IIA ,03-05-2000,May,2000,StatusRetired,35,Success,2000
1199,Arianespace,France,FRA,Ariane 42L ,19-04-2000,Apr,2000,StatusRetired,200,Success,2000
1200,Boeing,USA,USA,Delta II 7326 ,25-03-2000,Mar,2000,StatusRetired,164,Success,2000
1201,Arianespace,France,FRA,Ariane 5 G ,21-03-2000,Mar,2000,StatusRetired,200,Success,2000
1202,Sea Launch,Pacific Ocean,#N/A,Zenit-3 SL ,12-03-2000,Mar,2000,StatusActive,62,Failure,2000
1203,Northrop,USA,USA,Minotaur C (Taurus) ,12-03-2000,Mar,2000,StatusActive,45,Success,2000
1204,VKS RF,Kazakhstan,KAZ,Zenit-2 ,02-03-2000,Mar,2000,StatusRetired,41.8,Success,2000
1205,Arianespace,France,FRA,Ariane 44LP ,18-02-2000,Feb,2000,StatusRetired,200,Success,2000
1206,NASA,USA,USA,Space Shuttle Endeavour ,11-02-2000,Feb,2000,StatusRetired,450,Success,2000
1207,ISAS,Japan,JPN,Mu-V / M-24 ,10-02-2000,Feb,2000,StatusRetired,62,Failure,2000
1208,Boeing,USA,USA,Delta II 7920-10C ,08-02-2000,Feb,2000,StatusRetired,164,Success,2000
1209,ILS,USA,USA,Atlas IIAS ,03-02-2000,Feb,2000,StatusRetired,122.5,Success,2000
1210,Northrop,USA,USA,Minotaur I ,27-01-2000,Jan,2000,StatusActive,40,Success,2000
1211,CASC,China,CHN,Long March 3A ,25-01-2000,Jan,2000,StatusActive,69.7,Success,2000
1212,Arianespace,France,FRA,Ariane 42L ,25-01-2000,Jan,2000,StatusRetired,200,Success,2000
1213,Lockheed,USA,USA,Atlas IIA ,21-01-2000,Jan,2000,StatusRetired,35,Success,2000
1214,Northrop,USA,USA,Minotaur C (Taurus) ,31-12-1999,Dec,1999,StatusActive,45,Success,1990
1215,VKS RF,Russia,RUS,Molniya-M /Block 2BL ,27-12-1999,Dec,1999,StatusRetired,41.8,Success,1990
1216,VKS RF,Kazakhstan,KAZ,Tsyklon-2 ,26-12-1999,Dec,1999,StatusRetired,41.8,Success,1990
1217,Arianespace,France,FRA,Ariane 44L ,22-12-1999,Dec,1999,StatusRetired,200,Success,1990
1218,NASA,USA,USA,Space Shuttle Discovery ,20-12-1999,Dec,1999,StatusRetired,450,Success,1990
1219,Lockheed,USA,USA,Atlas IIAS ,18-12-1999,Dec,1999,StatusRetired,35,Success,1990
1220,Lockheed,USA,USA,Titan II(23)G ,12-12-1999,Dec,1999,StatusRetired,35,Success,1990
1221,AEB,Brazil,BRA,VLS-1 ,11-12-1999,Dec,1999,StatusActive,62,Failure,1990
1222,Arianespace,France,FRA,Ariane 5 G ,10-12-1999,Dec,1999,StatusRetired,200,Success,1990
1223,Northrop,USA,USA,Pegasus XL/HAPS ,04-12-1999,Dec,1999,StatusActive,40,Success,1990
1224,Arianespace,France,FRA,Ariane 40 ,03-12-1999,Dec,1999,StatusRetired,200,Success,1990
1225,Lockheed,USA,USA,Atlas IIA ,23-11-1999,Nov,1999,StatusRetired,35,Success,1990
1226,CASC,China,CHN,Long March 2F ,19-11-1999,Nov,1999,StatusActive,30.8,Success,1990
1227,MHI,Japan,JPN,H-IIS ,15-11-1999,Nov,1999,StatusRetired,90,Failure,1990
1228,Arianespace,France,FRA,Ariane 44LP ,13-11-1999,Nov,1999,StatusRetired,200,Success,1990
1229,Arianespace,France,FRA,Ariane 44LP ,19-10-1999,Oct,1999,StatusRetired,200,Success,1990
1230,CASC,China,CHN,Long March 4B ,14-10-1999,Oct,1999,StatusActive,64.68,Success,1990
1231,Sea Launch,Pacific Ocean,#N/A,Zenit-3 SL ,10-10-1999,Oct,1999,StatusActive,62,Success,1990
1232,Arianespace,France,FRA,Ariane 44LP ,25-09-1999,Sep,1999,StatusRetired,200,Success,1990
1233,Lockheed,USA,USA,Athena II ,24-09-1999,Sep,1999,StatusRetired,35,Success,1990
1234,ILS,USA,USA,Atlas IIAS ,23-09-1999,Sep,1999,StatusRetired,109,Success,1990
1235,Arianespace,France,FRA,Ariane 42P ,04-09-1999,Sep,1999,StatusRetired,200,Success,1990
1236,VKS RF,Russia,RUS,Cosmos-3M (11K65M) ,26-08-1999,Aug,1999,StatusRetired,41.8,Success,1990
1237,Boeing,USA,USA,Delta II 7420-10C ,17-08-1999,Aug,1999,StatusRetired,164,Success,1990
1238,Arianespace,France,FRA,Ariane 42P ,12-08-1999,Aug,1999,StatusRetired,200,Success,1990
1239,Boeing,USA,USA,Delta II 7925 ,07-08-1999,Aug,1999,StatusRetired,164,Success,1990
1240,Boeing,USA,USA,Delta II 7420-10C ,25-07-1999,Jul,1999,StatusRetired,164,Success,1990
1241,NASA,USA,USA,Space Shuttle Columbia ,23-07-1999,Jul,1999,StatusRetired,450,Success,1990
1242,VKS RF,Kazakhstan,KAZ,Zenit-2 ,17-07-1999,Jul,1999,StatusRetired,41.8,Success,1990
1243,Boeing,USA,USA,Delta II 7420-10C ,10-07-1999,Jul,1999,StatusRetired,164,Success,1990
1244,VKS RF,Russia,RUS,Molniya-M /Block ML ,08-07-1999,Jul,1999,StatusRetired,41.8,Success,1990
1245,Boeing,USA,USA,Delta II 7320-10C ,24-06-1999,Jun,1999,StatusRetired,164,Success,1990
1246,Lockheed,USA,USA,Titan II(23)G ,20-06-1999,Jun,1999,StatusRetired,35,Success,1990
1247,CASC,China,CHN,Long March 2C ,11-06-1999,Jun,1999,StatusActive,30.8,Success,1990
1248,Boeing,USA,USA,Delta II 7420-10C ,10-06-1999,Jun,1999,StatusRetired,164,Success,1990
1249,ISRO,India,IND,PSLV-G ,29-05-1999,May,1999,StatusRetired,25,Success,1990
1250,NASA,USA,USA,Space Shuttle Discovery ,27-05-1999,May,1999,StatusRetired,450,Success,1990
1251,Lockheed,USA,USA,Titan IV(404)B ,22-05-1999,May,1999,StatusRetired,35,Success,1990
1252,Northrop,USA,USA,Pegasus XL/HAPS ,18-05-1999,May,1999,StatusActive,40,Success,1990
1253,CASC,China,CHN,Long March 4B ,10-05-1999,May,1999,StatusActive,64.68,Success,1990
1254,Boeing,USA,USA,Delta III 8930 ,05-05-1999,May,1999,StatusRetired,164,Failure,1990
1255,Lockheed,USA,USA,Titan IV(401)B ,30-04-1999,Apr,1999,StatusRetired,35,Failure,1990
1256,VKS RF,Russia,RUS,Cosmos-3M (11K65M) ,28-04-1999,Apr,1999,StatusRetired,41.8,Success,1990
1257,Lockheed,USA,USA,Athena II ,27-04-1999,Apr,1999,StatusRetired,35,Failure,1990
1258,Kosmotras,Kazakhstan,KAZ,Dnepr ,21-04-1999,Apr,1999,StatusRetired,29,Success,1990
1259,Boeing,USA,USA,Delta II 7920-10 ,15-04-1999,Apr,1999,StatusRetired,164,Success,1990
1260,ILS,USA,USA,Atlas IIAS ,12-04-1999,Apr,1999,StatusRetired,109,Success,1990
1261,Lockheed,USA,USA,Titan IV(402)B ,09-04-1999,Apr,1999,StatusRetired,35,Failure,1990
1262,Arianespace,France,FRA,Ariane 42P ,02-04-1999,Apr,1999,StatusRetired,200,Success,1990
1263,Sea Launch,Pacific Ocean,#N/A,Zenit-3 SL ,28-03-1999,Mar,1999,StatusActive,62,Success,1990
1264,Northrop,USA,USA,Pegasus XL ,05-03-1999,Mar,1999,StatusActive,40,Success,1990
1265,Arianespace,France,FRA,Ariane 44L ,26-02-1999,Feb,1999,StatusRetired,200,Success,1990
1266,Boeing,USA,USA,Delta II 7920-10 ,23-02-1999,Feb,1999,StatusRetired,164,Success,1990
1267,ILS,USA,USA,Atlas IIAS ,16-02-1999,Feb,1999,StatusRetired,109,Success,1990
1268,Boeing,USA,USA,Delta II 7426 ,07-02-1999,Feb,1999,StatusRetired,164,Success,1990
1269,Lockheed,USA,USA,Athena I ,27-01-1999,Jan,1999,StatusRetired,35,Success,1990
1270,Boeing,USA,USA,Delta II 7425 ,03-01-1999,Jan,1999,StatusRetired,164,Success,1990
1271,VKS RF,Russia,RUS,Cosmos-3M (11K65M) ,24-12-1998,Dec,1998,StatusRetired,41.8,Success,1990
1272,Arianespace,France,FRA,Ariane 42L ,22-12-1998,Dec,1998,StatusRetired,200,Success,1990
1273,CASC,China,CHN,Long March 2C ,19-12-1998,Dec,1998,StatusActive,30.8,Success,1990
1274,Boeing,USA,USA,Delta II 7425 ,11-12-1998,Dec,1998,StatusRetired,164,Success,1990
1275,VKS RF,Russia,RUS,Cosmos-3M (11K65M) ,10-12-1998,Dec,1998,StatusRetired,41.8,Success,1990
1276,Northrop,USA,USA,Pegasus XL ,06-12-1998,Dec,1998,StatusActive,40,Success,1990
1277,Arianespace,France,FRA,Ariane 42L ,06-12-1998,Dec,1998,StatusRetired,200,Success,1990
1278,NASA,USA,USA,Space Shuttle Endeavour ,04-12-1998,Dec,1998,StatusRetired,450,Success,1990
1279,Boeing,USA,USA,Delta II 7925 ,22-11-1998,Nov,1998,StatusRetired,164,Success,1990
1280,Boeing,USA,USA,Delta II 7920-10C ,06-11-1998,Nov,1998,StatusRetired,164,Success,1990
1281,NASA,USA,USA,Space Shuttle Discovery ,29-10-1998,Oct,1998,StatusRetired,450,Success,1990
1282,Arianespace,France,FRA,Ariane 44L ,28-10-1998,Oct,1998,StatusRetired,200,Success,1990
1283,Northrop,USA,USA,Pegasus ,22-10-1998,Oct,1998,StatusRetired,40,Success,1990
1284,ESA,France,FRA,Ariane 5 G ,21-10-1998,Oct,1998,StatusRetired,37,Success,1990
1285,Lockheed,USA,USA,Atlas IIA ,20-10-1998,Oct,1998,StatusRetired,35,Success,1990
1286,ILS,USA,USA,Atlas IIA ,09-10-1998,Oct,1998,StatusRetired,109,Success,1990
1287,Arianespace,France,FRA,Ariane 44L ,05-10-1998,Oct,1998,StatusRetired,200,Success,1990
1288,Northrop,USA,USA,Minotaur C (Taurus) ,03-10-1998,Oct,1998,StatusActive,45,Success,1990
1289,VKS RF,Russia,RUS,Molniya-M /Block ML ,28-09-1998,Sep,1998,StatusRetired,41.8,Success,1990
1290,Northrop,USA,USA,Pegasus XL/HAPS ,23-09-1998,Sep,1998,StatusActive,40,Success,1990
1291,Arianespace,France,FRA,Ariane 44LP ,16-09-1998,Sep,1998,StatusRetired,200,Success,1990
1292,VKS RF,Kazakhstan,KAZ,Zenit-2 ,09-09-1998,Sep,1998,StatusRetired,41.8,Failure,1990
1293,Boeing,USA,USA,Delta II 7920-10C ,08-09-1998,Sep,1998,StatusRetired,164,Success,1990
1294,KCST,North Korea,PRK,Taepodong-1 ,31-08-1998,Aug,1998,StatusRetired,62,Failure,1990
1295,Boeing,USA,USA,Delta III 8930 ,27-08-1998,Aug,1998,StatusRetired,164,Failure,1990
1296,Arianespace,France,FRA,Ariane 44P ,25-08-1998,Aug,1998,StatusRetired,200,Success,1990
1297,Boeing,USA,USA,Delta II 7920-10C ,24-08-1998,Aug,1998,StatusRetired,164,Success,1990
1298,CASC,China,CHN,Long March 2C ,19-08-1998,Aug,1998,StatusActive,30.8,Success,1990
1299,RVSN USSR,Russia,RUS,Molniya-M /Block ML ,12-08-1998,Aug,1998,StatusRetired,5000,Success,1990
1300,Lockheed,USA,USA,Titan IV(401)A ,12-08-1998,Aug,1998,StatusRetired,35,Failure,1990
1301,Northrop,USA,USA,Pegasus XL/HAPS ,02-08-1998,Aug,1998,StatusActive,40,Success,1990
1302,VKS RF,Kazakhstan,KAZ,Zenit-2 ,28-07-1998,Jul,1998,StatusRetired,41.8,Success,1990
1303,VKS RF,Kazakhstan,KAZ,Zenit-2 ,10-07-1998,Jul,1998,StatusRetired,41.8,Success,1990
1304,SRC,Barents Sea,RUS,Shtil' ,07-07-1998,Jul,1998,StatusRetired,62,Success,1990
1305,ISAS,Japan,JPN,Mu-V / M-24 ,03-07-1998,Jul,1998,StatusRetired,62,Success,1990
1306,VKS RF,Russia,RUS,Molniya-M /Block ML ,01-07-1998,Jul,1998,StatusRetired,41.8,Success,1990
1307,ILS,USA,USA,Atlas IIAS ,18-06-1998,Jun,1998,StatusRetired,109,Success,1990
1308,CASC,China,CHN,Long March 3B ,18-06-1998,Jun,1998,StatusActive,30.8,Success,1990
1309,VKS RF,Russia,RUS,Tsyklon-3 ,15-06-1998,Jun,1998,StatusRetired,41.8,Partial Failure,1990
1310,Boeing,USA,USA,Delta II 7925 ,10-06-1998,Jun,1998,StatusRetired,164,Success,1990
1311,NASA,USA,USA,Space Shuttle Discovery ,02-06-1998,Jun,1998,StatusRetired,450,Success,1990
1312,CASC,China,CHN,Long March 3B ,30-05-1998,May,1998,StatusActive,30.8,Success,1990
1313,Boeing,USA,USA,Delta II 7920-10C ,17-05-1998,May,1998,StatusRetired,164,Success,1990
1314,Lockheed,USA,USA,Titan II(23)G ,13-05-1998,May,1998,StatusRetired,35,Success,1990
1315,Lockheed,USA,USA,Titan IV(401)B ,09-05-1998,May,1998,StatusRetired,35,Success,1990
1316,VKS RF,Russia,RUS,Molniya-M /Block 2BL ,07-05-1998,May,1998,StatusRetired,41.8,Success,1990
1317,CASC,China,CHN,Long March 2C ,02-05-1998,May,1998,StatusActive,30.8,Success,1990
1318,Arianespace,France,FRA,Ariane 44P ,28-04-1998,Apr,1998,StatusRetired,200,Success,1990
1319,Boeing,USA,USA,Delta II 7920-10C ,24-04-1998,Apr,1998,StatusRetired,164,Success,1990
1320,NASA,USA,USA,Space Shuttle Columbia ,17-04-1998,Apr,1998,StatusRetired,450,Success,1990
1321,Northrop,USA,USA,Pegasus XL ,02-04-1998,Apr,1998,StatusActive,40,Success,1990
1322,Boeing,USA,USA,Delta II 7920-10C ,30-03-1998,Mar,1998,StatusRetired,164,Success,1990
1323,CASC,China,CHN,Long March 2C ,25-03-1998,Mar,1998,StatusActive,30.8,Success,1990
1324,Arianespace,France,FRA,Ariane 40 ,24-03-1998,Mar,1998,StatusRetired,200,Success,1990
1325,Lockheed,USA,USA,Atlas II ,16-03-1998,Mar,1998,StatusRetired,35,Success,1990
1326,ILS,USA,USA,Atlas IIAS ,28-02-1998,Feb,1998,StatusRetired,109,Success,1990
1327,Arianespace,France,FRA,Ariane 42P ,27-02-1998,Feb,1998,StatusRetired,200,Success,1990
1328,Northrop,USA,USA,Pegasus XL ,26-02-1998,Feb,1998,StatusActive,40,Success,1990
1329,MHI,Japan,JPN,H-II ,21-02-1998,Feb,1998,StatusRetired,90,Partial Failure,1990
1330,Boeing,USA,USA,Delta II 7920-10C ,18-02-1998,Feb,1998,StatusRetired,164,Success,1990
1331,Boeing,USA,USA,Delta II 7420-10C ,14-02-1998,Feb,1998,StatusRetired,164,Success,1990
1332,Northrop,USA,USA,Minotaur C (Taurus) ,10-02-1998,Feb,1998,StatusActive,45,Success,1990
1333,Arianespace,France,FRA,Ariane 44LP ,04-02-1998,Feb,1998,StatusRetired,200,Success,1990
1334,Lockheed,USA,USA,Atlas IIA ,29-01-1998,Jan,1998,StatusRetired,35,Success,1990
1335,IAI,Israel,ISR,Shavit ,22-01-1998,Jan,1998,StatusRetired,62,Failure,1990
1336,NASA,USA,USA,Space Shuttle Endeavour ,22-01-1998,Jan,1998,StatusRetired,450,Success,1990
1337,Boeing,USA,USA,Delta II 7925 ,10-01-1998,Jan,1998,StatusRetired,164,Success,1990
1338,Lockheed,USA,USA,Athena II ,07-01-1998,Jan,1998,StatusRetired,35,Success,1990
1339,ILS,Kazakhstan,KAZ,Proton K/Block DM-3 ,24-12-1997,Dec,1997,StatusRetired,109,Partial Failure,1990
1340,MITT,Russia,RUS,Start-1 ,24-12-1997,Dec,1997,StatusActive,62,Success,1990
1341,Northrop,USA,USA,Pegasus XL/HAPS ,23-12-1997,Dec,1997,StatusActive,40,Success,1990
1342,Arianespace,France,FRA,Ariane 42L ,22-12-1997,Dec,1997,StatusRetired,200,Success,1990
1343,Boeing,USA,USA,Delta II 7920-10C ,20-12-1997,Dec,1997,StatusRetired,164,Success,1990
1344,Arianespace,France,FRA,Ariane 44L ,12-12-1997,Dec,1997,StatusRetired,200,Success,1990
1345,VKS RF,Kazakhstan,KAZ,Tsyklon-2 ,09-12-1997,Dec,1997,StatusRetired,41.8,Success,1990
1346,ILS,USA,USA,Atlas IIAS ,08-12-1997,Dec,1997,StatusRetired,109,Success,1990
1347,CASC,China,CHN,Long March 2C ,08-12-1997,Dec,1997,StatusActive,30.8,Success,1990
1348,Arianespace,France,FRA,Ariane 44P ,02-12-1997,Dec,1997,StatusRetired,200,Success,1990
1349,MHI,Japan,JPN,H-II ,27-11-1997,Nov,1997,StatusRetired,90,Success,1990
1350,NASA,USA,USA,Space Shuttle Columbia ,19-11-1997,Nov,1997,StatusRetired,450,Success,1990
1351,Boeing,USA,USA,Delta II 7920-10C ,09-11-1997,Nov,1997,StatusRetired,164,Success,1990
1352,Lockheed,USA,USA,Titan IV(401)A ,08-11-1997,Nov,1997,StatusRetired,35,Success,1990
1353,Boeing,USA,USA,Delta II 7925 ,06-11-1997,Nov,1997,StatusRetired,164,Success,1990
1354,AEB,Brazil,BRA,VLS-1 ,02-11-1997,Nov,1997,StatusActive,62,Failure,1990
1355,ESA,France,FRA,Ariane 5 G ,30-10-1997,Oct,1997,StatusRetired,37,Partial Failure,1990
1356,Lockheed,USA,USA,Atlas IIA ,25-10-1997,Oct,1997,StatusRetired,35,Success,1990
1357,Lockheed,USA,USA,Titan IV(403)A ,24-10-1997,Oct,1997,StatusRetired,35,Success,1990
1358,Northrop,USA,USA,Pegasus XL ,22-10-1997,Oct,1997,StatusActive,40,Success,1990
1359,CASC,China,CHN,Long March 3B ,16-10-1997,Oct,1997,StatusActive,30.8,Success,1990
1360,Lockheed,USA,USA,Titan IV(401)B ,15-10-1997,Oct,1997,StatusRetired,35,Success,1990
1361,ILS,USA,USA,Atlas IIAS ,05-10-1997,Oct,1997,StatusRetired,109,Success,1990
1362,ISRO,India,IND,PSLV-G ,29-09-1997,Sep,1997,StatusRetired,25,Partial Failure,1990
1363,Boeing,USA,USA,Delta II 7920-10C ,27-09-1997,Sep,1997,StatusRetired,164,Success,1990
1364,NASA,USA,USA,Space Shuttle Atlantis ,25-09-1997,Sep,1997,StatusRetired,450,Success,1990
1365,VKS RF,Russia,RUS,Molniya-M /Block ML ,24-09-1997,Sep,1997,StatusRetired,41.8,Success,1990
1366,Arianespace,France,FRA,Ariane 44LP ,23-09-1997,Sep,1997,StatusRetired,200,Success,1990
1367,VKS RF,Russia,RUS,Cosmos-3M (11K65M) ,23-09-1997,Sep,1997,StatusRetired,41.8,Success,1990
1368,ILS,USA,USA,Atlas IIAS ,04-09-1997,Sep,1997,StatusRetired,109,Success,1990
1369,Arianespace,France,FRA,Ariane 44LP ,02-09-1997,Sep,1997,StatusRetired,200,Success,1990
1370,CASC,China,CHN,Long March 2C ,01-09-1997,Sep,1997,StatusActive,30.8,Success,1990
1371,Northrop,USA,USA,Pegasus XL ,29-08-1997,Aug,1997,StatusActive,40,Success,1990
1372,Boeing,USA,USA,Delta II 7920-8 ,25-08-1997,Aug,1997,StatusRetired,164,Success,1990
1373,Lockheed,USA,USA,Athena I ,23-08-1997,Aug,1997,StatusRetired,35,Success,1990
1374,Boeing,USA,USA,Delta II 7920-10C ,21-08-1997,Aug,1997,StatusRetired,164,Success,1990
1375,CASC,China,CHN,Long March 3B ,19-08-1997,Aug,1997,StatusActive,30.8,Success,1990
1376,Arianespace,France,FRA,Ariane 44P ,08-08-1997,Aug,1997,StatusRetired,200,Success,1990
1377,NASA,USA,USA,Space Shuttle Discovery ,07-08-1997,Aug,1997,StatusRetired,450,Success,1990
1378,Northrop,Spain,ESP,Pegasus XL ,01-08-1997,Aug,1997,StatusActive,40,Success,1990
1379,ILS,USA,USA,Atlas IIAS ,28-07-1997,Jul,1997,StatusRetired,109,Success,1990
1380,Boeing,USA,USA,Delta II 7925 ,23-07-1997,Jul,1997,StatusRetired,164,Success,1990
1381,Boeing,USA,USA,Delta II 7920-10C ,09-07-1997,Jul,1997,StatusRetired,164,Success,1990
1382,NASA,USA,USA,Space Shuttle Columbia ,01-07-1997,Jul,1997,StatusRetired,450,Success,1990
1383,Arianespace,France,FRA,Ariane 44P ,25-06-1997,Jun,1997,StatusRetired,200,Success,1990
1384,CASC,China,CHN,Long March 3 ,10-06-1997,Jun,1997,StatusRetired,30.8,Success,1990
1385,Arianespace,France,FRA,Ariane 44L ,03-06-1997,Jun,1997,StatusRetired,200,Success,1990
1386,Boeing,USA,USA,Delta II 7925 ,20-05-1997,May,1997,StatusRetired,164,Success,1990
1387,VKS RF,Kazakhstan,KAZ,Zenit-2 ,20-05-1997,May,1997,StatusRetired,41.8,Failure,1990
1388,NASA,USA,USA,Space Shuttle Atlantis ,15-05-1997,May,1997,StatusRetired,450,Success,1990
1389,VKS RF,Russia,RUS,Molniya-M /Block 2BL ,14-05-1997,May,1997,StatusRetired,41.8,Success,1990
1390,CASC,China,CHN,Long March 3A ,11-05-1997,May,1997,StatusActive,69.7,Success,1990
1391,Boeing,USA,USA,Delta II 7920-10C ,05-05-1997,May,1997,StatusRetired,164,Success,1990
1392,Lockheed,USA,USA,Atlas I ,25-04-1997,Apr,1997,StatusRetired,35,Success,1990
1393,Northrop,Spain,ESP,Pegasus XL ,21-04-1997,Apr,1997,StatusActive,40,Success,1990
1394,VKS RF,Russia,RUS,Cosmos-3M (11K65M) ,17-04-1997,Apr,1997,StatusRetired,41.8,Success,1990
1395,Arianespace,France,FRA,Ariane 44LP ,16-04-1997,Apr,1997,StatusRetired,200,Success,1990
1396,NASA,USA,USA,Space Shuttle Columbia ,04-04-1997,Apr,1997,StatusRetired,450,Success,1990
1397,Lockheed,USA,USA,Titan II(23)G ,04-04-1997,Apr,1997,StatusRetired,35,Success,1990
1398,ILS,USA,USA,Atlas IIA ,08-03-1997,Mar,1997,StatusRetired,109,Success,1990
1399,MITT,Russia,RUS,Start-1 ,04-03-1997,Mar,1997,StatusActive,62,Success,1990
1400,Arianespace,France,FRA,Ariane 44P ,01-03-1997,Mar,1997,StatusRetired,200,Success,1990
1401,Lockheed,USA,USA,Titan IV(402)B ,23-02-1997,Feb,1997,StatusRetired,35,Success,1990
1402,ILS,USA,USA,Atlas IIAS ,17-02-1997,Feb,1997,StatusRetired,109,Success,1990
1403,VKS RF,Russia,RUS,Tsyklon-3 ,14-02-1997,Feb,1997,StatusRetired,41.8,Success,1990
1404,ISAS,Japan,JPN,Mu-V / M-24 ,12-02-1997,Feb,1997,StatusRetired,62,Success,1990
1405,NASA,USA,USA,Space Shuttle Discovery ,11-02-1997,Feb,1997,StatusRetired,450,Success,1990
1406,Arianespace,France,FRA,Ariane 44L ,30-01-1997,Jan,1997,StatusRetired,200,Success,1990
1407,Boeing,USA,USA,Delta II 7925 ,17-01-1997,Jan,1997,StatusRetired,164,Failure,1990
1408,NASA,USA,USA,Space Shuttle Atlantis ,12-01-1997,Jan,1997,StatusRetired,450,Success,1990
1409,Lockheed,USA,USA,Titan IV(404)A ,20-12-1996,Dec,1996,StatusRetired,35,Success,1990
1410,VKS RF,Russia,RUS,Cosmos-3M (11K65M) ,20-12-1996,Dec,1996,StatusRetired,41.8,Success,1990
1411,ILS,USA,USA,Atlas IIA ,18-12-1996,Dec,1996,StatusRetired,109,Success,1990
1412,VKS RF,Kazakhstan,KAZ,Tsyklon-2 ,11-12-1996,Dec,1996,StatusRetired,41.8,Success,1990
1413,NASA,USA,USA,Space Shuttle Columbia ,07-12-1996,Dec,1996,StatusRetired,450,Success,1990
1414,Boeing,USA,USA,Delta II 7925 ,04-12-1996,Dec,1996,StatusRetired,164,Success,1990
1415,ILS,USA,USA,Atlas IIA ,21-11-1996,Nov,1996,StatusRetired,109,Success,1990
1416,Arianespace,France,FRA,Ariane 44L ,13-11-1996,Nov,1996,StatusRetired,200,Success,1990
1417,Boeing,USA,USA,Delta II 7925 ,07-11-1996,Nov,1996,StatusRetired,164,Success,1990
1418,Northrop,USA,USA,Pegasus XL ,04-11-1996,Nov,1996,StatusActive,40,Failure,1990
1419,VKS RF,Russia,RUS,Molniya-M /Block ML ,24-10-1996,Oct,1996,StatusRetired,41.8,Success,1990
1420,CASC,China,CHN,Long March 2D ,20-10-1996,Oct,1996,StatusActive,29.75,Success,1990
1421,NASA,USA,USA,Space Shuttle Atlantis ,16-09-1996,Sep,1996,StatusRetired,450,Success,1990
1422,Boeing,USA,USA,Delta II 7925 ,12-09-1996,Sep,1996,StatusRetired,164,Success,1990
1423,Arianespace,France,FRA,Ariane 42P ,11-09-1996,Sep,1996,StatusRetired,200,Success,1990
1424,ILS,USA,USA,Atlas IIA ,08-09-1996,Sep,1996,StatusRetired,109,Success,1990
1425,VKS RF,Russia,RUS,Cosmos-3M (11K65M) ,05-09-1996,Sep,1996,StatusRetired,41.8,Success,1990
1426,VKS RF,Kazakhstan,KAZ,Zenit-2 ,04-09-1996,Sep,1996,StatusRetired,41.8,Success,1990
1427,RVSN USSR,Russia,RUS,Molniya-M /Block SO-L ,29-08-1996,Aug,1996,StatusRetired,5000,Success,1990
1428,Northrop,USA,USA,Pegasus XL ,21-08-1996,Aug,1996,StatusActive,40,Success,1990
1429,CASC,China,CHN,Long March 3 ,18-08-1996,Aug,1996,StatusRetired,30.8,Partial Failure,1990
1430,MHI,Japan,JPN,H-II (2 SSB) ,17-08-1996,Aug,1996,StatusRetired,90,Success,1990
1431,VKS RF,Russia,RUS,Molniya-M /Block ML ,14-08-1996,Aug,1996,StatusRetired,41.8,Success,1990
1432,Arianespace,France,FRA,Ariane 44L ,08-08-1996,Aug,1996,StatusRetired,200,Success,1990
1433,Lockheed,USA,USA,Atlas II ,25-07-1996,Jul,1996,StatusRetired,35,Success,1990
1434,Boeing,USA,USA,Delta II 7925 ,16-07-1996,Jul,1996,StatusRetired,164,Success,1990
1435,Arianespace,France,FRA,Ariane 44L ,09-07-1996,Jul,1996,StatusRetired,200,Success,1990
1436,CASC,China,CHN,Long March 3 ,03-07-1996,Jul,1996,StatusRetired,30.8,Success,1990
1437,Lockheed,USA,USA,Titan IV(405)A ,03-07-1996,Jul,1996,StatusRetired,35,Success,1990
1438,Northrop,USA,USA,Pegasus XL ,02-07-1996,Jul,1996,StatusActive,40,Success,1990
1439,NASA,USA,USA,Space Shuttle Columbia ,20-06-1996,Jun,1996,StatusRetired,450,Success,1990
1440,Arianespace,France,FRA,Ariane 44P ,15-06-1996,Jun,1996,StatusRetired,200,Success,1990
1441,ESA,France,FRA,Ariane 5 G ,04-06-1996,Jun,1996,StatusRetired,37,Failure,1990
1442,Boeing,USA,USA,Delta II 7925 ,24-05-1996,May,1996,StatusRetired,164,Success,1990
1443,NASA,USA,USA,Space Shuttle Endeavour ,19-05-1996,May,1996,StatusRetired,450,Success,1990
1444,Northrop,USA,USA,Pegasus ,17-05-1996,May,1996,StatusRetired,40,Success,1990
1445,Arianespace,France,FRA,Ariane 44L ,16-05-1996,May,1996,StatusRetired,200,Success,1990
1446,Lockheed,USA,USA,Titan IV(403)A ,12-05-1996,May,1996,StatusRetired,35,Success,1990
1447,Lockheed,USA,USA,Atlas I ,30-04-1996,Apr,1996,StatusRetired,35,Success,1990
1448,Lockheed,USA,USA,Titan IV(401)A ,24-04-1996,Apr,1996,StatusRetired,35,Success,1990
1449,VKS RF,Russia,RUS,Cosmos-3M (11K65M) ,24-04-1996,Apr,1996,StatusRetired,41.8,Success,1990
1450,Boeing,USA,USA,Delta II 7920-10 ,24-04-1996,Apr,1996,StatusRetired,164,Success,1990
1451,Arianespace,France,FRA,Ariane 42P ,20-04-1996,Apr,1996,StatusRetired,200,Success,1990
1452,ILS,USA,USA,Atlas IIA ,03-04-1996,Apr,1996,StatusRetired,109,Success,1990
1453,Boeing,USA,USA,Delta II 7925 ,28-03-1996,Mar,1996,StatusRetired,164,Success,1990
1454,NASA,USA,USA,Space Shuttle Atlantis ,22-03-1996,Mar,1996,StatusRetired,450,Success,1990
1455,ISRO,India,IND,PSLV-G ,21-03-1996,Mar,1996,StatusRetired,25,Success,1990
1456,Arianespace,France,FRA,Ariane 44LP ,14-03-1996,Mar,1996,StatusRetired,200,Success,1990
1457,Northrop,USA,USA,Pegasus XL ,09-03-1996,Mar,1996,StatusActive,40,Success,1990
1458,Boeing,USA,USA,Delta II 7925-10 ,24-02-1996,Feb,1996,StatusRetired,164,Success,1990
1459,NASA,USA,USA,Space Shuttle Columbia ,22-02-1996,Feb,1996,StatusRetired,450,Success,1990
1460,VKS RF,Russia,RUS,Tsyklon-3 ,19-02-1996,Feb,1996,StatusRetired,41.8,Success,1990
1461,Boeing,USA,USA,Delta II 7925-8 ,17-02-1996,Feb,1996,StatusRetired,164,Success,1990
1462,CASC,China,CHN,Long March 3B ,14-02-1996,Feb,1996,StatusActive,30.8,Failure,1990
1463,Arianespace,France,FRA,Ariane 44P ,05-02-1996,Feb,1996,StatusRetired,200,Success,1990
1464,ILS,USA,USA,Atlas IIAS ,01-02-1996,Feb,1996,StatusRetired,109,Success,1990
1465,VKS RF,Russia,RUS,Cosmos-3M (11K65M) ,16-01-1996,Jan,1996,StatusRetired,41.8,Success,1990
1466,Boeing,USA,USA,Delta II 7925 ,14-01-1996,Jan,1996,StatusRetired,164,Success,1990
1467,Arianespace,France,FRA,Ariane 44L ,12-01-1996,Jan,1996,StatusRetired,200,Success,1990
1468,NASA,USA,USA,Space Shuttle Endeavour ,11-01-1996,Jan,1996,StatusRetired,450,Success,1990
1469,Boeing,USA,USA,Delta II 7920-10 ,30-12-1995,Dec,1995,StatusRetired,164,Success,1990
1470,CASC,China,CHN,Long March 2E ,28-12-1995,Dec,1995,StatusRetired,30.8,Success,1990
1471,VKS RF,Kazakhstan,KAZ,Molniya-M /Block 2BL ,28-12-1995,Dec,1995,StatusRetired,41.8,Success,1990
1472,VKS RF,Kazakhstan,KAZ,Tsyklon-2 ,20-12-1995,Dec,1995,StatusRetired,41.8,Success,1990
1473,Lockheed,USA,USA,Atlas IIA ,15-12-1995,Dec,1995,StatusRetired,35,Success,1990
1474,Arianespace,France,FRA,Ariane 44L ,06-12-1995,Dec,1995,StatusRetired,200,Success,1990
1475,Lockheed,USA,USA,Titan IV(404)A ,05-12-1995,Dec,1995,StatusRetired,35,Success,1990
1476,Lockheed,USA,USA,Atlas IIAS ,02-12-1995,Dec,1995,StatusRetired,35,Success,1990
1477,CASC,China,CHN,Long March 2E ,28-11-1995,Nov,1995,StatusRetired,30.8,Success,1990
1478,Arianespace,France,FRA,Ariane 44P ,17-11-1995,Nov,1995,StatusRetired,200,Success,1990
1479,NASA,USA,USA,Space Shuttle Atlantis ,12-11-1995,Nov,1995,StatusRetired,450,Success,1990
1480,Lockheed,USA,USA,Titan IV(401)A ,06-11-1995,Nov,1995,StatusRetired,35,Success,1990
1481,Boeing,USA,USA,Delta II 7920-10 ,04-11-1995,Nov,1995,StatusRetired,164,Success,1990
1482,VKS RF,Kazakhstan,KAZ,Zenit-2 ,31-10-1995,Oct,1995,StatusRetired,41.8,Success,1990
1483,EER,USA,USA,Conestoga-1620 ,23-10-1995,Oct,1995,StatusRetired,20,Failure,1990
1484,Lockheed,USA,USA,Atlas II ,22-10-1995,Oct,1995,StatusRetired,35,Success,1990
1485,NASA,USA,USA,Space Shuttle Columbia ,20-10-1995,Oct,1995,StatusRetired,450,Success,1990
1486,Arianespace,France,FRA,Ariane 42L ,19-10-1995,Oct,1995,StatusRetired,200,Success,1990
1487,VKS RF,Russia,RUS,Cosmos-3M (11K65M) ,06-10-1995,Oct,1995,StatusRetired,41.8,Partial Failure,1990
1488,Arianespace,France,FRA,Ariane 42L ,24-09-1995,Sep,1995,StatusRetired,200,Success,1990
1489,NASA,USA,USA,Space Shuttle Endeavour ,07-09-1995,Sep,1995,StatusRetired,450,Success,1990
1490,Boeing,USA,USA,Delta II 7925 ,05-09-1995,Sep,1995,StatusRetired,164,Partial Failure,1990
1491,VKS RF,Russia,RUS,Tsyklon-3 ,31-08-1995,Aug,1995,StatusRetired,41.8,Success,1990
1492,Arianespace,France,FRA,Ariane 42P ,29-08-1995,Aug,1995,StatusRetired,200,Success,1990
1493,ILS,USA,USA,Atlas IIAS ,29-08-1995,Aug,1995,StatusRetired,109,Success,1990
1494,Lockheed,USA,USA,Athena I ,15-08-1995,Aug,1995,StatusRetired,35,Failure,1990
1495,VKS RF,Russia,RUS,Molniya-M /Block ML ,09-08-1995,Aug,1995,StatusRetired,41.8,Success,1990
1496,Arianespace,France,FRA,Ariane 42L ,03-08-1995,Aug,1995,StatusRetired,200,Success,1990
1497,RVSN USSR,Russia,RUS,Molniya-M /Block SO-L ,02-08-1995,Aug,1995,StatusRetired,5000,Success,1990
1498,Lockheed,USA,USA,Atlas IIA ,31-07-1995,Jul,1995,StatusRetired,35,Success,1990
1499,NASA,USA,USA,Space Shuttle Discovery ,13-07-1995,Jul,1995,StatusRetired,450,Success,1990
1500,Lockheed,USA,USA,Titan IV(401)A ,10-07-1995,Jul,1995,StatusRetired,35,Success,1990
1501,Arianespace,France,FRA,Ariane 40 ,07-07-1995,Jul,1995,StatusRetired,200,Success,1990
1502,VKS RF,Russia,RUS,Cosmos-3M (11K65M) ,05-07-1995,Jul,1995,StatusRetired,41.8,Success,1990
1503,NASA,USA,USA,Space Shuttle Atlantis ,27-06-1995,Jun,1995,StatusRetired,450,Success,1990
1504,Northrop,USA,USA,Pegasus XL ,22-06-1995,Jun,1995,StatusActive,40,Failure,1990
1505,Arianespace,France,FRA,Ariane 42P ,10-06-1995,Jun,1995,StatusRetired,200,Success,1990
1506,VKS RF,Kazakhstan,KAZ,Tsyklon-2 ,08-06-1995,Jun,1995,StatusRetired,41.8,Success,1990
1507,Lockheed,USA,USA,Atlas II ,31-05-1995,May,1995,StatusRetired,35,Success,1990
1508,VKS RF,Russia,RUS,Molniya-M /Block 2BL ,24-05-1995,May,1995,StatusRetired,41.8,Success,1990
1509,Lockheed,USA,USA,Atlas I ,23-05-1995,May,1995,StatusRetired,35,Success,1990
1510,Arianespace,France,FRA,Ariane 44LP ,17-05-1995,May,1995,StatusRetired,200,Success,1990
1511,Lockheed,USA,USA,Titan IV(401)A ,14-05-1995,May,1995,StatusRetired,35,Success,1990
1512,Arianespace,France,FRA,Ariane 40 ,21-04-1995,Apr,1995,StatusRetired,200,Success,1990
1513,ILS,USA,USA,Atlas IIA ,07-04-1995,Apr,1995,StatusRetired,109,Success,1990
1514,IAI,Israel,ISR,Shavit ,05-04-1995,Apr,1995,StatusRetired,62,Success,1990
1515,Northrop,USA,USA,Pegasus ,03-04-1995,Apr,1995,StatusRetired,40,Success,1990
1516,Arianespace,France,FRA,Ariane 44LP ,28-03-1995,Mar,1995,StatusRetired,200,Success,1990
1517,MITT,Russia,RUS,Start ,28-03-1995,Mar,1995,StatusRetired,62,Failure,1990
1518,General Dynamics,USA,USA,Atlas-E/F Star-37S-ISS ,24-03-1995,Mar,1995,StatusRetired,62,Success,1990
1519,ILS,USA,USA,Atlas IIAS ,22-03-1995,Mar,1995,StatusRetired,109,Success,1990
1520,VKS RF,Russia,RUS,Cosmos-3M (11K65M) ,22-03-1995,Mar,1995,StatusRetired,41.8,Success,1990
1521,MHI,Japan,JPN,H-II ,18-03-1995,Mar,1995,StatusRetired,90,Success,1990
1522,VKS RF,Russia,RUS,Cosmos-3M (11K65M) ,02-03-1995,Mar,1995,StatusRetired,41.8,Success,1990
1523,NASA,USA,USA,Space Shuttle Endeavour ,02-03-1995,Mar,1995,StatusRetired,450,Success,1990
1524,NASA,USA,USA,Space Shuttle Discovery ,03-02-1995,Feb,1995,StatusRetired,450,Success,1990
1525,Lockheed,USA,USA,Atlas II ,29-01-1995,Jan,1995,StatusRetired,35,Success,1990
1526,CASC,China,CHN,Long March 2E ,25-01-1995,Jan,1995,StatusRetired,30.8,Failure,1990
1527,VKS RF,Russia,RUS,Cosmos-3M (11K65M) ,24-01-1995,Jan,1995,StatusRetired,41.8,Success,1990
1528,ISAS,Japan,JPN,Mu-III S2 ,15-01-1995,Jan,1995,StatusRetired,62,Partial Failure,1990
1529,ILS,USA,USA,Atlas IIAS ,10-01-1995,Jan,1995,StatusRetired,109,Success,1990
1530,General Dynamics,USA,USA,Atlas-E/F Star-37S-ISS ,30-12-1994,Dec,1994,StatusRetired,62,Success,1990
1531,VKS RF,Kazakhstan,KAZ,Rokot/Briz K ,26-12-1994,Dec,1994,StatusRetired,41.8,Success,1990
1532,VKS RF,Russia,RUS,Tsyklon-3 ,26-12-1994,Dec,1994,StatusRetired,41.8,Success,1990
1533,Martin Marietta,USA,USA,Titan IV(402)A ,22-12-1994,Dec,1994,StatusRetired,136.6,Success,1990
1534,VKS RF,Russia,RUS,Cosmos-3M (11K65M) ,20-12-1994,Dec,1994,StatusRetired,41.8,Success,1990
1535,VKS RF,Russia,RUS,Molniya-M /Block ML ,14-12-1994,Dec,1994,StatusRetired,41.8,Success,1990
1536,Arianespace,France,FRA,Ariane 42P ,01-12-1994,Dec,1994,StatusRetired,200,Failure,1990
1537,CASC,China,CHN,Long March 3A ,29-11-1994,Nov,1994,StatusActive,69.7,Partial Failure,1990
1538,Lockheed,USA,USA,Atlas IIA ,29-11-1994,Nov,1994,StatusRetired,35,Success,1990
1539,VKS RF,Russia,RUS,Tsyklon-3 ,29-11-1994,Nov,1994,StatusRetired,41.8,Success,1990
1540,VKS RF,Kazakhstan,KAZ,Zenit-2 ,24-11-1994,Nov,1994,StatusRetired,41.8,Success,1990
1541,VKS RF,Kazakhstan,KAZ,Zenit-2 ,04-11-1994,Nov,1994,StatusRetired,41.8,Success,1990
1542,NASA,USA,USA,Space Shuttle Atlantis ,03-11-1994,Nov,1994,StatusRetired,450,Success,1990
1543,VKS RF,Kazakhstan,KAZ,Tsyklon-2 ,02-11-1994,Nov,1994,StatusRetired,41.8,Success,1990
1544,Boeing,USA,USA,Delta II 7925-10 ,01-11-1994,Nov,1994,StatusRetired,164,Success,1990
1545,Arianespace,France,FRA,Ariane 42P ,01-11-1994,Nov,1994,StatusRetired,200,Success,1990
1546,ISRO,India,IND,PSLV-G ,15-10-1994,Oct,1994,StatusRetired,25,Success,1990
1547,VKS RF,Russia,RUS,Tsyklon-3 ,11-10-1994,Oct,1994,StatusRetired,41.8,Success,1990
1548,Arianespace,France,FRA,Ariane 44L ,08-10-1994,Oct,1994,StatusRetired,200,Success,1990
1549,Lockheed,USA,USA,Atlas IIAS ,06-10-1994,Oct,1994,StatusRetired,35,Success,1990
1550,NASA,USA,USA,Space Shuttle Endeavour ,30-09-1994,Sep,1994,StatusRetired,450,Success,1990
1551,VKS RF,Russia,RUS,Cosmos-3M (11K65M) ,27-09-1994,Sep,1994,StatusRetired,41.8,Success,1990
1552,NASA,USA,USA,Space Shuttle Discovery ,09-09-1994,Sep,1994,StatusRetired,450,Success,1990
1553,Arianespace,France,FRA,Ariane 42L ,09-09-1994,Sep,1994,StatusRetired,200,Success,1990
1554,Northrop,USA,USA,Pegasus ,03-09-1994,Sep,1994,StatusRetired,40,Success,1990
1555,General Dynamics,USA,USA,Atlas-E/F Star-37S-ISS ,29-08-1994,Aug,1994,StatusRetired,62,Success,1990
1556,MHI,Japan,JPN,H-II ,28-08-1994,Aug,1994,StatusRetired,90,Success,1990
1557,CASC,China,CHN,Long March 2E ,27-08-1994,Aug,1994,StatusRetired,30.8,Success,1990
1558,Martin Marietta,USA,USA,Titan IV(401)A ,27-08-1994,Aug,1994,StatusRetired,136.6,Success,1990
1559,VKS RF,Kazakhstan,KAZ,Zenit-2 ,26-08-1994,Aug,1994,StatusRetired,41.8,Success,1990
1560,VKS RF,Russia,RUS,Molniya-M /Block ML ,23-08-1994,Aug,1994,StatusRetired,41.8,Success,1990
1561,Arianespace,France,FRA,Ariane 44LP ,10-08-1994,Aug,1994,StatusRetired,200,Success,1990
1562,VKS RF,Russia,RUS,Molniya-M /Block 2BL ,05-08-1994,Aug,1994,StatusRetired,41.8,Success,1990
1563,Lockheed,USA,USA,Atlas IIA ,03-08-1994,Aug,1994,StatusRetired,35,Success,1990
1564,VKS RF,Russia,RUS,Cosmos-3M (11K65M) ,02-08-1994,Aug,1994,StatusRetired,41.8,Success,1990
1565,CASC,China,CHN,Long March 3 ,21-07-1994,Jul,1994,StatusRetired,30.8,Success,1990
1566,VKS RF,Russia,RUS,Cosmos-3M (11K65M) ,14-07-1994,Jul,1994,StatusRetired,41.8,Success,1990
1567,Arianespace,France,FRA,Ariane 44L ,08-07-1994,Jul,1994,StatusRetired,200,Success,1990
1568,NASA,USA,USA,Space Shuttle Columbia ,08-07-1994,Jul,1994,StatusRetired,450,Success,1990
1569,CASC,China,CHN,Long March 2D ,03-07-1994,Jul,1994,StatusActive,29.75,Success,1990
1570,Northrop,USA,USA,Pegasus XL ,27-06-1994,Jun,1994,StatusActive,40,Failure,1990
1571,Lockheed,USA,USA,Atlas I ,24-06-1994,Jun,1994,StatusRetired,35,Success,1990
1572,Arianespace,France,FRA,Ariane 44LP ,17-06-1994,Jun,1994,StatusRetired,200,Success,1990
1573,VKS RF,Russia,RUS,Tsyklon-3 ,25-05-1994,May,1994,StatusRetired,41.8,Failure,1990
1574,Northrop,USA,USA,Pegasus/HAPS ,19-05-1994,May,1994,StatusRetired,40,Partial Failure,1990
1575,ISRO,India,IND,ASLV ,04-05-1994,May,1994,StatusRetired,25,Success,1990
1576,Martin Marietta,USA,USA,Titan IV(401)A ,03-05-1994,May,1994,StatusRetired,136.6,Success,1990
1577,VKS RF,Russia,RUS,Cosmos-3M (11K65M) ,26-04-1994,Apr,1994,StatusRetired,41.8,Success,1990
1578,VKS RF,Kazakhstan,KAZ,Zenit-2 ,23-04-1994,Apr,1994,StatusRetired,41.8,Success,1990
1579,Lockheed,USA,USA,Atlas I ,13-04-1994,Apr,1994,StatusRetired,35,Success,1990
1580,NASA,USA,USA,Space Shuttle Endeavour ,09-04-1994,Apr,1994,StatusRetired,450,Success,1990
1581,Boeing,USA,USA,Delta II 7925-8 ,19-03-1994,Mar,1994,StatusRetired,164,Success,1990
1582,Northrop,USA,USA,Minotaur C (Taurus) ,13-03-1994,Mar,1994,StatusActive,45,Success,1990
1583,Boeing,USA,USA,Delta II 7925 ,10-03-1994,Mar,1994,StatusRetired,164,Success,1990
1584,NASA,USA,USA,Space Shuttle Columbia ,04-03-1994,Mar,1994,StatusRetired,450,Success,1990
1585,VKS RF,Russia,RUS,Tsyklon-3 ,02-03-1994,Mar,1994,StatusRetired,41.8,Success,1990
1586,VKS RF,Russia,RUS,Tsyklon-3 ,12-02-1994,Feb,1994,StatusRetired,41.8,Success,1990
1587,CASC,China,CHN,Long March 3A ,08-02-1994,Feb,1994,StatusActive,69.7,Success,1990
1588,Martin Marietta,USA,USA,Titan IV(401)A ,07-02-1994,Feb,1994,StatusRetired,136.6,Success,1990
1589,MHI,Japan,JPN,H-II ,03-02-1994,Feb,1994,StatusRetired,90,Success,1990
1590,NASA,USA,USA,Space Shuttle Discovery ,03-02-1994,Feb,1994,StatusRetired,450,Success,1990
1591,Martin Marietta,USA,USA,Titan II(23)G ,25-01-1994,Jan,1994,StatusRetired,35,Success,1990
1592,VKS RF,Russia,RUS,Tsyklon-3 ,25-01-1994,Jan,1994,StatusRetired,41.8,Success,1990
1593,Arianespace,France,FRA,Ariane 44LP ,24-01-1994,Jan,1994,StatusRetired,200,Failure,1990
1594,VKS RF,Russia,RUS,Molniya-M /Block ML ,22-12-1993,Dec,1993,StatusRetired,41.8,Success,1990
1595,Arianespace,France,FRA,Ariane 44L ,18-12-1993,Dec,1993,StatusRetired,200,Success,1990
1596,General Dynamics,USA,USA,Atlas IIAS ,16-12-1993,Dec,1993,StatusRetired,62,Success,1990
1597,Boeing,USA,USA,Delta II 7925 ,08-12-1993,Dec,1993,StatusRetired,164,Success,1990
1598,NASA,USA,USA,Space Shuttle Endeavour ,02-12-1993,Dec,1993,StatusRetired,450,Success,1990
1599,General Dynamics,USA,USA,Atlas II ,28-11-1993,Nov,1993,StatusRetired,62,Success,1990
1600,Arianespace,France,FRA,Ariane 44LP ,20-11-1993,Nov,1993,StatusRetired,200,Success,1990
1601,VKS RF,Russia,RUS,Cosmos-3M (11K65M) ,02-11-1993,Nov,1993,StatusRetired,41.8,Success,1990
1602,Boeing,USA,USA,Delta II 7925 ,26-10-1993,Oct,1993,StatusRetired,164,Success,1990
1603,VKS RF,Russia,RUS,Cosmos-3M (11K65M) ,26-10-1993,Oct,1993,StatusRetired,41.8,Success,1990
1604,Arianespace,France,FRA,Ariane 44LP ,22-10-1993,Oct,1993,StatusRetired,200,Success,1990
1605,NASA,USA,USA,Space Shuttle Columbia ,18-10-1993,Oct,1993,StatusRetired,450,Success,1990
1606,CASC,China,CHN,Long March 2C ,08-10-1993,Oct,1993,StatusActive,30.8,Success,1990
1607,Martin Marietta,USA,USA,Titan II(23)G ,05-10-1993,Oct,1993,StatusRetired,35,Failure,1990
1608,Arianespace,France,FRA,Ariane 40 ,26-09-1993,Sep,1993,StatusRetired,200,Success,1990
1609,ISRO,India,IND,PSLV-G ,20-09-1993,Sep,1993,StatusRetired,25,Failure,1990
1610,VKS RF,Kazakhstan,KAZ,Tsyklon-2 ,17-09-1993,Sep,1993,StatusRetired,41.8,Success,1990
1611,VKS RF,Kazakhstan,KAZ,Zenit-2 ,16-09-1993,Sep,1993,StatusRetired,41.8,Success,1990
1612,NASA,USA,USA,Space Shuttle Discovery ,12-09-1993,Sep,1993,StatusRetired,450,Success,1990
1613,General Dynamics,USA,USA,Atlas I ,03-09-1993,Sep,1993,StatusRetired,62,Success,1990
1614,VKS RF,Russia,RUS,Tsyklon-3 ,31-08-1993,Aug,1993,StatusRetired,41.8,Success,1990
1615,Boeing,USA,USA,Delta II 7925 ,30-08-1993,Aug,1993,StatusRetired,164,Success,1990
1616,VKS RF,Russia,RUS,Molniya-M /Block 2BL ,10-08-1993,Aug,1993,StatusRetired,41.8,Success,1990
1617,General Dynamics,USA,USA,Atlas-E/F Star-37S-ISS ,09-08-1993,Aug,1993,StatusRetired,62,Success,1990
1618,VKS RF,Russia,RUS,Molniya-M /Block ML ,04-08-1993,Aug,1993,StatusRetired,41.8,Success,1990
1619,Martin Marietta,USA,USA,Titan IV(403)A ,02-08-1993,Aug,1993,StatusRetired,136.6,Failure,1990
1620,Arianespace,France,FRA,Ariane 44L ,22-07-1993,Jul,1993,StatusRetired,200,Success,1990
1621,General Dynamics,USA,USA,Atlas II ,19-07-1993,Jul,1993,StatusRetired,62,Success,1990
1622,VKS RF,Kazakhstan,KAZ,Tsyklon-2 ,07-07-1993,Jul,1993,StatusRetired,41.8,Success,1990
1623,Boeing,USA,USA,Delta II 7925 ,26-06-1993,Jun,1993,StatusRetired,164,Success,1990
1624,Arianespace,France,FRA,Ariane 44P ,25-06-1993,Jun,1993,StatusRetired,200,Success,1990
1625,VKS RF,Russia,RUS,Tsyklon-3 ,24-06-1993,Jun,1993,StatusRetired,41.8,Success,1990
1626,NASA,USA,USA,Space Shuttle Endeavour ,21-06-1993,Jun,1993,StatusRetired,450,Success,1990
1627,VKS RF,Russia,RUS,Cosmos-3M (11K65M) ,16-06-1993,Jun,1993,StatusRetired,41.8,Success,1990
1628,VKS RF,Russia,RUS,Molniya-M /Block ML ,26-05-1993,May,1993,StatusRetired,41.8,Success,1990
1629,Boeing,USA,USA,Delta II 7925 ,13-05-1993,May,1993,StatusRetired,164,Success,1990
1630,Arianespace,France,FRA,Ariane 42L ,12-05-1993,May,1993,StatusRetired,200,Success,1990
1631,VKS RF,Russia,RUS,Tsyklon-3 ,11-05-1993,May,1993,StatusRetired,41.8,Success,1990
1632,VKS RF,Kazakhstan,KAZ,Tsyklon-2 ,28-04-1993,Apr,1993,StatusRetired,41.8,Success,1990
1633,NASA,USA,USA,Space Shuttle Columbia ,26-04-1993,Apr,1993,StatusRetired,450,Success,1990
1634,Northrop,USA,USA,Pegasus ,25-04-1993,Apr,1993,StatusRetired,40,Success,1990
1635,VKS RF,Russia,RUS,Molniya-M /Block ML ,21-04-1993,Apr,1993,StatusRetired,41.8,Success,1990
1636,VKS RF,Russia,RUS,Tsyklon-3 ,16-04-1993,Apr,1993,StatusRetired,41.8,Success,1990
1637,VKS RF,Russia,RUS,Molniya-M /Block 2BL ,09-04-1993,Apr,1993,StatusRetired,41.8,Success,1990
1638,NASA,USA,USA,Space Shuttle Discovery ,08-04-1993,Apr,1993,StatusRetired,450,Success,1990
1639,VKS RF,Russia,RUS,Molniya-M /Block 2BL ,06-04-1993,Apr,1993,StatusRetired,41.8,Success,1990
1640,VKS RF,Russia,RUS,Cosmos-3M (11K65M) ,01-04-1993,Apr,1993,StatusRetired,41.8,Success,1990
1641,VKS RF,Kazakhstan,KAZ,Tsyklon-2 ,30-03-1993,Mar,1993,StatusRetired,41.8,Success,1990
1642,Boeing,USA,USA,Delta II 7925 ,30-03-1993,Mar,1993,StatusRetired,164,Success,1990
1643,VKS RF,Kazakhstan,KAZ,Zenit-2 ,26-03-1993,Mar,1993,StatusRetired,41.8,Success,1990
1644,General Dynamics,USA,USA,Atlas I ,25-03-1993,Mar,1993,StatusRetired,62,Failure,1990
1645,MITT,Russia,RUS,Start-1 ,25-03-1993,Mar,1993,StatusActive,62,Success,1990
1646,VKS RF,Russia,RUS,Tsyklon-3 ,16-03-1993,Mar,1993,StatusRetired,41.8,Success,1990
1647,ISAS,Japan,JPN,Mu-III S2 ,20-02-1993,Feb,1993,StatusRetired,62,Success,1990
1648,Northrop,USA,USA,Pegasus ,09-02-1993,Feb,1993,StatusRetired,40,Success,1990
1649,VKS RF,Russia,RUS,Cosmos-3M (11K65M) ,09-02-1993,Feb,1993,StatusRetired,41.8,Success,1990
1650,Boeing,USA,USA,Delta II 7925 ,03-02-1993,Feb,1993,StatusRetired,164,Success,1990
1651,VKS RF,Russia,RUS,Molniya-M /Block 2BL ,26-01-1993,Jan,1993,StatusRetired,41.8,Success,1990
1652,NASA,USA,USA,Space Shuttle Endeavour ,13-01-1993,Jan,1993,StatusRetired,450,Success,1990
1653,VKS RF,Russia,RUS,Molniya-M /Block ML ,13-01-1993,Jan,1993,StatusRetired,41.8,Success,1990
1654,VKS RF,Russia,RUS,Cosmos-3M (11K65M) ,12-01-1993,Jan,1993,StatusRetired,41.8,Success,1990
1655,VKS RF,Russia,RUS,Tsyklon-3 ,25-12-1992,Dec,1992,StatusRetired,41.8,Success,1990
1656,VKS RF,Kazakhstan,KAZ,Zenit-2 ,25-12-1992,Dec,1992,StatusRetired,41.8,Success,1990
1657,VKS RF,Russia,RUS,Tsyklon-3 ,22-12-1992,Dec,1992,StatusRetired,41.8,Success,1990
1658,CASC,China,CHN,Long March 2E ,21-12-1992,Dec,1992,StatusRetired,30.8,Failure,1990
1659,Boeing,USA,USA,Delta II 7925 ,18-12-1992,Dec,1992,StatusRetired,164,Success,1990
1660,NASA,USA,USA,Space Shuttle Discovery ,02-12-1992,Dec,1992,StatusRetired,450,Success,1990
1661,VKS RF,Russia,RUS,Molniya-M /Block ML ,02-12-1992,Dec,1992,StatusRetired,41.8,Success,1990
1662,Arianespace,France,FRA,Ariane 42P ,01-12-1992,Dec,1992,StatusRetired,200,Success,1990
1663,Martin Marietta,USA,USA,Titan IV(404)A ,28-11-1992,Nov,1992,StatusRetired,136.6,Success,1990
1664,VKS RF,Russia,RUS,Molniya-M /Block 2BL ,25-11-1992,Nov,1992,StatusRetired,41.8,Success,1990
1665,VKS RF,Russia,RUS,Tsyklon-3 ,24-11-1992,Nov,1992,StatusRetired,41.8,Success,1990
1666,Boeing,USA,USA,Delta II 7925 ,22-11-1992,Nov,1992,StatusRetired,164,Success,1990
1667,VKS RF,Russia,RUS,Molniya-M /Block 2BL ,21-11-1992,Nov,1992,StatusRetired,41.8,Success,1990
1668,VKS RF,Kazakhstan,KAZ,Zenit-2 ,17-11-1992,Nov,1992,StatusRetired,41.8,Success,1990
1669,VKS RF,Russia,RUS,Cosmos-3M (11K65M) ,29-10-1992,Oct,1992,StatusRetired,41.8,Success,1990
1670,Arianespace,France,FRA,Ariane 42P ,28-10-1992,Oct,1992,StatusRetired,200,Success,1990
1671,NASA,USA,USA,Space Shuttle Columbia ,22-10-1992,Oct,1992,StatusRetired,450,Success,1990
1672,VKS RF,Russia,RUS,Tsyklon-3 ,20-10-1992,Oct,1992,StatusRetired,41.8,Success,1990
1673,VKS RF,Russia,RUS,Molniya-M /Block ML ,14-10-1992,Oct,1992,StatusRetired,41.8,Success,1990
1674,Boeing,USA,USA,Delta II 7925 ,12-10-1992,Oct,1992,StatusRetired,164,Success,1990
1675,CASC,China,CHN,Long March 2C ,06-10-1992,Oct,1992,StatusActive,30.8,Success,1990
1676,Martin Marietta,USA,USA,Commercial Titan III ,25-09-1992,Sep,1992,StatusRetired,136.6,Success,1990
1677,NASA,USA,USA,Space Shuttle Endeavour ,12-09-1992,Sep,1992,StatusRetired,450,Success,1990
1678,Arianespace,France,FRA,Ariane 44LP ,10-09-1992,Sep,1992,StatusRetired,200,Success,1990
1679,Boeing,USA,USA,Delta II 7925 ,09-09-1992,Sep,1992,StatusRetired,164,Success,1990
1680,General Dynamics,USA,USA,Atlas I ,22-08-1992,Aug,1992,StatusRetired,62,Failure,1990
1681,CASC,China,CHN,Long March 2E ,13-08-1992,Aug,1992,StatusRetired,30.8,Success,1990
1682,VKS RF,Russia,RUS,Cosmos-3M (11K65M) ,12-08-1992,Aug,1992,StatusRetired,41.8,Success,1990
1683,Arianespace,France,FRA,Ariane 42P ,10-08-1992,Aug,1992,StatusRetired,200,Success,1990
1684,CASC,China,CHN,Long March 2D ,09-08-1992,Aug,1992,StatusActive,29.75,Success,1990
1685,VKS RF,Russia,RUS,Molniya-M /Block NVL ,06-08-1992,Aug,1992,StatusRetired,41.8,Success,1990
1686,NASA,USA,USA,Space Shuttle Atlantis ,31-07-1992,Jul,1992,StatusRetired,450,Success,1990
1687,Boeing,USA,USA,Delta II 6925 ,24-07-1992,Jul,1992,StatusRetired,164,Success,1990
1688,Boeing,USA,USA,Delta II 7925 ,24-07-1992,Jul,1992,StatusRetired,164,Success,1990
1689,RVSN USSR,Russia,RUS,Tsyklon-3 ,13-07-1992,Jul,1992,StatusRetired,5000,Success,1990
1690,Arianespace,France,FRA,Ariane 44L ,09-07-1992,Jul,1992,StatusRetired,200,Success,1990
1691,RVSN USSR,Russia,RUS,Molniya-M /Block 2BL ,08-07-1992,Jul,1992,StatusRetired,5000,Success,1990
1692,Boeing,USA,USA,Delta II 7925 ,07-07-1992,Jul,1992,StatusRetired,164,Success,1990
1693,General Dynamics,USA,USA,Atlas II ,02-07-1992,Jul,1992,StatusRetired,62,Success,1990
1694,RVSN USSR,Russia,RUS,Cosmos-3M (11K65M) ,01-07-1992,Jul,1992,StatusRetired,5000,Success,1990
1695,NASA,USA,USA,Space Shuttle Columbia ,25-06-1992,Jun,1992,StatusRetired,450,Success,1990
1696,General Dynamics,USA,USA,Atlas IIA ,10-06-1992,Jun,1992,StatusRetired,62,Success,1990
1697,Boeing,USA,USA,Delta II 6920-10 ,07-06-1992,Jun,1992,StatusRetired,164,Success,1990
1698,RVSN USSR,Russia,RUS,Cosmos-3M (11K65M) ,03-06-1992,Jun,1992,StatusRetired,5000,Success,1990
1699,Boeing,USA,USA,Delta II 7925 ,14-05-1992,May,1992,StatusRetired,164,Success,1990
1700,NASA,USA,USA,Space Shuttle Endeavour ,07-05-1992,May,1992,StatusRetired,450,Success,1990
1701,Martin Marietta,USA,USA,Titan II(23)G ,25-04-1992,Apr,1992,StatusRetired,35,Success,1990
1702,Arianespace,France,FRA,Ariane 44L ,15-04-1992,Apr,1992,StatusRetired,200,Success,1990
1703,RVSN USSR,Russia,RUS,Cosmos-3M (11K65M) ,15-04-1992,Apr,1992,StatusRetired,5000,Success,1990
1704,Boeing,USA,USA,Delta II 7925 ,10-04-1992,Apr,1992,StatusRetired,164,Success,1990
1705,NASA,USA,USA,Space Shuttle Atlantis ,24-03-1992,Mar,1992,StatusRetired,450,Success,1990
1706,Boeing,USA,USA,Delta II 7925 ,23-03-1992,Mar,1992,StatusRetired,164,Success,1990
1707,General Dynamics,USA,USA,Atlas I ,14-03-1992,Mar,1992,StatusRetired,62,Success,1990
1708,RVSN USSR,Russia,RUS,Cosmos-3M (11K65M) ,09-03-1992,Mar,1992,StatusRetired,5000,Success,1990
1709,VKS RF,Russia,RUS,Molniya-M /Block ML ,04-03-1992,Mar,1992,StatusRetired,41.8,Success,1990
1710,Arianespace,France,FRA,Ariane 44L ,26-02-1992,Feb,1992,StatusRetired,200,Success,1990
1711,RVSN USSR,Russia,RUS,Cosmos-3M (11K65M) ,17-02-1992,Feb,1992,StatusRetired,5000,Success,1990
1712,MHI,Japan,JPN,H-I (9 SO) ,11-02-1992,Feb,1992,StatusRetired,90,Success,1990
1713,General Dynamics,USA,USA,Atlas II ,11-02-1992,Feb,1992,StatusRetired,62,Success,1990
1714,RVSN USSR,Kazakhstan,KAZ,Zenit-2 ,05-02-1992,Feb,1992,StatusRetired,5000,Failure,1990
1715,RVSN USSR,Russia,RUS,Molniya-M /Block 2BL ,24-01-1992,Jan,1992,StatusRetired,5000,Success,1990
1716,NASA,USA,USA,Space Shuttle Discovery ,22-01-1992,Jan,1992,StatusRetired,450,Success,1990
1717,CASC,China,CHN,Long March 3 ,28-12-1991,Dec,1991,StatusRetired,30.8,Partial Failure,1990
1718,RVSN USSR,Kazakhstan,KAZ,Rokot/Briz K ,20-12-1991,Dec,1991,StatusRetired,5000,Success,1990
1719,Yuzhmash,Russia,RUS,Tsyklon-3 ,18-12-1991,Dec,1991,StatusRetired,62,Success,1990
1720,Arianespace,France,FRA,Ariane 44L ,16-12-1991,Dec,1991,StatusRetired,200,Success,1990
1721,General Dynamics,USA,USA,Atlas II ,07-12-1991,Dec,1991,StatusRetired,62,Success,1990
1722,General Dynamics,USA,USA,Atlas-E/F Star-37S-ISS ,28-11-1991,Nov,1991,StatusRetired,62,Success,1990
1723,RVSN USSR,Russia,RUS,Cosmos-3M (11K65M) ,27-11-1991,Nov,1991,StatusRetired,5000,Success,1990
1724,NASA,USA,USA,Space Shuttle Atlantis ,24-11-1991,Nov,1991,StatusRetired,450,Success,1990
1725,RVSN USSR,Russia,RUS,Tsyklon-3 ,12-11-1991,Nov,1991,StatusRetired,5000,Success,1990
1726,Martin Marietta,USA,USA,Titan IV(403)A ,08-11-1991,Nov,1991,StatusRetired,136.6,Success,1990
1727,Arianespace,France,FRA,Ariane 44L ,29-10-1991,Oct,1991,StatusRetired,200,Success,1990
1728,RVSN USSR,Russia,RUS,Cosmos-3M (11K65M) ,10-10-1991,Oct,1991,StatusRetired,5000,Success,1990
1729,RVSN USSR,Russia,RUS,Tsyklon-3 ,28-09-1991,Sep,1991,StatusRetired,5000,Success,1990
1730,Arianespace,France,FRA,Ariane 44P ,26-09-1991,Sep,1991,StatusRetired,200,Success,1990
1731,RVSN USSR,Russia,RUS,Molniya-M /Block ML ,17-09-1991,Sep,1991,StatusRetired,5000,Success,1990
1732,NASA,USA,USA,Space Shuttle Discovery ,12-09-1991,Sep,1991,StatusRetired,450,Success,1990
1733,RVSN USSR,Kazakhstan,KAZ,Zenit-2 ,30-08-1991,Aug,1991,StatusRetired,5000,Failure,1990
1734,ISAS,Japan,JPN,Mu-III S2 ,30-08-1991,Aug,1991,StatusRetired,62,Success,1990
1735,RVSN USSR,Kazakhstan,KAZ,Vostok-2M ,29-08-1991,Aug,1991,StatusRetired,5000,Success,1990
1736,MHI,Japan,JPN,H-I UM-129A (9SO) ,25-08-1991,Aug,1991,StatusRetired,90,Success,1990
1737,MHI,Japan,JPN,H-I (9 SO) ,25-08-1991,Aug,1991,StatusRetired,90,Success,1990
1738,RVSN USSR,Russia,RUS,Cosmos-3M (11K65M) ,22-08-1991,Aug,1991,StatusRetired,5000,Success,1990
1739,RVSN USSR,Russia,RUS,Tsyklon-3 ,15-08-1991,Aug,1991,StatusRetired,5000,Success,1990
1740,Arianespace,France,FRA,Ariane 44L ,14-08-1991,Aug,1991,StatusRetired,200,Success,1990
1741,NASA,USA,USA,Space Shuttle Atlantis ,02-08-1991,Aug,1991,StatusRetired,450,Success,1990
1742,RVSN USSR,Russia,RUS,Molniya-M /Block ML ,01-08-1991,Aug,1991,StatusRetired,5000,Success,1990
1743,Northrop,USA,USA,Pegasus/HAPS ,21-07-1991,Jul,1991,StatusRetired,40,Partial Failure,1990
1744,Arianespace,France,FRA,Ariane 40 ,17-07-1991,Jul,1991,StatusRetired,200,Success,1990
1745,Boeing,USA,USA,Delta II 7925 ,04-07-1991,Jul,1991,StatusRetired,164,Success,1990
1746,RVSN USSR,Russia,RUS,Cosmos-3M (11K65M) ,25-06-1991,Jun,1991,StatusRetired,5000,Failure,1990
1747,RVSN USSR,Russia,RUS,Molniya-M /Block ML ,18-06-1991,Jun,1991,StatusRetired,5000,Success,1990
1748,RVSN USSR,Russia,RUS,Tsyklon-3 ,13-06-1991,Jun,1991,StatusRetired,5000,Success,1990
1749,RVSN USSR,Russia,RUS,Cosmos-3M (11K65M) ,11-06-1991,Jun,1991,StatusRetired,5000,Success,1990
1750,NASA,USA,USA,Space Shuttle Columbia ,05-06-1991,Jun,1991,StatusRetired,450,Success,1990
1751,RVSN USSR,Russia,RUS,Tsyklon-3 ,04-06-1991,Jun,1991,StatusRetired,5000,Success,1990
1752,Boeing,USA,USA,Delta II 7925 ,29-05-1991,May,1991,StatusRetired,164,Success,1990
1753,RVSN USSR,Russia,RUS,Tsyklon-3 ,16-05-1991,May,1991,StatusRetired,5000,Success,1990
1754,General Dynamics,USA,USA,Atlas-E/F Star-37S-ISS ,14-05-1991,May,1991,StatusRetired,62,Success,1990
1755,NASA,USA,USA,Space Shuttle Discovery ,28-04-1991,Apr,1991,StatusRetired,450,Success,1990
1756,RVSN USSR,Russia,RUS,Tsyklon-3 ,24-04-1991,Apr,1991,StatusRetired,5000,Success,1990
1757,General Dynamics,USA,USA,Atlas I ,18-04-1991,Apr,1991,StatusRetired,62,Failure,1990
1758,RVSN USSR,Russia,RUS,Cosmos-3M (11K65M) ,16-04-1991,Apr,1991,StatusRetired,5000,Success,1990
1759,Boeing,USA,USA,Delta II 7925 ,13-04-1991,Apr,1991,StatusRetired,164,Success,1990
1760,NASA,USA,USA,Space Shuttle Atlantis ,05-04-1991,Apr,1991,StatusRetired,450,Success,1990
1761,Arianespace,France,FRA,Ariane 44P ,04-04-1991,Apr,1991,StatusRetired,200,Success,1990
1762,RVSN USSR,Russia,RUS,Molniya-M /Block ML ,22-03-1991,Mar,1991,StatusRetired,5000,Success,1990
1763,RVSN USSR,Russia,RUS,Cosmos-3M (11K65M) ,19-03-1991,Mar,1991,StatusRetired,5000,Success,1990
1764,RVSN USSR,Russia,RUS,Cosmos-3M (11K65M) ,12-03-1991,Mar,1991,StatusRetired,5000,Success,1990
1765,Boeing,USA,USA,Delta II 6925 ,08-03-1991,Mar,1991,StatusRetired,164,Success,1990
1766,Martin Marietta,USA,USA,Titan IV(403)A ,08-03-1991,Mar,1991,StatusRetired,136.6,Success,1990
1767,Arianespace,France,FRA,Ariane 44LP ,02-03-1991,Mar,1991,StatusRetired,200,Success,1990
1768,RVSN USSR,Russia,RUS,Cosmos-3M (11K65M) ,26-02-1991,Feb,1991,StatusRetired,5000,Success,1990
1769,RVSN USSR,Russia,RUS,Molniya-M /Block ML ,15-02-1991,Feb,1991,StatusRetired,5000,Success,1990
1770,RVSN USSR,Russia,RUS,Cosmos-3M (11K65M) ,12-02-1991,Feb,1991,StatusRetired,5000,Success,1990
1771,RVSN USSR,Russia,RUS,Cosmos-3M (11K65M) ,05-02-1991,Feb,1991,StatusRetired,5000,Success,1990
1772,RVSN USSR,Russia,RUS,Cosmos-3M (11K65M) ,29-01-1991,Jan,1991,StatusRetired,5000,Success,1990
1773,RVSN USSR,Kazakhstan,KAZ,Tsyklon-2 ,18-01-1991,Jan,1991,StatusRetired,5000,Success,1990
1774,Arianespace,France,FRA,Ariane 44L ,15-01-1991,Jan,1991,StatusRetired,200,Success,1990
1775,Boeing,USA,USA,Delta II 7925 ,08-01-1991,Jan,1991,StatusRetired,164,Success,1990
1776,RVSN USSR,Russia,RUS,Tsyklon-3 ,22-12-1990,Dec,1990,StatusRetired,5000,Success,1990
1777,RVSN USSR,Russia,RUS,Cosmos-3M (11K65M) ,10-12-1990,Dec,1990,StatusRetired,5000,Success,1990
1778,RVSN USSR,Kazakhstan,KAZ,Tsyklon-2 ,04-12-1990,Dec,1990,StatusRetired,5000,Success,1990
1779,NASA,USA,USA,Space Shuttle Columbia ,02-12-1990,Dec,1990,StatusRetired,450,Success,1990
1780,General Dynamics,USA,USA,Atlas-E/F Star-37S-ISS ,01-12-1990,Dec,1990,StatusRetired,62,Success,1990
1781,RVSN USSR,Russia,RUS,Tsyklon-3 ,28-11-1990,Nov,1990,StatusRetired,5000,Success,1990
1782,Boeing,USA,USA,Delta II 7925 ,26-11-1990,Nov,1990,StatusRetired,164,Success,1990
1783,RVSN USSR,Russia,RUS,Molniya-M /Block ML ,23-11-1990,Nov,1990,StatusRetired,5000,Success,1990
1784,RVSN USSR,Kazakhstan,KAZ,Rokot/Briz K ,20-11-1990,Nov,1990,StatusRetired,5000,Success,1990
1785,Arianespace,France,FRA,Ariane 42P ,20-11-1990,Nov,1990,StatusRetired,200,Success,1990
1786,RVSN USSR,Russia,RUS,Molniya-M /Block 2BL ,20-11-1990,Nov,1990,StatusRetired,5000,Success,1990
1787,NASA,USA,USA,Space Shuttle Atlantis ,15-11-1990,Nov,1990,StatusRetired,450,Success,1990
1788,RVSN USSR,Kazakhstan,KAZ,Tsyklon-2 ,14-11-1990,Nov,1990,StatusRetired,5000,Success,1990
1789,Martin Marietta,USA,USA,Titan IV(402)A ,13-11-1990,Nov,1990,StatusRetired,136.6,Success,1990
1790,Boeing,USA,USA,Delta II 6925 ,30-10-1990,Oct,1990,StatusRetired,164,Success,1990
1791,Boeing,USA,USA,Delta II 6925 ,18-10-1990,Oct,1990,StatusRetired,164,Success,1990
1792,Arianespace,France,FRA,Ariane 44L ,12-10-1990,Oct,1990,StatusRetired,200,Success,1990
1793,NASA,USA,USA,Space Shuttle Discovery ,06-10-1990,Oct,1990,StatusRetired,450,Success,1990
1794,CASC,China,CHN,Long March 2C ,05-10-1990,Oct,1990,StatusActive,30.8,Success,1990
1795,RVSN USSR,Kazakhstan,KAZ,Zenit-2 ,04-10-1990,Oct,1990,StatusRetired,5000,Failure,1990
1796,Boeing,USA,USA,Delta II 6925 ,02-10-1990,Oct,1990,StatusRetired,164,Success,1990
1797,RVSN USSR,Russia,RUS,Tsyklon-3 ,28-09-1990,Sep,1990,StatusRetired,5000,Success,1990
1798,RVSN USSR,Russia,RUS,Molniya-M /Block ML ,20-09-1990,Sep,1990,StatusRetired,5000,Success,1990
1799,RVSN USSR,Russia,RUS,Cosmos-3M (11K65M) ,14-09-1990,Sep,1990,StatusRetired,5000,Success,1990
1800,CASC,China,CHN,Long March 4A ,03-09-1990,Sep,1990,StatusRetired,30.8,Success,1990
1801,Arianespace,France,FRA,Ariane 44L ,30-08-1990,Aug,1990,StatusRetired,200,Success,1990
1802,RVSN USSR,Russia,RUS,Cosmos-3M (11K65M) ,28-08-1990,Aug,1990,StatusRetired,5000,Success,1990
1803,MHI,Japan,JPN,H-I UM-129A (9SO) ,28-08-1990,Aug,1990,StatusRetired,90,Success,1990
1804,MHI,Japan,JPN,H-I (9 SO) ,28-08-1990,Aug,1990,StatusRetired,90,Success,1990
1805,RVSN USSR,Russia,RUS,Molniya-M /Block 2BL ,28-08-1990,Aug,1990,StatusRetired,5000,Success,1990
1806,RVSN USSR,Kazakhstan,KAZ,Tsyklon-2 ,23-08-1990,Aug,1990,StatusRetired,5000,Success,1990
1807,RVSN USSR,Russia,RUS,Molniya-M /Block ML ,10-08-1990,Aug,1990,StatusRetired,5000,Success,1990
1808,RVSN USSR,Russia,RUS,Tsyklon-3 ,08-08-1990,Aug,1990,StatusRetired,5000,Success,1990
1809,RVSN USSR,Russia,RUS,Tsyklon-3 ,30-07-1990,Jul,1990,StatusRetired,5000,Success,1990
1810,General Dynamics,USA,USA,Atlas I ,25-07-1990,Jul,1990,StatusRetired,62,Success,1990
1811,RVSN USSR,Russia,RUS,Molniya-M /Block 2BL ,25-07-1990,Jul,1990,StatusRetired,5000,Success,1990
1812,Arianespace,France,FRA,Ariane 44L ,24-07-1990,Jul,1990,StatusRetired,200,Success,1990
1813,CASC,China,CHN,Long March 2E ,16-07-1990,Jul,1990,StatusRetired,30.8,Success,1990
1814,RVSN USSR,Russia,RUS,Tsyklon-3 ,25-06-1990,Jun,1990,StatusRetired,5000,Success,1990
1815,Martin Marietta,USA,USA,Commercial Titan III ,23-06-1990,Jun,1990,StatusRetired,136.6,Success,1990
1816,RVSN USSR,Russia,RUS,Molniya-M /Block 2BL ,21-06-1990,Jun,1990,StatusRetired,5000,Partial Failure,1990
1817,RVSN USSR,Russia,RUS,Molniya-M /Block ML ,13-06-1990,Jun,1990,StatusRetired,5000,Success,1990
1818,Boeing,USA,USA,Delta 4925-8 ,12-06-1990,Jun,1990,StatusRetired,164,Success,1990
1819,Martin Marietta,USA,USA,Titan IV(405)A ,08-06-1990,Jun,1990,StatusRetired,136.6,Success,1990
1820,Boeing,USA,USA,Delta II 6920-10 ,01-06-1990,Jun,1990,StatusRetired,164,Success,1990
1821,RVSN USSR,Kazakhstan,KAZ,Zenit-2 ,22-05-1990,May,1990,StatusRetired,5000,Success,1990
1822,RVSN USSR,Russia,RUS,Molniya-M /Block 2BL ,28-04-1990,Apr,1990,StatusRetired,5000,Success,1990
1823,RVSN USSR,Russia,RUS,Molniya-M /Block ML ,26-04-1990,Apr,1990,StatusRetired,5000,Success,1990
1824,RVSN USSR,Russia,RUS,Cosmos-3M (11K65M) ,25-04-1990,Apr,1990,StatusRetired,5000,Success,1990
1825,NASA,USA,USA,Space Shuttle Discovery ,24-04-1990,Apr,1990,StatusRetired,450,Success,1990
1826,RVSN USSR,Russia,RUS,Cosmos-3M (11K65M) ,20-04-1990,Apr,1990,StatusRetired,5000,Success,1990
1827,Boeing,USA,USA,Delta II 6925-8 ,13-04-1990,Apr,1990,StatusRetired,164,Success,1990
1828,Lockheed,USA,USA,Atlas-E/F Altair ,11-04-1990,Apr,1990,StatusRetired,35,Success,1990
1829,CASC,China,CHN,Long March 3 ,07-04-1990,Apr,1990,StatusRetired,30.8,Success,1990
1830,RVSN USSR,Russia,RUS,Cosmos-3M (11K65M) ,06-04-1990,Apr,1990,StatusRetired,5000,Success,1990
1831,Northrop,USA,USA,Pegasus ,05-04-1990,Apr,1990,StatusRetired,40,Success,1990
1832,IAI,Israel,ISR,Shavit ,03-04-1990,Apr,1990,StatusRetired,62,Success,1990
1833,RVSN USSR,Russia,RUS,Molniya-M /Block 2BL ,27-03-1990,Mar,1990,StatusRetired,5000,Success,1990
1834,Boeing,USA,USA,Delta II 6925 ,26-03-1990,Mar,1990,StatusRetired,164,Success,1990
1835,RVSN USSR,Russia,RUS,Cosmos-3M (11K65M) ,20-03-1990,Mar,1990,StatusRetired,5000,Success,1990
1836,RVSN USSR,Kazakhstan,KAZ,Tsyklon-2 ,14-03-1990,Mar,1990,StatusRetired,5000,Success,1990
1837,Martin Marietta,USA,USA,Commercial Titan III ,14-03-1990,Mar,1990,StatusRetired,136.6,Failure,1990
1838,NASA,USA,USA,Space Shuttle Atlantis ,28-02-1990,Feb,1990,StatusRetired,450,Success,1990
1839,RVSN USSR,Russia,RUS,Tsyklon-3 ,28-02-1990,Feb,1990,StatusRetired,5000,Success,1990
1840,RVSN USSR,Russia,RUS,Cosmos-3M (11K65M) ,27-02-1990,Feb,1990,StatusRetired,5000,Success,1990
1841,Arianespace,France,FRA,Ariane 44L ,22-02-1990,Feb,1990,StatusRetired,200,Failure,1990
1842,Boeing,USA,USA,Delta II 6920-8 ,14-02-1990,Feb,1990,StatusRetired,164,Success,1990
1843,MHI,Japan,JPN,H-I (9 SO) ,07-02-1990,Feb,1990,StatusRetired,90,Success,1990
1844,MHI,Japan,JPN,H-I (9 SO) ,07-02-1990,Feb,1990,StatusRetired,90,Success,1990
1845,RVSN USSR,Russia,RUS,Cosmos-3M (11K65M) ,06-02-1990,Feb,1990,StatusRetired,5000,Success,1990
1846,CASC,China,CHN,Long March 3 ,04-02-1990,Feb,1990,StatusRetired,30.8,Success,1990
1847,Boeing,USA,USA,Delta II 6925 ,30-01-1990,Jan,1990,StatusRetired,164,Success,1990
1848,RVSN USSR,Russia,RUS,Tsyklon-3 ,30-01-1990,Jan,1990,StatusRetired,5000,Success,1990
1849,Boeing,USA,USA,Delta II 6925 ,24-01-1990,Jan,1990,StatusRetired,164,Success,1990
1850,ISAS,Japan,JPN,Mu-III S2 ,24-01-1990,Jan,1990,StatusRetired,62,Success,1990
1851,RVSN USSR,Russia,RUS,Molniya-M /Block ML ,23-01-1990,Jan,1990,StatusRetired,5000,Success,1990
1852,Arianespace,France,FRA,Ariane 40 ,22-01-1990,Jan,1990,StatusRetired,200,Success,1990
1853,RVSN USSR,Russia,RUS,Cosmos-3M (11K65M) ,18-01-1990,Jan,1990,StatusRetired,5000,Success,1990
1854,NASA,USA,USA,Space Shuttle Columbia ,09-01-1990,Jan,1990,StatusRetired,450,Success,1990
1855,Martin Marietta,USA,USA,Commercial Titan III ,01-01-1990,Jan,1990,StatusRetired,136.6,Success,1990
1856,RVSN USSR,Russia,RUS,Tsyklon-3 ,27-12-1989,Dec,1989,StatusRetired,5000,Success,1980
1857,Boeing,USA,USA,Delta II 6925 ,11-12-1989,Dec,1989,StatusRetired,164,Success,1980
1858,RVSN USSR,Russia,RUS,Molniya-M /Block ML ,28-11-1989,Nov,1989,StatusRetired,5000,Success,1980
1859,RVSN USSR,Kazakhstan,KAZ,Tsyklon-2 ,24-11-1989,Nov,1989,StatusRetired,5000,Success,1980
1860,RVSN USSR,Russia,RUS,Molniya-M /Block 2BL ,23-11-1989,Nov,1989,StatusRetired,5000,Success,1980
1861,NASA,USA,USA,Space Shuttle Discovery ,23-11-1989,Nov,1989,StatusRetired,450,Success,1980
1862,Arianespace,France,FRA,Ariane 44L ,27-10-1989,Oct,1989,StatusRetired,200,Success,1980
1863,RVSN USSR,Russia,RUS,Tsyklon-3 ,24-10-1989,Oct,1989,StatusRetired,5000,Success,1980
1864,NASA,USA,USA,Space Shuttle Atlantis ,18-10-1989,Oct,1989,StatusRetired,450,Success,1980
1865,RVSN USSR,Russia,RUS,Tsyklon-3 ,28-09-1989,Sep,1989,StatusRetired,5000,Success,1980
1866,RVSN USSR,Kazakhstan,KAZ,Tsyklon-2 ,27-09-1989,Sep,1989,StatusRetired,5000,Success,1980
1867,RVSN USSR,Russia,RUS,Molniya-M /Block ML ,27-09-1989,Sep,1989,StatusRetired,5000,Success,1980
1868,General Dynamics,USA,USA,Atlas-G Centaur-D1AR ,25-09-1989,Sep,1989,StatusRetired,62,Success,1980
1869,RVSN USSR,Russia,RUS,Tsyklon-3 ,14-09-1989,Sep,1989,StatusRetired,5000,Success,1980
1870,Martin Marietta,USA,USA,Titan II(23)G ,06-09-1989,Sep,1989,StatusRetired,35,Success,1980
1871,MHI,Japan,JPN,H-I UM-129A (6SO) ,05-09-1989,Sep,1989,StatusRetired,90,Success,1980
1872,Martin Marietta,USA,USA,Titan 34D ,04-09-1989,Sep,1989,StatusRetired,35,Success,1980
1873,RVSN USSR,Russia,RUS,Tsyklon-3 ,28-08-1989,Aug,1989,StatusRetired,5000,Success,1980
1874,Boeing,USA,USA,Delta II 6925 ,27-08-1989,Aug,1989,StatusRetired,164,Success,1980
1875,Boeing,USA,USA,Delta II 6925 ,18-08-1989,Aug,1989,StatusRetired,164,Success,1980
1876,Arianespace,France,FRA,Ariane 44LP ,08-08-1989,Aug,1989,StatusRetired,200,Success,1980
1877,NASA,USA,USA,Space Shuttle Columbia ,08-08-1989,Aug,1989,StatusRetired,450,Success,1980
1878,RVSN USSR,Russia,RUS,Cosmos-3M (11K65M) ,25-07-1989,Jul,1989,StatusRetired,5000,Success,1980
1879,RVSN USSR,Kazakhstan,KAZ,Tsyklon-2 ,24-07-1989,Jul,1989,StatusRetired,5000,Success,1980
1880,Arianespace,France,FRA,Ariane 3 ,12-07-1989,Jul,1989,StatusRetired,200,Success,1980
1881,RVSN USSR,Russia,RUS,Cosmos-3M (11K65M) ,04-07-1989,Jul,1989,StatusRetired,5000,Success,1980
1882,Martin Marietta,USA,USA,Titan IV(402)A ,14-06-1989,Jun,1989,StatusRetired,35,Success,1980
1883,RVSN USSR,Russia,RUS,Cosmos-3M (11K65M) ,14-06-1989,Jun,1989,StatusRetired,5000,Success,1980
1884,Boeing,USA,USA,Delta II 6925 ,10-06-1989,Jun,1989,StatusRetired,164,Success,1980
1885,RVSN USSR,Russia,RUS,Tsyklon-3 ,09-06-1989,Jun,1989,StatusRetired,5000,Failure,1980
1886,RVSN USSR,Russia,RUS,Molniya-M /Block ML ,08-06-1989,Jun,1989,StatusRetired,5000,Success,1980
1887,RVSN USSR,Russia,RUS,Cosmos-3M (11K65M) ,07-06-1989,Jun,1989,StatusRetired,5000,Success,1980
1888,Arianespace,France,FRA,Ariane 44L ,05-06-1989,Jun,1989,StatusRetired,200,Success,1980
1889,ISRO,India,IND,ASLV ,22-05-1989,May,1989,StatusRetired,31,Partial Failure,1980
1890,Martin Marietta,USA,USA,Titan 34D ,10-05-1989,May,1989,StatusRetired,35,Success,1980
1891,NASA,USA,USA,Space Shuttle Atlantis ,04-05-1989,May,1989,StatusRetired,450,Success,1980
1892,RVSN USSR,Russia,RUS,Cosmos-3M (11K65M) ,04-04-1989,Apr,1989,StatusRetired,5000,Success,1980
1893,Arianespace,France,FRA,Ariane 2 ,02-04-1989,Apr,1989,StatusRetired,200,Success,1980
1894,Douglas,USA,USA,Delta 3920-8 ,24-03-1989,Mar,1989,StatusRetired,62,Success,1980
1895,RVSN USSR,Russia,RUS,Cosmos-3M (11K65M) ,24-03-1989,Mar,1989,StatusRetired,5000,Success,1980
1896,NASA,USA,USA,Space Shuttle Discovery ,13-03-1989,Mar,1989,StatusRetired,450,Success,1980
1897,Arianespace,France,FRA,Ariane 44LP ,06-03-1989,Mar,1989,StatusRetired,200,Success,1980
1898,RVSN USSR,Russia,RUS,Tsyklon-3 ,28-02-1989,Feb,1989,StatusRetired,5000,Success,1980
1899,RVSN USSR,Russia,RUS,Cosmos-3M (11K65M) ,26-02-1989,Feb,1989,StatusRetired,5000,Success,1980
1900,RVSN USSR,Russia,RUS,Cosmos-3M (11K65M) ,22-02-1989,Feb,1989,StatusRetired,5000,Success,1980
1901,ISAS,Japan,JPN,Mu-III S2 ,21-02-1989,Feb,1989,StatusRetired,62,Success,1980
1902,RVSN USSR,Kazakhstan,KAZ,Molniya-M /Block ML ,15-02-1989,Feb,1989,StatusRetired,5000,Success,1980
1903,RVSN USSR,Russia,RUS,Cosmos-3M (11K65M) ,14-02-1989,Feb,1989,StatusRetired,5000,Success,1980
1904,Boeing,USA,USA,Delta II 6925 ,14-02-1989,Feb,1989,StatusRetired,164,Success,1980
1905,RVSN USSR,Russia,RUS,Molniya-M /Block 2BL ,14-02-1989,Feb,1989,StatusRetired,5000,Success,1980
1906,RVSN USSR,Russia,RUS,Tsyklon-3 ,10-02-1989,Feb,1989,StatusRetired,5000,Success,1980
1907,Arianespace,France,FRA,Ariane 2 ,27-01-1989,Jan,1989,StatusRetired,200,Success,1980
1908,RVSN USSR,Russia,RUS,Molniya-M /Block ML ,28-12-1988,Dec,1988,StatusRetired,5000,Success,1980
1909,RVSN USSR,Russia,RUS,Tsyklon-3 ,23-12-1988,Dec,1988,StatusRetired,5000,Success,1980
1910,RVSN USSR,Russia,RUS,Molniya-M /Block ML ,22-12-1988,Dec,1988,StatusRetired,5000,Success,1980
1911,CASC,China,CHN,Long March 3 ,22-12-1988,Dec,1988,StatusRetired,30.8,Success,1980
1912,Arianespace,France,FRA,Ariane 44LP ,11-12-1988,Dec,1988,StatusRetired,200,Success,1980
1913,NASA,USA,USA,Space Shuttle Atlantis ,02-12-1988,Dec,1988,StatusRetired,450,Success,1980
1914,RVSN USSR,Kazakhstan,KAZ,Zenit-2 ,23-11-1988,Nov,1988,StatusRetired,5000,Success,1980
1915,RVSN USSR,Kazakhstan,KAZ,Tsyklon-2 ,18-11-1988,Nov,1988,StatusRetired,5000,Success,1980
1916,RVSN USSR,Kazakhstan,KAZ,Energiya/Buran ,15-11-1988,Nov,1988,StatusRetired,5000,Success,1980
1917,Martin Marietta,USA,USA,Titan 34D ,06-11-1988,Nov,1988,StatusRetired,35,Success,1980
1918,Arianespace,France,FRA,Ariane 2 ,28-10-1988,Oct,1988,StatusRetired,200,Success,1980
1919,RVSN USSR,Russia,RUS,Molniya-M /Block 2BL ,25-10-1988,Oct,1988,StatusRetired,5000,Success,1980
1920,RVSN USSR,Russia,RUS,Tsyklon-3 ,11-10-1988,Oct,1988,StatusRetired,5000,Success,1980
1921,RVSN USSR,Russia,RUS,Molniya-M /Block 2BL ,03-10-1988,Oct,1988,StatusRetired,5000,Success,1980
1922,NASA,USA,USA,Space Shuttle Discovery ,29-09-1988,Sep,1988,StatusRetired,450,Success,1980
1923,RVSN USSR,Russia,RUS,Molniya-M /Block ML ,29-09-1988,Sep,1988,StatusRetired,5000,Success,1980
1924,General Dynamics,USA,USA,Atlas-E/F Star-37S-ISS ,24-09-1988,Sep,1988,StatusRetired,62,Success,1980
1925,IAI,Israel,ISR,Shavit ,19-09-1988,Sep,1988,StatusRetired,62,Success,1980
1926,MHI,Japan,JPN,H-I UM-129A (9SO) ,16-09-1988,Sep,1988,StatusRetired,90,Success,1980
1927,Arianespace,France,FRA,Ariane 3 ,08-09-1988,Sep,1988,StatusRetired,200,Success,1980
1928,CASC,China,CHN,Long March 4A ,06-09-1988,Sep,1988,StatusRetired,30.8,Success,1980
1929,Martin Marietta,USA,USA,Titan II(23)G ,05-09-1988,Sep,1988,StatusRetired,35,Success,1980
1930,Martin Marietta,USA,USA,Titan 34D ,02-09-1988,Sep,1988,StatusRetired,35,Partial Failure,1980
1931,RVSN USSR,Russia,RUS,Molniya-M /Block 2BL ,30-08-1988,Aug,1988,StatusRetired,5000,Success,1980
1932,CASC,China,CHN,Long March 2C ,05-08-1988,Aug,1988,StatusActive,30.8,Success,1980
1933,ISRO,India,IND,ASLV ,31-07-1988,Jul,1988,StatusRetired,31,Failure,1980
1934,RVSN USSR,Russia,RUS,Cosmos-3M (11K65M) ,28-07-1988,Jul,1988,StatusRetired,5000,Success,1980
1935,RVSN USSR,Russia,RUS,Tsyklon-3 ,26-07-1988,Jul,1988,StatusRetired,5000,Success,1980
1936,Arianespace,France,FRA,Ariane 3 ,21-07-1988,Jul,1988,StatusRetired,200,Success,1980
1937,RVSN USSR,Russia,RUS,Cosmos-3M (11K65M) ,18-07-1988,Jul,1988,StatusRetired,5000,Success,1980
1938,RVSN USSR,Russia,RUS,Cosmos-3M (11K65M) ,14-07-1988,Jul,1988,StatusRetired,5000,Success,1980
1939,RVSN USSR,Russia,RUS,Tsyklon-3 ,05-07-1988,Jul,1988,StatusRetired,5000,Success,1980
1940,RVSN USSR,Russia,RUS,Cosmos-3MRB (65MRB) ,22-06-1988,Jun,1988,StatusRetired,5000,Success,1980
1941,RVSN USSR,Russia,RUS,Cosmos-3M (11K65M) ,21-06-1988,Jun,1988,StatusRetired,5000,Success,1980
1942,ESA,France,FRA,Ariane 44LP ,15-06-1988,Jun,1988,StatusRetired,37,Success,1980
1943,RVSN USSR,Russia,RUS,Tsyklon-3 ,14-06-1988,Jun,1988,StatusRetired,5000,Success,1980
1944,RVSN USSR,Russia,RUS,Tsyklon-3 ,01-06-1988,Jun,1988,StatusRetired,5000,Success,1980
1945,RVSN USSR,Russia,RUS,Tsyklon-3 ,30-05-1988,May,1988,StatusRetired,5000,Success,1980
1946,RVSN USSR,Kazakhstan,KAZ,Tsyklon-2 ,28-05-1988,May,1988,StatusRetired,5000,Success,1980
1947,RVSN USSR,Russia,RUS,Molniya-M /Block ML ,26-05-1988,May,1988,StatusRetired,5000,Success,1980
1948,Arianespace,France,FRA,Ariane 2 ,17-05-1988,May,1988,StatusRetired,200,Success,1980
1949,RVSN USSR,Kazakhstan,KAZ,Zenit-2 ,15-05-1988,May,1988,StatusRetired,5000,Success,1980
1950,RVSN USSR,Kazakhstan,KAZ,Vostok-2M ,20-04-1988,Apr,1988,StatusRetired,5000,Success,1980
1951,RVSN USSR,Russia,RUS,Cosmos-3M (11K65M) ,05-04-1988,Apr,1988,StatusRetired,5000,Success,1980
1952,ASI,Kenya,KEN,Scout G1 ,25-03-1988,Mar,1988,StatusRetired,62,Success,1980
1953,RVSN USSR,Russia,RUS,Cosmos-3M (11K65M) ,22-03-1988,Mar,1988,StatusRetired,5000,Success,1980
1954,RVSN USSR,Russia,RUS,Molniya-M /Block ML ,17-03-1988,Mar,1988,StatusRetired,5000,Success,1980
1955,RVSN USSR,Kazakhstan,KAZ,Vostok-2M ,17-03-1988,Mar,1988,StatusRetired,5000,Success,1980
1956,RVSN USSR,Russia,RUS,Tsyklon-3 ,15-03-1988,Mar,1988,StatusRetired,5000,Success,1980
1957,RVSN USSR,Kazakhstan,KAZ,Tsyklon-2 ,14-03-1988,Mar,1988,StatusRetired,5000,Success,1980
1958,Arianespace,France,FRA,Ariane 3 ,11-03-1988,Mar,1988,StatusRetired,200,Success,1980
1959,RVSN USSR,Kazakhstan,KAZ,Molniya-M /Block ML ,11-03-1988,Mar,1988,StatusRetired,5000,Success,1980
1960,RVSN USSR,Russia,RUS,Cosmos-3M (11K65M) ,11-03-1988,Mar,1988,StatusRetired,5000,Success,1980
1961,CASC,China,CHN,Long March 3 ,07-03-1988,Mar,1988,StatusRetired,30.8,Success,1980
1962,RVSN USSR,Russia,RUS,Molniya-M /Block 2BL ,26-02-1988,Feb,1988,StatusRetired,5000,Success,1980
1963,MHI,Japan,JPN,H-I UM-129A (9SO) ,19-02-1988,Feb,1988,StatusRetired,90,Success,1980
1964,General Dynamics,USA,USA,Atlas-E/F Star-37S-ISS ,03-02-1988,Feb,1988,StatusRetired,62,Success,1980
1965,RVSN USSR,Russia,RUS,Tsyklon-3 ,30-01-1988,Jan,1988,StatusRetired,5000,Success,1980
1966,RVSN USSR,Russia,RUS,Tsyklon-3 ,15-01-1988,Jan,1988,StatusRetired,5000,Success,1980
1967,RVSN USSR,Russia,RUS,Cosmos-3M (11K65M) ,23-12-1987,Dec,1987,StatusRetired,5000,Success,1980
1968,RVSN USSR,Russia,RUS,Molniya-M /Block 2BL ,21-12-1987,Dec,1987,StatusRetired,5000,Success,1980
1969,RVSN USSR,Russia,RUS,Cosmos-3MRB (65MRB) ,20-12-1987,Dec,1987,StatusRetired,5000,Success,1980
1970,RVSN USSR,Russia,RUS,Cosmos-3M (11K65M) ,15-12-1987,Dec,1987,StatusRetired,5000,Success,1980
1971,RVSN USSR,Kazakhstan,KAZ,Tsyklon-2 ,12-12-1987,Dec,1987,StatusRetired,5000,Success,1980
1972,RVSN USSR,Russia,RUS,Cosmos-3M (11K65M) ,01-12-1987,Dec,1987,StatusRetired,5000,Success,1980
1973,Martin Marietta,USA,USA,Titan 34D ,29-11-1987,Nov,1987,StatusRetired,35,Success,1980
1974,Arianespace,France,FRA,Ariane 2 ,21-11-1987,Nov,1987,StatusRetired,200,Success,1980
1975,Martin Marietta,USA,USA,Titan 34D ,26-10-1987,Oct,1987,StatusRetired,35,Success,1980
1976,RVSN USSR,Russia,RUS,Tsyklon-3 ,20-10-1987,Oct,1987,StatusRetired,5000,Success,1980
1977,RVSN USSR,Russia,RUS,Cosmos-3M (11K65M) ,14-10-1987,Oct,1987,StatusRetired,5000,Success,1980
1978,RVSN USSR,Kazakhstan,KAZ,Tsyklon-2 ,10-10-1987,Oct,1987,StatusRetired,5000,Success,1980
1979,Arianespace,France,FRA,Ariane 3 ,16-09-1987,Sep,1987,StatusRetired,200,Success,1980
1980,CASC,China,CHN,Long March 2C ,09-09-1987,Sep,1987,StatusActive,30.8,Success,1980
1981,RVSN USSR,Russia,RUS,Tsyklon-3 ,07-09-1987,Sep,1987,StatusRetired,5000,Success,1980
1982,RVSN USSR,Kazakhstan,KAZ,Zenit-2 ,28-08-1987,Aug,1987,StatusRetired,5000,Success,1980
1983,RVSN USSR,Russia,RUS,Cosmos-3MRB (65MRB) ,27-08-1987,Aug,1987,StatusRetired,5000,Success,1980
1984,MHI,Japan,JPN,H-I UM-129A (9SO) ,27-08-1987,Aug,1987,StatusRetired,90,Success,1980
1985,RVSN USSR,Russia,RUS,Tsyklon-3 ,18-08-1987,Aug,1987,StatusRetired,5000,Success,1980
1986,CASC,China,CHN,Long March 2C ,05-08-1987,Aug,1987,StatusActive,30.8,Success,1980
1987,RVSN USSR,Kazakhstan,KAZ,Zenit-2 ,01-08-1987,Aug,1987,StatusRetired,5000,Success,1980
1988,RVSN USSR,Russia,RUS,Tsyklon-3 ,16-07-1987,Jul,1987,StatusRetired,5000,Success,1980
1989,RVSN USSR,Russia,RUS,Cosmos-3M (11K65M) ,14-07-1987,Jul,1987,StatusRetired,5000,Success,1980
1990,RVSN USSR,Kazakhstan,KAZ,Tsyklon-2 ,10-07-1987,Jul,1987,StatusRetired,5000,Success,1980
1991,RVSN USSR,Russia,RUS,Cosmos-3M (11K65M) ,06-07-1987,Jul,1987,StatusRetired,5000,Success,1980
1992,RVSN USSR,Russia,RUS,Tsyklon-3 ,01-07-1987,Jul,1987,StatusRetired,5000,Success,1980
1993,RVSN USSR,Russia,RUS,Cosmos-3M (11K65M) ,23-06-1987,Jun,1987,StatusRetired,5000,Success,1980
1994,General Dynamics,USA,USA,Atlas-E/F Star-37S-ISS ,20-06-1987,Jun,1987,StatusRetired,62,Success,1980
1995,RVSN USSR,Kazakhstan,KAZ,Tsyklon-2 ,18-06-1987,Jun,1987,StatusRetired,5000,Success,1980
1996,RVSN USSR,Russia,RUS,Cosmos-3M (11K65M) ,16-06-1987,Jun,1987,StatusRetired,5000,Success,1980
1997,RVSN USSR,Russia,RUS,Molniya-M /Block 2BL ,12-06-1987,Jun,1987,StatusRetired,5000,Success,1980
1998,RVSN USSR,Russia,RUS,Cosmos-3M (11K65M) ,09-06-1987,Jun,1987,StatusRetired,5000,Success,1980
1999,RVSN USSR,Russia,RUS,Molniya-M /Block 2BL ,04-06-1987,Jun,1987,StatusRetired,5000,Success,1980
2000,RVSN USSR,Kazakhstan,KAZ,Energiya/Polyus ,15-05-1987,May,1987,StatusRetired,5000,Success,1980
2001,General Dynamics,USA,USA,Atlas-H MSD ,15-05-1987,May,1987,StatusRetired,62,Success,1980
2002,RVSN USSR,Kazakhstan,KAZ,Zenit-2 ,13-05-1987,May,1987,StatusRetired,5000,Success,1980
2003,RVSN USSR,Russia,RUS,Tsyklon-3 ,26-04-1987,Apr,1987,StatusRetired,5000,Success,1980
2004,RVSN USSR,Kazakhstan,KAZ,Tsyklon-2 ,08-04-1987,Apr,1987,StatusRetired,5000,Success,1980
2005,General Dynamics,USA,USA,Atlas-G Centaur-D1AR ,26-03-1987,Mar,1987,StatusRetired,62,Failure,1980
2006,ISRO,India,IND,ASLV ,24-03-1987,Mar,1987,StatusRetired,31,Failure,1980
2007,RVSN USSR,Kazakhstan,KAZ,Zenit-2 ,18-03-1987,Mar,1987,StatusRetired,5000,Success,1980
2008,RVSN USSR,Russia,RUS,Tsyklon-3 ,13-03-1987,Mar,1987,StatusRetired,5000,Success,1980
2009,RVSN USSR,Russia,RUS,Tsyklon-3 ,03-03-1987,Mar,1987,StatusRetired,5000,Success,1980
2010,RVSN USSR,Russia,RUS,Tsyklon-3 ,20-02-1987,Feb,1987,StatusRetired,5000,Success,1980
2011,MHI,Japan,JPN,N-II ,19-02-1987,Feb,1987,StatusRetired,90,Success,1980
2012,RVSN USSR,Russia,RUS,Cosmos-3M (11K65M) ,18-02-1987,Feb,1987,StatusRetired,5000,Success,1980
2013,RVSN USSR,Kazakhstan,KAZ,Zenit-2 ,14-02-1987,Feb,1987,StatusRetired,5000,Success,1980
2014,Martin Marietta,USA,USA,Titan III(34)B Agena-D ,12-02-1987,Feb,1987,StatusRetired,35,Success,1980
2015,ISAS,Japan,JPN,Mu-III S2 ,05-02-1987,Feb,1987,StatusRetired,62,Success,1980
2016,RVSN USSR,Kazakhstan,KAZ,Tsyklon-2 ,01-02-1987,Feb,1987,StatusRetired,5000,Success,1980
2017,RVSN USSR,Russia,RUS,Cosmos-3M (11K65M) ,29-01-1987,Jan,1987,StatusRetired,5000,Partial Failure,1980
2018,RVSN USSR,Russia,RUS,Molniya-M /Block ML ,22-01-1987,Jan,1987,StatusRetired,5000,Success,1980
2019,RVSN USSR,Russia,RUS,Cosmos-3M (11K65M) ,22-01-1987,Jan,1987,StatusRetired,5000,Success,1980
2020,RVSN USSR,Russia,RUS,Cosmos-3M (11K65M) ,21-01-1987,Jan,1987,StatusRetired,5000,Success,1980
2021,RVSN USSR,Russia,RUS,Tsyklon-3 ,14-01-1987,Jan,1987,StatusRetired,5000,Success,1980
2022,RVSN USSR,Russia,RUS,Tsyklon-3 ,05-01-1987,Jan,1987,StatusRetired,5000,Success,1980
2023,RVSN USSR,Russia,RUS,Molniya-M /Block ML ,26-12-1986,Dec,1986,StatusRetired,5000,Success,1980
2024,RVSN USSR,Russia,RUS,Cosmos-3MRB (65MRB) ,25-12-1986,Dec,1986,StatusRetired,5000,Success,1980
2025,RVSN USSR,Russia,RUS,Tsyklon-3 ,18-12-1986,Dec,1986,StatusRetired,5000,Success,1980
2026,RVSN USSR,Russia,RUS,Cosmos-3M (11K65M) ,17-12-1986,Dec,1986,StatusRetired,5000,Success,1980
2027,RVSN USSR,Russia,RUS,Molniya-M /Block 2BL ,12-12-1986,Dec,1986,StatusRetired,5000,Success,1980
2028,RVSN USSR,Russia,RUS,Tsyklon-3 ,10-12-1986,Dec,1986,StatusRetired,5000,Success,1980
2029,General Dynamics,USA,USA,Atlas-G Centaur-D1AR ,05-12-1986,Dec,1986,StatusRetired,62,Success,1980
2030,RVSN USSR,Russia,RUS,Tsyklon-3 ,02-12-1986,Dec,1986,StatusRetired,5000,Success,1980
2031,RVSN USSR,Russia,RUS,Cosmos-3M (11K65M) ,24-11-1986,Nov,1986,StatusRetired,5000,Success,1980
2032,RVSN USSR,Russia,RUS,Cosmos-3M (11K65M) ,21-11-1986,Nov,1986,StatusRetired,5000,Success,1980
2033,RVSN USSR,Russia,RUS,Molniya-M /Block 2BL ,20-11-1986,Nov,1986,StatusRetired,5000,Success,1980
2034,RVSN USSR,Russia,RUS,Molniya-M /Block ML ,15-11-1986,Nov,1986,StatusRetired,5000,Success,1980
2035,RVSN USSR,Russia,RUS,Cosmos-3M (11K65M) ,13-11-1986,Nov,1986,StatusRetired,5000,Success,1980
2036,RVSN USSR,Russia,RUS,Cosmos-3M (11K65M) ,27-10-1986,Oct,1986,StatusRetired,5000,Success,1980
2037,RVSN USSR,Kazakhstan,KAZ,Zenit-2 ,22-10-1986,Oct,1986,StatusRetired,5000,Success,1980
2038,RVSN USSR,Russia,RUS,Molniya-M /Block ML ,20-10-1986,Oct,1986,StatusRetired,5000,Success,1980
2039,RVSN USSR,Russia,RUS,Molniya-M /Block 2BL ,15-10-1986,Oct,1986,StatusRetired,5000,Success,1980
2040,RVSN USSR,Russia,RUS,Tsyklon-3 ,15-10-1986,Oct,1986,StatusRetired,5000,Failure,1980
2041,CASC,China,CHN,Long March 2C ,06-10-1986,Oct,1986,StatusActive,30.8,Success,1980
2042,RVSN USSR,Russia,RUS,Molniya-M /Block 2BL ,03-10-1986,Oct,1986,StatusRetired,5000,Partial Failure,1980
2043,RVSN USSR,Russia,RUS,Tsyklon-3 ,30-09-1986,Sep,1986,StatusRetired,5000,Success,1980
2044,General Dynamics,USA,USA,Atlas-E/F Star-37S-ISS ,17-09-1986,Sep,1986,StatusRetired,62,Success,1980
2045,RVSN USSR,Russia,RUS,Cosmos-3M (11K65M) ,10-09-1986,Sep,1986,StatusRetired,5000,Success,1980
2046,RVSN USSR,Russia,RUS,Molniya-M /Block ML ,05-09-1986,Sep,1986,StatusRetired,5000,Success,1980
2047,RVSN USSR,Russia,RUS,Cosmos-3M (11K65M) ,03-09-1986,Sep,1986,StatusRetired,5000,Success,1980
2048,RVSN USSR,Russia,RUS,Molniya-M /Block 2BL ,28-08-1986,Aug,1986,StatusRetired,5000,Success,1980
2049,RVSN USSR,Kazakhstan,KAZ,Tsyklon-2 ,20-08-1986,Aug,1986,StatusRetired,5000,Success,1980
2050,MHI,Japan,JPN,H-I (9 SO) ,12-08-1986,Aug,1986,StatusRetired,90,Success,1980
2051,RVSN USSR,Kazakhstan,KAZ,Tsyklon-2 ,04-08-1986,Aug,1986,StatusRetired,5000,Success,1980
2052,RVSN USSR,Russia,RUS,Molniya-M /Block ML ,30-07-1986,Jul,1986,StatusRetired,5000,Success,1980
2053,RVSN USSR,Kazakhstan,KAZ,Zenit-2 ,30-07-1986,Jul,1986,StatusRetired,5000,Success,1980
2054,RVSN USSR,Russia,RUS,Tsyklon-3 ,28-07-1986,Jul,1986,StatusRetired,5000,Success,1980
2055,RVSN USSR,Russia,RUS,Cosmos-3M (11K65M) ,16-07-1986,Jul,1986,StatusRetired,5000,Partial Failure,1980
2056,RVSN USSR,Russia,RUS,Molniya-M /Block 2BL ,05-07-1986,Jul,1986,StatusRetired,5000,Success,1980
2057,RVSN USSR,Russia,RUS,Molniya-M /Block ML ,19-06-1986,Jun,1986,StatusRetired,5000,Success,1980
2058,RVSN USSR,Russia,RUS,Cosmos-3M (11K65M) ,18-06-1986,Jun,1986,StatusRetired,5000,Success,1980
2059,RVSN USSR,Russia,RUS,Tsyklon-3 ,12-06-1986,Jun,1986,StatusRetired,5000,Success,1980
2060,RVSN USSR,Russia,RUS,Cosmos-3M (11K65M) ,06-06-1986,Jun,1986,StatusRetired,5000,Success,1980
2061,Arianespace,France,FRA,Ariane 2 ,31-05-1986,May,1986,StatusRetired,200,Failure,1980
2062,RVSN USSR,Russia,RUS,Tsyklon-3 ,27-05-1986,May,1986,StatusRetired,5000,Success,1980
2063,RVSN USSR,Russia,RUS,Cosmos-3M (11K65M) ,23-05-1986,May,1986,StatusRetired,5000,Success,1980
2064,RVSN USSR,Russia,RUS,Tsyklon-3 ,15-05-1986,May,1986,StatusRetired,5000,Success,1980
2065,RVSN USSR,Russia,RUS,Molniya-M /Block ML ,18-04-1986,Apr,1986,StatusRetired,5000,Success,1980
2066,Martin Marietta,USA,USA,Titan 34D ,18-04-1986,Apr,1986,StatusRetired,35,Failure,1980
2067,RVSN USSR,Russia,RUS,Cosmos-3M (11K65M) ,17-04-1986,Apr,1986,StatusRetired,5000,Success,1980
2068,Arianespace,France,FRA,Ariane 3 ,28-03-1986,Mar,1986,StatusRetired,200,Success,1980
2069,RVSN USSR,Kazakhstan,KAZ,Tsyklon-2 ,25-03-1986,Mar,1986,StatusRetired,5000,Success,1980
2070,RVSN USSR,Kazakhstan,KAZ,Tsyklon-2 ,21-03-1986,Mar,1986,StatusRetired,5000,Success,1980
2071,RVSN USSR,Kazakhstan,KAZ,Tsyklon-2 ,27-02-1986,Feb,1986,StatusRetired,5000,Success,1980
2072,Arianespace,France,FRA,Ariane 1 ,22-02-1986,Feb,1986,StatusRetired,200,Success,1980
2073,RVSN USSR,Russia,RUS,Tsyklon-3 ,19-02-1986,Feb,1986,StatusRetired,5000,Success,1980
2074,MHI,Japan,JPN,N-II Star-37E ,12-02-1986,Feb,1986,StatusRetired,90,Success,1980
2075,RVSN USSR,Russia,RUS,Tsyklon-3 ,11-02-1986,Feb,1986,StatusRetired,5000,Success,1980
2076,General Dynamics,USA,USA,Atlas-H MSD ,09-02-1986,Feb,1986,StatusRetired,62,Success,1980
2077,RVSN USSR,Russia,RUS,Molniya-M /Block 2BL ,01-02-1986,Feb,1986,StatusRetired,5000,Success,1980
2078,CASC,China,CHN,Long March 3 ,01-02-1986,Feb,1986,StatusRetired,30.8,Success,1980
2079,NASA,USA,USA,Space Shuttle Challenger ,28-01-1986,Jan,1986,StatusRetired,450,Failure,1980
2080,RVSN USSR,Russia,RUS,Cosmos-3M (11K65M) ,23-01-1986,Jan,1986,StatusRetired,5000,Success,1980
2081,RVSN USSR,Russia,RUS,Tsyklon-3 ,17-01-1986,Jan,1986,StatusRetired,5000,Success,1980
2082,RVSN USSR,Russia,RUS,Cosmos-3M (11K65M) ,16-01-1986,Jan,1986,StatusRetired,5000,Success,1980
2083,NASA,USA,USA,Space Shuttle Columbia ,12-01-1986,Jan,1986,StatusRetired,450,Success,1980
2084,RVSN USSR,Russia,RUS,Cosmos-3M (11K65M) ,09-01-1986,Jan,1986,StatusRetired,5000,Success,1980
2085,RVSN USSR,Kazakhstan,KAZ,Zenit-2 ,28-12-1985,Dec,1985,StatusRetired,5000,Partial Failure,1980
2086,RVSN USSR,Russia,RUS,Tsyklon-3 ,26-12-1985,Dec,1985,StatusRetired,5000,Success,1980
2087,RVSN USSR,Russia,RUS,Molniya-M /Block ML ,24-12-1985,Dec,1985,StatusRetired,5000,Success,1980
2088,RVSN USSR,Russia,RUS,Cosmos-3M (11K65M) ,19-12-1985,Dec,1985,StatusRetired,5000,Success,1980
2089,RVSN USSR,Russia,RUS,Tsyklon-3 ,12-12-1985,Dec,1985,StatusRetired,5000,Success,1980
2090,RVSN USSR,Russia,RUS,Cosmos-3M (11K65M) ,28-11-1985,Nov,1985,StatusRetired,5000,Success,1980
2091,NASA,USA,USA,Space Shuttle Atlantis ,27-11-1985,Nov,1985,StatusRetired,450,Success,1980
2092,RVSN USSR,Russia,RUS,Tsyklon-3 ,22-11-1985,Nov,1985,StatusRetired,5000,Success,1980
2093,RVSN USSR,Russia,RUS,Molniya-M /Block 2BL ,09-11-1985,Nov,1985,StatusRetired,5000,Success,1980
2094,NASA,USA,USA,Space Shuttle Challenger ,06-11-1985,Nov,1985,StatusRetired,450,Success,1980
2095,RVSN USSR,Russia,RUS,Molniya-M /Block ML ,28-10-1985,Oct,1985,StatusRetired,5000,Success,1980
2096,RVSN USSR,Russia,RUS,Tsyklon-3 ,24-10-1985,Oct,1985,StatusRetired,5000,Success,1980
2097,RVSN USSR,Russia,RUS,Cosmos-3M (11K65M) ,23-10-1985,Oct,1985,StatusRetired,5000,Failure,1980
2098,RVSN USSR,Kazakhstan,KAZ,Molniya-M /Block ML ,23-10-1985,Oct,1985,StatusRetired,5000,Success,1980
2099,RVSN USSR,Russia,RUS,Molniya-M /Block 2BL ,22-10-1985,Oct,1985,StatusRetired,5000,Success,1980
2100,RVSN USSR,Kazakhstan,KAZ,Zenit-2 ,22-10-1985,Oct,1985,StatusRetired,5000,Success,1980
2101,CASC,China,CHN,Long March 2C ,21-10-1985,Oct,1985,StatusActive,30.8,Success,1980
2102,RVSN USSR,Russia,RUS,Tsyklon-3 ,09-10-1985,Oct,1985,StatusRetired,5000,Success,1980
2103,General Dynamics,USA,USA,Atlas-E/F SGS-2 ,09-10-1985,Oct,1985,StatusRetired,62,Success,1980
2104,NASA,USA,USA,Space Shuttle Atlantis ,03-10-1985,Oct,1985,StatusRetired,450,Success,1980
2105,RVSN USSR,Russia,RUS,Molniya-M /Block ML ,03-10-1985,Oct,1985,StatusRetired,5000,Success,1980
2106,RVSN USSR,Kazakhstan,KAZ,Vostok-2M ,03-10-1985,Oct,1985,StatusRetired,5000,Success,1980
2107,RVSN USSR,Russia,RUS,Cosmos-3M (11K65M) ,02-10-1985,Oct,1985,StatusRetired,5000,Success,1980
2108,RVSN USSR,Russia,RUS,Molniya-M /Block 2BL ,30-09-1985,Sep,1985,StatusRetired,5000,Success,1980
2109,General Dynamics,USA,USA,Atlas-G Centaur-D1AR ,28-09-1985,Sep,1985,StatusRetired,62,Success,1980
2110,RVSN USSR,Russia,RUS,Molniya-M /Block 2BL ,24-09-1985,Sep,1985,StatusRetired,5000,Success,1980
2111,RVSN USSR,Kazakhstan,KAZ,Tsyklon-2 ,19-09-1985,Sep,1985,StatusRetired,5000,Success,1980
2112,Arianespace,France,FRA,Ariane 3 ,12-09-1985,Sep,1985,StatusRetired,200,Failure,1980
2113,RVSN USSR,Russia,RUS,Cosmos-3M (11K65M) ,04-09-1985,Sep,1985,StatusRetired,5000,Success,1980
2114,Martin Marietta,USA,USA,Titan 34D ,28-08-1985,Aug,1985,StatusRetired,35,Failure,1980
2115,NASA,USA,USA,Space Shuttle Discovery ,27-08-1985,Aug,1985,StatusRetired,450,Success,1980
2116,RVSN USSR,Kazakhstan,KAZ,Tsyklon-2 ,23-08-1985,Aug,1985,StatusRetired,5000,Success,1980
2117,RVSN USSR,Russia,RUS,Molniya-M /Block ML ,22-08-1985,Aug,1985,StatusRetired,5000,Success,1980
2118,ISAS,Japan,JPN,Mu-III S2 ,18-08-1985,Aug,1985,StatusRetired,62,Success,1980
2119,RVSN USSR,Russia,RUS,Tsyklon-3 ,08-08-1985,Aug,1985,StatusRetired,5000,Success,1980
2120,RVSN USSR,Kazakhstan,KAZ,Tsyklon-2 ,01-08-1985,Aug,1985,StatusRetired,5000,Success,1980
2121,NASA,USA,USA,Space Shuttle Challenger ,25-07-1985,Jul,1985,StatusRetired,450,Success,1980
2122,RVSN USSR,Russia,RUS,Molniya-M /Block ML ,17-07-1985,Jul,1985,StatusRetired,5000,Success,1980
2123,RVSN USSR,Russia,RUS,Tsyklon-3 ,08-07-1985,Jul,1985,StatusRetired,5000,Success,1980
2124,Arianespace,France,FRA,Ariane 1 ,02-07-1985,Jul,1985,StatusRetired,200,Success,1980
2125,General Dynamics,USA,USA,Atlas-G Centaur-D1AR ,30-06-1985,Jun,1985,StatusRetired,62,Success,1980
2126,RVSN USSR,Kazakhstan,KAZ,Zenit-2 ,21-06-1985,Jun,1985,StatusRetired,5000,Failure,1980
2127,RVSN USSR,Russia,RUS,Cosmos-3M (11K65M) ,19-06-1985,Jun,1985,StatusRetired,5000,Success,1980
2128,RVSN USSR,Russia,RUS,Molniya-M /Block 2BL ,18-06-1985,Jun,1985,StatusRetired,5000,Success,1980
2129,NASA,USA,USA,Space Shuttle Discovery ,17-06-1985,Jun,1985,StatusRetired,450,Success,1980
2130,RVSN USSR,Russia,RUS,Tsyklon-3 ,14-06-1985,Jun,1985,StatusRetired,5000,Success,1980
2131,RVSN USSR,Russia,RUS,Molniya-M /Block 2BL ,12-06-1985,Jun,1985,StatusRetired,5000,Success,1980
2132,RVSN USSR,Russia,RUS,Molniya-M /Block 2BL ,11-06-1985,Jun,1985,StatusRetired,5000,Success,1980
2133,RVSN USSR,Russia,RUS,Cosmos-3M (11K65M) ,30-05-1985,May,1985,StatusRetired,5000,Success,1980
2134,RVSN USSR,Russia,RUS,Molniya-M /Block ML ,29-05-1985,May,1985,StatusRetired,5000,Success,1980
2135,Arianespace,France,FRA,Ariane 3 ,08-05-1985,May,1985,StatusRetired,200,Success,1980
2136,NASA,USA,USA,Space Shuttle Challenger ,06-05-1985,May,1985,StatusRetired,450,Success,1980
2137,RVSN USSR,Kazakhstan,KAZ,Molniya-M /Block SO-L ,26-04-1985,Apr,1985,StatusRetired,5000,Success,1980
2138,RVSN USSR,Kazakhstan,KAZ,Tsyklon-2 ,18-04-1985,Apr,1985,StatusRetired,5000,Success,1980
2139,RVSN USSR,Russia,RUS,Cosmos-3MRB (65MRB) ,17-04-1985,Apr,1985,StatusRetired,5000,Success,1980
2140,RVSN USSR,Kazakhstan,KAZ,Zenit-2 ,13-04-1985,Apr,1985,StatusRetired,5000,Failure,1980
2141,NASA,USA,USA,Space Shuttle Discovery ,12-04-1985,Apr,1985,StatusRetired,450,Success,1980
2142,General Dynamics,USA,USA,Atlas-G Centaur-D1AR ,22-03-1985,Mar,1985,StatusRetired,62,Success,1980
2143,RVSN USSR,Russia,RUS,Cosmos-3M (11K65M) ,21-03-1985,Mar,1985,StatusRetired,5000,Success,1980
2144,RVSN USSR,Russia,RUS,Cosmos-3M (11K65M) ,14-03-1985,Mar,1985,StatusRetired,5000,Success,1980
2145,General Dynamics,USA,USA,Atlas-E/F OIS ,13-03-1985,Mar,1985,StatusRetired,62,Success,1980
2146,RVSN USSR,Russia,RUS,Tsyklon-3 ,05-03-1985,Mar,1985,StatusRetired,5000,Success,1980
2147,RVSN USSR,Russia,RUS,Cosmos-3M (11K65M) ,27-02-1985,Feb,1985,StatusRetired,5000,Success,1980
2148,Arianespace,France,FRA,Ariane 3 ,08-02-1985,Feb,1985,StatusRetired,200,Success,1980
2149,Martin Marietta,USA,USA,Titan III(34)B Agena-D ,08-02-1985,Feb,1985,StatusRetired,35,Success,1980
2150,ISAS,Japan,JPN,Mu-III S2 ,07-02-1985,Feb,1985,StatusRetired,62,Success,1980
2151,RVSN USSR,Russia,RUS,Tsyklon-3 ,06-02-1985,Feb,1985,StatusRetired,5000,Success,1980
2152,RVSN USSR,Russia,RUS,Cosmos-3M (11K65M) ,01-02-1985,Feb,1985,StatusRetired,5000,Success,1980
2153,NASA,USA,USA,Space Shuttle Discovery ,24-01-1985,Jan,1985,StatusRetired,450,Success,1980
2154,RVSN USSR,Russia,RUS,Tsyklon-3 ,24-01-1985,Jan,1985,StatusRetired,5000,Success,1980
2155,RVSN USSR,Kazakhstan,KAZ,Tsyklon-2 ,23-01-1985,Jan,1985,StatusRetired,5000,Success,1980
2156,RVSN USSR,Russia,RUS,Molniya-M /Block ML ,16-01-1985,Jan,1985,StatusRetired,5000,Success,1980
2157,RVSN USSR,Russia,RUS,Cosmos-3M (11K65M) ,15-01-1985,Jan,1985,StatusRetired,5000,Success,1980
2158,RVSN USSR,Russia,RUS,Tsyklon-3 ,15-01-1985,Jan,1985,StatusRetired,5000,Success,1980
2159,Martin Marietta,USA,USA,Titan 34D ,22-12-1984,Dec,1984,StatusRetired,35,Success,1980
2160,RVSN USSR,Russia,RUS,Cosmos-3M (11K65M) ,20-12-1984,Dec,1984,StatusRetired,5000,Success,1980
2161,RVSN USSR,Russia,RUS,Cosmos-3MRB (65MRB) ,19-12-1984,Dec,1984,StatusRetired,5000,Success,1980
2162,RVSN USSR,Russia,RUS,Molniya-M /Block ML ,14-12-1984,Dec,1984,StatusRetired,5000,Success,1980
2163,General Dynamics,USA,USA,Atlas-E/F Star-37S-ISS ,12-12-1984,Dec,1984,StatusRetired,62,Success,1980
2164,Martin Marietta,USA,USA,Titan 34D ,04-12-1984,Dec,1984,StatusRetired,35,Success,1980
2165,RVSN USSR,Russia,RUS,Tsyklon-3 ,27-11-1984,Nov,1984,StatusRetired,5000,Partial Failure,1980
2166,RVSN USSR,Russia,RUS,Cosmos-3M (11K65M) ,15-11-1984,Nov,1984,StatusRetired,5000,Success,1980
2167,Arianespace,France,FRA,Ariane 3 ,10-11-1984,Nov,1984,StatusRetired,200,Success,1980
2168,NASA,USA,USA,Space Shuttle Discovery ,08-11-1984,Nov,1984,StatusRetired,450,Success,1980
2169,RVSN USSR,Kazakhstan,KAZ,Tsyklon-2 ,31-10-1984,Oct,1984,StatusRetired,5000,Success,1980
2170,RVSN USSR,Russia,RUS,Tsyklon-3 ,18-10-1984,Oct,1984,StatusRetired,5000,Success,1980
2171,RVSN USSR,Russia,RUS,Cosmos-3M (11K65M) ,11-10-1984,Oct,1984,StatusRetired,5000,Success,1980
2172,NASA,USA,USA,Space Shuttle Challenger ,05-10-1984,Oct,1984,StatusRetired,450,Success,1980
2173,RVSN USSR,Russia,RUS,Molniya-M /Block 2BL ,04-10-1984,Oct,1984,StatusRetired,5000,Success,1980
2174,RVSN USSR,Russia,RUS,Tsyklon-3 ,28-09-1984,Sep,1984,StatusRetired,5000,Success,1980
2175,RVSN USSR,Russia,RUS,Cosmos-3M (11K65M) ,27-09-1984,Sep,1984,StatusRetired,5000,Success,1980
2176,RVSN USSR,Russia,RUS,Cosmos-3M (11K65M) ,13-09-1984,Sep,1984,StatusRetired,5000,Success,1980
2177,CASC,China,CHN,Long March 2C ,12-09-1984,Sep,1984,StatusActive,30.8,Success,1980
2178,General Dynamics,USA,USA,Atlas-E/F SGS-2 ,08-09-1984,Sep,1984,StatusRetired,62,Success,1980
2179,RVSN USSR,Russia,RUS,Molniya-M /Block 2BL ,07-09-1984,Sep,1984,StatusRetired,5000,Success,1980
2180,NASA,USA,USA,Space Shuttle Discovery ,30-08-1984,Aug,1984,StatusRetired,450,Success,1980
2181,RVSN USSR,Kazakhstan,KAZ,Tsyklon-2 ,29-08-1984,Aug,1984,StatusRetired,5000,Success,1980
2182,Martin Marietta,USA,USA,Titan III(34)B Agena-D ,28-08-1984,Aug,1984,StatusRetired,35,Success,1980
2183,RVSN USSR,Russia,RUS,Molniya-M /Block ML ,24-08-1984,Aug,1984,StatusRetired,5000,Success,1980
2184,RVSN USSR,Russia,RUS,Molniya-M /Block ML ,10-08-1984,Aug,1984,StatusRetired,5000,Success,1980
2185,RVSN USSR,Russia,RUS,Tsyklon-3 ,08-08-1984,Aug,1984,StatusRetired,5000,Success,1980
2186,RVSN USSR,Kazakhstan,KAZ,Tsyklon-2 ,07-08-1984,Aug,1984,StatusRetired,5000,Success,1980
2187,Arianespace,France,FRA,Ariane 3 ,04-08-1984,Aug,1984,StatusRetired,200,Success,1980
2188,MHI,Japan,JPN,N-II Star-37E ,02-08-1984,Aug,1984,StatusRetired,90,Success,1980
2189,RVSN USSR,Russia,RUS,Molniya-M /Block 2BL ,02-08-1984,Aug,1984,StatusRetired,5000,Success,1980
2190,RVSN USSR,Russia,RUS,Tsyklon-3 ,05-07-1984,Jul,1984,StatusRetired,5000,Success,1980
2191,RVSN USSR,Russia,RUS,Molniya-M /Block 2BL ,03-07-1984,Jul,1984,StatusRetired,5000,Success,1980
2192,RVSN USSR,Russia,RUS,Cosmos-3M (11K65M) ,28-06-1984,Jun,1984,StatusRetired,5000,Success,1980
2193,RVSN USSR,Russia,RUS,Cosmos-3M (11K65M) ,27-06-1984,Jun,1984,StatusRetired,5000,Success,1980
2194,Martin Marietta,USA,USA,Titan 34D ,25-06-1984,Jun,1984,StatusRetired,35,Success,1980
2195,RVSN USSR,Russia,RUS,Cosmos-3M (11K65M) ,21-06-1984,Jun,1984,StatusRetired,5000,Success,1980
2196,General Dynamics,USA,USA,Atlas-E/F SGS-2 ,13-06-1984,Jun,1984,StatusRetired,62,Success,1980
2197,General Dynamics,USA,USA,Atlas-G Centaur-D1AR ,09-06-1984,Jun,1984,StatusRetired,62,Failure,1980
2198,RVSN USSR,Russia,RUS,Cosmos-3M (11K65M) ,08-06-1984,Jun,1984,StatusRetired,5000,Success,1980
2199,RVSN USSR,Russia,RUS,Cosmos-3MRB (65MRB) ,06-06-1984,Jun,1984,StatusRetired,5000,Success,1980
2200,RVSN USSR,Russia,RUS,Molniya-M /Block 2BL ,06-06-1984,Jun,1984,StatusRetired,5000,Success,1980
2201,RVSN USSR,Kazakhstan,KAZ,Tsyklon-2 ,30-05-1984,May,1984,StatusRetired,5000,Success,1980
2202,RVSN USSR,Russia,RUS,Cosmos-3M (11K65M) ,28-05-1984,May,1984,StatusRetired,5000,Success,1980
2203,Arianespace,France,FRA,Ariane 1 ,23-05-1984,May,1984,StatusRetired,200,Success,1980
2204,RVSN USSR,Russia,RUS,Cosmos-3M (11K65M) ,17-05-1984,May,1984,StatusRetired,5000,Success,1980
2205,RVSN USSR,Russia,RUS,Cosmos-3M (11K65M) ,11-05-1984,May,1984,StatusRetired,5000,Success,1980
2206,RVSN USSR,Russia,RUS,Cosmos-3MRB (65MRB) ,04-05-1984,May,1984,StatusRetired,5000,Success,1980
2207,US Air Force,USA,USA,Titan III(24)B ,17-04-1984,Apr,1984,StatusRetired,59,Success,1980
2208,Martin Marietta,USA,USA,Titan 34D ,14-04-1984,Apr,1984,StatusRetired,35,Success,1980
2209,CASC,China,CHN,Long March 3 ,08-04-1984,Apr,1984,StatusRetired,30.8,Success,1980
2210,NASA,USA,USA,Space Shuttle Challenger ,06-04-1984,Apr,1984,StatusRetired,450,Success,1980
2211,RVSN USSR,Russia,RUS,Molniya-M /Block 2BL ,04-04-1984,Apr,1984,StatusRetired,5000,Success,1980
2212,RVSN USSR,Russia,RUS,Molniya-M /Block ML ,16-03-1984,Mar,1984,StatusRetired,5000,Success,1980
2213,RVSN USSR,Russia,RUS,Tsyklon-3 ,15-03-1984,Mar,1984,StatusRetired,5000,Success,1980
2214,RVSN USSR,Russia,RUS,Molniya-M /Block 2BL ,06-03-1984,Mar,1984,StatusRetired,5000,Success,1980
2215,ESA,France,FRA,Ariane 1 ,05-03-1984,Mar,1984,StatusRetired,37,Success,1980
2216,RVSN USSR,Russia,RUS,Cosmos-3M (11K65M) ,21-02-1984,Feb,1984,StatusRetired,5000,Success,1980
2217,ISAS,Japan,JPN,Mu-III S ,14-02-1984,Feb,1984,StatusRetired,62,Success,1980
2218,RVSN USSR,Russia,RUS,Tsyklon-3 ,08-02-1984,Feb,1984,StatusRetired,5000,Success,1980
2219,General Dynamics,USA,USA,Atlas-H MSD ,05-02-1984,Feb,1984,StatusRetired,62,Success,1980
2220,NASA,USA,USA,Space Shuttle Challenger ,03-02-1984,Feb,1984,StatusRetired,450,Success,1980
2221,RVSN USSR,Russia,RUS,Cosmos-3M (11K65M) ,02-02-1984,Feb,1984,StatusRetired,5000,Success,1980
2222,Martin Marietta,USA,USA,Titan 34D ,31-01-1984,Jan,1984,StatusRetired,35,Success,1980
2223,CASC,China,CHN,Long March 3 ,29-01-1984,Jan,1984,StatusRetired,30.8,Partial Failure,1980
2224,RVSN USSR,Russia,RUS,Cosmos-3M (11K65M) ,26-01-1984,Jan,1984,StatusRetired,5000,Success,1980
2225,MHI,Japan,JPN,N-II Star-37E ,23-01-1984,Jan,1984,StatusRetired,90,Success,1980
2226,RVSN USSR,Russia,RUS,Cosmos-3M (11K65M) ,11-01-1984,Jan,1984,StatusRetired,5000,Success,1980
2227,RVSN USSR,Russia,RUS,Cosmos-3M (11K65M) ,05-01-1984,Jan,1984,StatusRetired,5000,Success,1980
2228,RVSN USSR,Russia,RUS,Molniya-M /Block 2BL ,28-12-1983,Dec,1983,StatusRetired,5000,Success,1980
2229,RVSN USSR,Russia,RUS,Cosmos-3MRB (65MRB) ,27-12-1983,Dec,1983,StatusRetired,5000,Success,1980
2230,RVSN USSR,Russia,RUS,Molniya-M /Block ML ,21-12-1983,Dec,1983,StatusRetired,5000,Success,1980
2231,RVSN USSR,Russia,RUS,Tsyklon-3 ,15-12-1983,Dec,1983,StatusRetired,5000,Success,1980
2232,RVSN USSR,Russia,RUS,Cosmos-3M (11K65M) ,08-12-1983,Dec,1983,StatusRetired,5000,Success,1980
2233,NASA,USA,USA,Space Shuttle Columbia ,28-11-1983,Nov,1983,StatusRetired,450,Success,1980
2234,RVSN USSR,Russia,RUS,Tsyklon-3 ,24-11-1983,Nov,1983,StatusRetired,5000,Success,1980
2235,RVSN USSR,Russia,RUS,Molniya-M /Block ML ,23-11-1983,Nov,1983,StatusRetired,5000,Success,1980
2236,General Dynamics,USA,USA,Atlas-E/F Star-37S-ISS ,18-11-1983,Nov,1983,StatusRetired,62,Success,1980
2237,RVSN USSR,Russia,RUS,Cosmos-3M (11K65M) ,11-11-1983,Nov,1983,StatusRetired,5000,Success,1980
2238,RVSN USSR,Kazakhstan,KAZ,Tsyklon-2 ,29-10-1983,Oct,1983,StatusRetired,5000,Success,1980
2239,RVSN USSR,Russia,RUS,Vostok-2M ,28-10-1983,Oct,1983,StatusRetired,5000,Success,1980
2240,RVSN USSR,Russia,RUS,Cosmos-3M (11K65M) ,26-10-1983,Oct,1983,StatusRetired,5000,Success,1980
2241,ESA,France,FRA,Ariane 1 ,19-10-1983,Oct,1983,StatusRetired,37,Success,1980
2242,RVSN USSR,Russia,RUS,Cosmos-3M (11K65M) ,12-10-1983,Oct,1983,StatusRetired,5000,Success,1980
2243,RVSN USSR,Russia,RUS,Cosmos-3M (11K65M) ,05-10-1983,Oct,1983,StatusRetired,5000,Success,1980
2244,RVSN USSR,Russia,RUS,Cosmos-3M (11K65M) ,30-09-1983,Sep,1983,StatusRetired,5000,Success,1980
2245,RVSN USSR,Russia,RUS,Tsyklon-3 ,28-09-1983,Sep,1983,StatusRetired,5000,Success,1980
2246,NASA,USA,USA,Space Shuttle Challenger ,05-09-1983,Sep,1983,StatusRetired,450,Success,1980
2247,RVSN USSR,Russia,RUS,Cosmos-3M (11K65M) ,31-08-1983,Aug,1983,StatusRetired,5000,Success,1980
2248,RVSN USSR,Russia,RUS,Molniya-M /Block ML ,30-08-1983,Aug,1983,StatusRetired,5000,Success,1980
2249,CASC,China,CHN,Long March 2C ,19-08-1983,Aug,1983,StatusActive,30.8,Success,1980
2250,MHI,Japan,JPN,N-II Star-37E ,05-08-1983,Aug,1983,StatusRetired,90,Success,1980
2251,RVSN USSR,Russia,RUS,Cosmos-3M (11K65M) ,03-08-1983,Aug,1983,StatusRetired,5000,Success,1980
2252,Martin Marietta,USA,USA,Titan III(34)B Agena-D ,31-07-1983,Jul,1983,StatusRetired,35,Success,1980
2253,RVSN USSR,Kazakhstan,KAZ,Vostok-2M ,24-07-1983,Jul,1983,StatusRetired,5000,Success,1980
2254,RVSN USSR,Kazakhstan,KAZ,Molniya-M /Block ML ,19-07-1983,Jul,1983,StatusRetired,5000,Success,1980
2255,General Dynamics,USA,USA,Atlas-E/F SGS-2 ,14-07-1983,Jul,1983,StatusRetired,62,Success,1980
2256,RVSN USSR,Russia,RUS,Molniya-M /Block 2BL ,08-07-1983,Jul,1983,StatusRetired,5000,Success,1980
2257,RVSN USSR,Russia,RUS,Cosmos-3M (11K65M) ,06-07-1983,Jul,1983,StatusRetired,5000,Success,1980
2258,RVSN USSR,Kazakhstan,KAZ,Molniya-M /Block SO-L ,01-07-1983,Jul,1983,StatusRetired,5000,Success,1980
2259,RVSN USSR,Russia,RUS,Tsyklon-3 ,22-06-1983,Jun,1983,StatusRetired,5000,Success,1980
2260,Martin Marietta,USA,USA,Titan 34D ,20-06-1983,Jun,1983,StatusRetired,35,Success,1980
2261,NASA,USA,USA,Space Shuttle Challenger ,18-06-1983,Jun,1983,StatusRetired,450,Success,1980
2262,ESA,France,FRA,Ariane 1 ,16-06-1983,Jun,1983,StatusRetired,37,Success,1980
2263,General Dynamics,USA,USA,Atlas-H MSD ,09-06-1983,Jun,1983,StatusRetired,62,Success,1980
2264,RVSN USSR,Russia,RUS,Cosmos-3M (11K65M) ,26-05-1983,May,1983,StatusRetired,5000,Success,1980
2265,RVSN USSR,Russia,RUS,Cosmos-3M (11K65M) ,24-05-1983,May,1983,StatusRetired,5000,Success,1980
2266,General Dynamics,USA,USA,Atlas-SLV3D Centaur-D1AR ,19-05-1983,May,1983,StatusRetired,62,Success,1980
2267,RVSN USSR,Russia,RUS,Cosmos-3M (11K65M) ,19-05-1983,May,1983,StatusRetired,5000,Success,1980
2268,RVSN USSR,Kazakhstan,KAZ,Tsyklon-2 ,07-05-1983,May,1983,StatusRetired,5000,Success,1980
2269,RVSN USSR,Russia,RUS,Cosmos-3M (11K65M) ,06-05-1983,May,1983,StatusRetired,5000,Success,1980
2270,RVSN USSR,Russia,RUS,Cosmos-3MRB (65MRB) ,04-05-1983,May,1983,StatusRetired,5000,Success,1980
2271,RVSN USSR,Russia,RUS,Molniya-M /Block 2BL ,25-04-1983,Apr,1983,StatusRetired,5000,Success,1980
2272,RVSN USSR,Russia,RUS,Tsyklon-3 ,23-04-1983,Apr,1983,StatusRetired,5000,Success,1980
2273,RVSN USSR,Russia,RUS,Cosmos-3M (11K65M) ,19-04-1983,Apr,1983,StatusRetired,5000,Success,1980
2274,US Air Force,USA,USA,Titan III(24)B ,17-04-1983,Apr,1983,StatusRetired,59,Success,1980
2275,ISRO,India,IND,SLV-3 ,17-04-1983,Apr,1983,StatusRetired,31,Success,1980
2276,RVSN USSR,Russia,RUS,Cosmos-3M (11K65M) ,12-04-1983,Apr,1983,StatusRetired,5000,Success,1980
2277,RVSN USSR,Russia,RUS,Cosmos-3M (11K65M) ,06-04-1983,Apr,1983,StatusRetired,5000,Success,1980
2278,NASA,USA,USA,Space Shuttle Challenger ,04-04-1983,Apr,1983,StatusRetired,450,Success,1980
2279,RVSN USSR,Kazakhstan,KAZ,Molniya-M /Block ML ,02-04-1983,Apr,1983,StatusRetired,5000,Success,1980
2280,RVSN USSR,Russia,RUS,Cosmos-3M (11K65M) ,30-03-1983,Mar,1983,StatusRetired,5000,Success,1980
2281,General Dynamics,USA,USA,Atlas-E/F Star-37S-ISS ,28-03-1983,Mar,1983,StatusRetired,62,Success,1980
2282,RVSN USSR,Russia,RUS,Cosmos-3M (11K65M) ,24-03-1983,Mar,1983,StatusRetired,5000,Success,1980
2283,RVSN USSR,Russia,RUS,Molniya-M /Block ML ,16-03-1983,Mar,1983,StatusRetired,5000,Success,1980
2284,RVSN USSR,Russia,RUS,Cosmos-3MRB (65MRB) ,15-03-1983,Mar,1983,StatusRetired,5000,Success,1980
2285,RVSN USSR,Russia,RUS,Molniya-M /Block ML ,11-03-1983,Mar,1983,StatusRetired,5000,Success,1980
2286,ISAS,Japan,JPN,Mu-III S ,20-02-1983,Feb,1983,StatusRetired,62,Success,1980
2287,RVSN USSR,Russia,RUS,Vostok-2M ,16-02-1983,Feb,1983,StatusRetired,5000,Success,1980
2288,General Dynamics,USA,USA,Atlas-H MSD ,09-02-1983,Feb,1983,StatusRetired,62,Success,1980
2289,MHI,Japan,JPN,N-II Star-37E ,04-02-1983,Feb,1983,StatusRetired,90,Success,1980
2290,RVSN USSR,Russia,RUS,Cosmos-3M (11K65M) ,25-01-1983,Jan,1983,StatusRetired,5000,Failure,1980
2291,RVSN USSR,Russia,RUS,Vostok-2M ,20-01-1983,Jan,1983,StatusRetired,5000,Success,1980
2292,RVSN USSR,Russia,RUS,Cosmos-3M (11K65M) ,19-01-1983,Jan,1983,StatusRetired,5000,Success,1980
2293,RVSN USSR,Russia,RUS,Cosmos-3M (11K65M) ,12-01-1983,Jan,1983,StatusRetired,5000,Success,1980
2294,RVSN USSR,Russia,RUS,Cosmos-3M (11K65M) ,29-12-1982,Dec,1982,StatusRetired,5000,Success,1980
2295,General Dynamics,USA,USA,Atlas-E/F Star-37S-ISS ,21-12-1982,Dec,1982,StatusRetired,62,Success,1980
2296,RVSN USSR,Russia,RUS,Vostok-2M ,14-12-1982,Dec,1982,StatusRetired,5000,Success,1980
2297,RVSN USSR,Kazakhstan,KAZ,Molniya-M /Block ML ,08-12-1982,Dec,1982,StatusRetired,5000,Partial Failure,1980
2298,RVSN USSR,Russia,RUS,Cosmos-3M (11K65M) ,24-11-1982,Nov,1982,StatusRetired,5000,Failure,1980
2299,Martin Marietta,USA,USA,Titan IIID ,17-11-1982,Nov,1982,StatusRetired,35,Success,1980
2300,NASA,USA,USA,Space Shuttle Columbia ,11-11-1982,Nov,1982,StatusRetired,450,Success,1980
2301,RVSN USSR,Russia,RUS,Cosmos-3M (11K65M) ,11-11-1982,Nov,1982,StatusRetired,5000,Success,1980
2302,Martin Marietta,USA,USA,Titan 34D ,30-10-1982,Oct,1982,StatusRetired,35,Success,1980
2303,RVSN USSR,Russia,RUS,Cosmos-3M (11K65M) ,21-10-1982,Oct,1982,StatusRetired,5000,Success,1980
2304,RVSN USSR,Russia,RUS,Cosmos-3M (11K65M) ,19-10-1982,Oct,1982,StatusRetired,5000,Success,1980
2305,General Dynamics,USA,USA,Atlas-SLV3D Centaur-D1AR ,28-09-1982,Sep,1982,StatusRetired,62,Success,1980
2306,RVSN USSR,Russia,RUS,Tsyklon-3 ,24-09-1982,Sep,1982,StatusRetired,5000,Success,1980
2307,RVSN USSR,Russia,RUS,Molniya-M /Block 2BL ,22-09-1982,Sep,1982,StatusRetired,5000,Success,1980
2308,RVSN USSR,Russia,RUS,Tsyklon-3 ,16-09-1982,Sep,1982,StatusRetired,5000,Success,1980
2309,CASC,China,CHN,Long March 2C ,09-09-1982,Sep,1982,StatusActive,30.8,Success,1980
2310,ESA,France,FRA,Ariane 1 ,09-09-1982,Sep,1982,StatusRetired,37,Failure,1980
2311,RVSN USSR,Kazakhstan,KAZ,Tsyklon-2 ,04-09-1982,Sep,1982,StatusRetired,5000,Success,1980
2312,MHI,Japan,JPN,N-I ,03-09-1982,Sep,1982,StatusRetired,90,Success,1980
2313,RVSN USSR,Russia,RUS,Cosmos-3M (11K65M) ,30-08-1982,Aug,1982,StatusRetired,5000,Success,1980
2314,RVSN USSR,Kazakhstan,KAZ,Tsyklon-2 ,30-08-1982,Aug,1982,StatusRetired,5000,Success,1980
2315,RVSN USSR,Russia,RUS,Molniya-M /Block ML ,27-08-1982,Aug,1982,StatusRetired,5000,Success,1980
2316,RVSN USSR,Russia,RUS,Vostok-2M ,05-08-1982,Aug,1982,StatusRetired,5000,Success,1980
2317,RVSN USSR,Kazakhstan,KAZ,Tsyklon-2 ,02-08-1982,Aug,1982,StatusRetired,5000,Success,1980
2318,RVSN USSR,Russia,RUS,Cosmos-3M (11K65M) ,29-07-1982,Jul,1982,StatusRetired,5000,Success,1980
2319,RVSN USSR,Kazakhstan,KAZ,Molniya-M /Block ML ,21-07-1982,Jul,1982,StatusRetired,5000,Success,1980
2320,RVSN USSR,Russia,RUS,Cosmos-3M (11K65M) ,21-07-1982,Jul,1982,StatusRetired,5000,Success,1980
2321,RVSN USSR,Russia,RUS,Cosmos-3M (11K65M) ,07-07-1982,Jul,1982,StatusRetired,5000,Success,1980
2322,RVSN USSR,Russia,RUS,Cosmos-3M (11K65M) ,29-06-1982,Jun,1982,StatusRetired,5000,Success,1980
2323,NASA,USA,USA,Space Shuttle Columbia ,27-06-1982,Jun,1982,StatusRetired,450,Success,1980
2324,RVSN USSR,Russia,RUS,Molniya-M /Block 2BL ,25-06-1982,Jun,1982,StatusRetired,5000,Success,1980
2325,RVSN USSR,Russia,RUS,Cosmos-3M (11K65M) ,18-06-1982,Jun,1982,StatusRetired,5000,Partial Failure,1980
2326,RVSN USSR,Kazakhstan,KAZ,Tsyklon-2 ,18-06-1982,Jun,1982,StatusRetired,5000,Success,1980
2327,RVSN USSR,Russia,RUS,Tsyklon-3 ,10-06-1982,Jun,1982,StatusRetired,5000,Success,1980
2328,RVSN USSR,Russia,RUS,Cosmos-3M (11K65M) ,06-06-1982,Jun,1982,StatusRetired,5000,Success,1980
2329,RVSN USSR,Russia,RUS,Cosmos-3MRB (65MRB) ,03-06-1982,Jun,1982,StatusRetired,5000,Success,1980
2330,RVSN USSR,Kazakhstan,KAZ,Tsyklon-2 ,01-06-1982,Jun,1982,StatusRetired,5000,Success,1980
2331,RVSN USSR,Russia,RUS,Cosmos-3M (11K65M) ,01-06-1982,Jun,1982,StatusRetired,5000,Success,1980
2332,RVSN USSR,Russia,RUS,Molniya-M /Block ML ,28-05-1982,May,1982,StatusRetired,5000,Success,1980
2333,RVSN USSR,Russia,RUS,Molniya-M /Block 2BL ,20-05-1982,May,1982,StatusRetired,5000,Success,1980
2334,RVSN USSR,Kazakhstan,KAZ,Tsyklon-2 ,14-05-1982,May,1982,StatusRetired,5000,Success,1980
2335,Martin Marietta,USA,USA,Titan IIID ,11-05-1982,May,1982,StatusRetired,35,Success,1980
2336,RVSN USSR,Russia,RUS,Cosmos-3M (11K65M) ,06-05-1982,May,1982,StatusRetired,5000,Success,1980
2337,RVSN USSR,Russia,RUS,Vostok-2M ,05-05-1982,May,1982,StatusRetired,5000,Success,1980
2338,RVSN USSR,Kazakhstan,KAZ,Tsyklon-2 ,29-04-1982,Apr,1982,StatusRetired,5000,Success,1980
2339,RVSN USSR,Russia,RUS,Cosmos-3M (11K65M) ,28-04-1982,Apr,1982,StatusRetired,5000,Success,1980
2340,RVSN USSR,Russia,RUS,Cosmos-3M (11K65M) ,21-04-1982,Apr,1982,StatusRetired,5000,Success,1980
2341,RVSN USSR,Russia,RUS,Cosmos-3M (11K65M) ,08-04-1982,Apr,1982,StatusRetired,5000,Success,1980
2342,RVSN USSR,Russia,RUS,Molniya-M /Block 2BL ,07-04-1982,Apr,1982,StatusRetired,5000,Success,1980
2343,RVSN USSR,Russia,RUS,Vostok-2M ,31-03-1982,Mar,1982,StatusRetired,5000,Success,1980
2344,RVSN USSR,Russia,RUS,Cosmos-3M (11K65M) ,31-03-1982,Mar,1982,StatusRetired,5000,Success,1980
2345,RVSN USSR,Russia,RUS,Tsyklon-3 ,25-03-1982,Mar,1982,StatusRetired,5000,Success,1980
2346,RVSN USSR,Russia,RUS,Cosmos-3M (11K65M) ,24-03-1982,Mar,1982,StatusRetired,5000,Success,1980
2347,RVSN USSR,Russia,RUS,Molniya-M /Block ML ,24-03-1982,Mar,1982,StatusRetired,5000,Success,1980
2348,NASA,USA,USA,Space Shuttle Columbia ,22-03-1982,Mar,1982,StatusRetired,450,Success,1980
2349,Martin Marietta,USA,USA,Titan III(23)C ,06-03-1982,Mar,1982,StatusRetired,35,Success,1980
2350,General Dynamics,USA,USA,Atlas-SLV3D Centaur-D1AR ,05-03-1982,Mar,1982,StatusRetired,62,Success,1980
2351,RVSN USSR,Russia,RUS,Cosmos-3M (11K65M) ,04-03-1982,Mar,1982,StatusRetired,5000,Failure,1980
2352,RVSN USSR,Russia,RUS,Molniya-M /Block 2BL ,03-03-1982,Mar,1982,StatusRetired,5000,Success,1980
2353,RVSN USSR,Russia,RUS,Molniya-M /Block ML ,26-02-1982,Feb,1982,StatusRetired,5000,Success,1980
2354,RVSN USSR,Russia,RUS,Vostok-2M ,19-02-1982,Feb,1982,StatusRetired,5000,Success,1980
2355,RVSN USSR,Russia,RUS,Cosmos-3M (11K65M) ,17-02-1982,Feb,1982,StatusRetired,5000,Success,1980
2356,RVSN USSR,Kazakhstan,KAZ,Tsyklon-2 ,11-02-1982,Feb,1982,StatusRetired,5000,Success,1980
2357,RVSN USSR,Russia,RUS,Cosmos-3M (11K65M) ,29-01-1982,Jan,1982,StatusRetired,5000,Success,1980
2358,US Air Force,USA,USA,Titan III(24)B ,21-01-1982,Jan,1982,StatusRetired,59,Success,1980
2359,RVSN USSR,Russia,RUS,Cosmos-3M (11K65M) ,14-01-1982,Jan,1982,StatusRetired,5000,Success,1980
2360,RVSN USSR,Russia,RUS,Cosmos-3M (11K65M) ,07-01-1982,Jan,1982,StatusRetired,5000,Success,1980
2361,RVSN USSR,Kazakhstan,KAZ,Molniya-M /Block ML ,23-12-1981,Dec,1981,StatusRetired,5000,Success,1980
2362,ESA,France,FRA,Ariane 1 ,20-12-1981,Dec,1981,StatusRetired,37,Success,1980
2363,General Dynamics,USA,USA,Atlas-E/F SGS-1 ,19-12-1981,Dec,1981,StatusRetired,62,Failure,1980
2364,RVSN USSR,Russia,RUS,Cosmos-3M (11K65M) ,17-12-1981,Dec,1981,StatusRetired,5000,Success,1980
2365,General Dynamics,USA,USA,Atlas-SLV3D Centaur-D1AR ,15-12-1981,Dec,1981,StatusRetired,62,Success,1980
2366,RVSN USSR,Russia,RUS,Cosmos-3M (11K65M) ,04-12-1981,Dec,1981,StatusRetired,5000,Partial Failure,1980
2367,RVSN USSR,Russia,RUS,Tsyklon-3 ,03-12-1981,Dec,1981,StatusRetired,5000,Success,1980
2368,RVSN USSR,Russia,RUS,Cosmos-3M (11K65M) ,28-11-1981,Nov,1981,StatusRetired,5000,Success,1980
2369,RVSN USSR,Russia,RUS,Cosmos-3M (11K65M) ,20-11-1981,Nov,1981,StatusRetired,5000,Success,1980
2370,RVSN USSR,Russia,RUS,Molniya-M /Block ML ,17-11-1981,Nov,1981,StatusRetired,5000,Success,1980
2371,NASA,USA,USA,Space Shuttle Columbia ,12-11-1981,Nov,1981,StatusRetired,450,Success,1980
2372,RVSN USSR,Russia,RUS,Molniya-M /Block 2BL ,31-10-1981,Oct,1981,StatusRetired,5000,Success,1980
2373,Martin Marietta,USA,USA,Titan III(23)C ,31-10-1981,Oct,1981,StatusRetired,35,Success,1980
2374,RVSN USSR,Russia,RUS,Molniya-M /Block ML ,17-10-1981,Oct,1981,StatusRetired,5000,Success,1980
2375,RVSN USSR,Russia,RUS,Vostok-2M ,13-10-1981,Oct,1981,StatusRetired,5000,Success,1980
2376,RVSN USSR,Russia,RUS,Tsyklon-3 ,30-09-1981,Sep,1981,StatusRetired,5000,Success,1980
2377,RVSN USSR,Russia,RUS,Cosmos-3M (11K65M) ,28-09-1981,Sep,1981,StatusRetired,5000,Success,1980
2378,RVSN USSR,Russia,RUS,Cosmos-3M (11K65M) ,23-09-1981,Sep,1981,StatusRetired,5000,Success,1980
2379,RVSN USSR,Russia,RUS,Tsyklon-3 ,21-09-1981,Sep,1981,StatusRetired,5000,Success,1980
2380,CASC,China,CHN,Feng Bao 1 ,19-09-1981,Sep,1981,StatusRetired,30.8,Success,1980
2381,RVSN USSR,Russia,RUS,Cosmos-3M (11K65M) ,18-09-1981,Sep,1981,StatusRetired,5000,Success,1980
2382,RVSN USSR,Kazakhstan,KAZ,Tsyklon-2 ,14-09-1981,Sep,1981,StatusRetired,5000,Success,1980
2383,RVSN USSR,Russia,RUS,Molniya-M /Block ML ,11-09-1981,Sep,1981,StatusRetired,5000,Partial Failure,1980
2384,Martin Marietta,USA,USA,Titan IIID ,03-09-1981,Sep,1981,StatusRetired,35,Success,1980
2385,RVSN USSR,Russia,RUS,Cosmos-3M (11K65M) ,28-08-1981,Aug,1981,StatusRetired,5000,Success,1980
2386,RVSN USSR,Russia,RUS,Tsyklon-3 ,24-08-1981,Aug,1981,StatusRetired,5000,Success,1980
2387,RVSN USSR,Kazakhstan,KAZ,Tsyklon-2 ,24-08-1981,Aug,1981,StatusRetired,5000,Success,1980
2388,RVSN USSR,Russia,RUS,Cosmos-3M (11K65M) ,12-08-1981,Aug,1981,StatusRetired,5000,Success,1980
2389,MHI,Japan,JPN,N-II Star-37E ,10-08-1981,Aug,1981,StatusRetired,90,Success,1980
2390,RVSN USSR,Russia,RUS,Vostok-2M ,07-08-1981,Aug,1981,StatusRetired,5000,Success,1980
2391,RVSN USSR,Russia,RUS,Cosmos-3M (11K65M) ,06-08-1981,Aug,1981,StatusRetired,5000,Success,1980
2392,General Dynamics,USA,USA,Atlas-SLV3D Centaur-D1AR ,06-08-1981,Aug,1981,StatusRetired,62,Partial Failure,1980
2393,RVSN USSR,Kazakhstan,KAZ,Tsyklon-2 ,04-08-1981,Aug,1981,StatusRetired,5000,Success,1980
2394,RVSN USSR,Russia,RUS,Molniya-M /Block 2BL ,04-08-1981,Aug,1981,StatusRetired,5000,Success,1980
2395,RVSN USSR,Kazakhstan,KAZ,Vostok-2M ,10-07-1981,Jul,1981,StatusRetired,5000,Success,1980
2396,RVSN USSR,Russia,RUS,Molniya-M /Block ML ,24-06-1981,Jun,1981,StatusRetired,5000,Success,1980
2397,General Dynamics,USA,USA,Atlas-E/F Star-37S-ISS ,23-06-1981,Jun,1981,StatusRetired,62,Success,1980
2398,RVSN USSR,Russia,RUS,Molniya-M /Block 2BL ,19-06-1981,Jun,1981,StatusRetired,5000,Success,1980
2399,ESA,France,FRA,Ariane 1 ,19-06-1981,Jun,1981,StatusRetired,37,Success,1980
2400,RVSN USSR,Russia,RUS,Molniya-M /Block ML ,09-06-1981,Jun,1981,StatusRetired,5000,Success,1980
2401,RVSN USSR,Russia,RUS,Cosmos-3M (11K65M) ,04-06-1981,Jun,1981,StatusRetired,5000,Success,1980
2402,ISRO,India,IND,SLV-3 ,31-05-1981,May,1981,StatusRetired,31,Partial Failure,1980
2403,General Dynamics,USA,USA,Atlas-SLV3D Centaur-D1AR ,23-05-1981,May,1981,StatusRetired,62,Success,1980
2404,RVSN USSR,Russia,RUS,Vostok-2M ,19-05-1981,May,1981,StatusRetired,5000,Success,1980
2405,RVSN USSR,Russia,RUS,Vostok-2M ,14-05-1981,May,1981,StatusRetired,5000,Success,1980
2406,RVSN USSR,Russia,RUS,Cosmos-3M (11K65M) ,07-05-1981,May,1981,StatusRetired,5000,Success,1980
2407,Martin Marietta,USA,USA,Titan III(34)B Agena-D ,24-04-1981,Apr,1981,StatusRetired,35,Success,1980
2408,NASA,USA,USA,Space Shuttle Columbia ,12-04-1981,Apr,1981,StatusRetired,450,Success,1980
2409,RVSN USSR,Russia,RUS,Cosmos-3M (11K65M) ,09-04-1981,Apr,1981,StatusRetired,5000,Success,1980
2410,RVSN USSR,Russia,RUS,Molniya-M /Block 2BL ,31-03-1981,Mar,1981,StatusRetired,5000,Success,1980
2411,RVSN USSR,Russia,RUS,Molniya-M /Block ML ,24-03-1981,Mar,1981,StatusRetired,5000,Success,1980
2412,RVSN USSR,Kazakhstan,KAZ,Tsyklon-2 ,21-03-1981,Mar,1981,StatusRetired,5000,Success,1980
2413,RVSN USSR,Kazakhstan,KAZ,Tsyklon-2 ,20-03-1981,Mar,1981,StatusRetired,5000,Success,1980
2414,Martin Marietta,USA,USA,Titan III(23)C ,16-03-1981,Mar,1981,StatusRetired,35,Success,1980
2415,RVSN USSR,Kazakhstan,KAZ,Tsyklon-2 ,14-03-1981,Mar,1981,StatusRetired,5000,Success,1980
2416,RVSN USSR,Russia,RUS,Cosmos-3M (11K65M) ,06-03-1981,Mar,1981,StatusRetired,5000,Success,1980
2417,RVSN USSR,Kazakhstan,KAZ,Tsyklon-2 ,05-03-1981,Mar,1981,StatusRetired,5000,Success,1980
2418,US Air Force,USA,USA,Titan III(24)B ,28-02-1981,Feb,1981,StatusRetired,59,Success,1980
2419,General Dynamics,USA,USA,Atlas-SLV3D Centaur-D1AR ,21-02-1981,Feb,1981,StatusRetired,62,Success,1980
2420,ISAS,Japan,JPN,Mu-III S ,21-02-1981,Feb,1981,StatusRetired,62,Success,1980
2421,RVSN USSR,Russia,RUS,Molniya-M /Block 2BL ,19-02-1981,Feb,1981,StatusRetired,5000,Success,1980
2422,RVSN USSR,Russia,RUS,Cosmos-3M (11K65M) ,12-02-1981,Feb,1981,StatusRetired,5000,Success,1980
2423,MHI,Japan,JPN,N-II Star-37E ,11-02-1981,Feb,1981,StatusRetired,90,Success,1980
2424,RVSN USSR,Russia,RUS,Cosmos-3M (11K65M) ,06-02-1981,Feb,1981,StatusRetired,5000,Success,1980
2425,RVSN USSR,Kazakhstan,KAZ,Tsyklon-2 ,02-02-1981,Feb,1981,StatusRetired,5000,Success,1980
2426,RVSN USSR,Russia,RUS,Molniya-M /Block ML ,30-01-1981,Jan,1981,StatusRetired,5000,Success,1980
2427,RVSN USSR,Russia,RUS,Vostok-2M ,27-01-1981,Jan,1981,StatusRetired,5000,Success,1980
2428,RVSN USSR,Russia,RUS,Tsyklon-3 ,23-01-1981,Jan,1981,StatusRetired,5000,Failure,1980
2429,RVSN USSR,Russia,RUS,Cosmos-3M (11K65M) ,21-01-1981,Jan,1981,StatusRetired,5000,Success,1980
2430,RVSN USSR,Russia,RUS,Cosmos-3M (11K65M) ,16-01-1981,Jan,1981,StatusRetired,5000,Success,1980
2431,RVSN USSR,Russia,RUS,Molniya-M /Block ML ,09-01-1981,Jan,1981,StatusRetired,5000,Success,1980
2432,RVSN USSR,Kazakhstan,KAZ,Molniya-M /Block SO-L ,25-12-1980,Dec,1980,StatusRetired,5000,Success,1980
2433,RVSN USSR,Russia,RUS,Cosmos-3M (11K65M) ,23-12-1980,Dec,1980,StatusRetired,5000,Partial Failure,1980
2434,Martin Marietta,USA,USA,Titan III(34)B Agena-D ,13-12-1980,Dec,1980,StatusRetired,35,Success,1980
2435,RVSN USSR,Russia,RUS,Cosmos-3M (11K65M) ,10-12-1980,Dec,1980,StatusRetired,5000,Success,1980
2436,General Dynamics,USA,USA,Atlas-E/F MSD ,09-12-1980,Dec,1980,StatusRetired,62,Failure,1980
2437,General Dynamics,USA,USA,Atlas-SLV3D Centaur-D1AR ,06-12-1980,Dec,1980,StatusRetired,62,Success,1980
2438,RVSN USSR,Russia,RUS,Cosmos-3MRB (65MRB) ,05-12-1980,Dec,1980,StatusRetired,5000,Success,1980
2439,RVSN USSR,Russia,RUS,Cosmos-3M (11K65M) ,05-12-1980,Dec,1980,StatusRetired,5000,Success,1980
2440,RVSN USSR,Russia,RUS,Molniya-M /Block 2BL ,27-11-1980,Nov,1980,StatusRetired,5000,Success,1980
2441,RVSN USSR,Russia,RUS,Vostok-2M ,21-11-1980,Nov,1980,StatusRetired,5000,Success,1980
2442,RVSN USSR,Russia,RUS,Molniya-M /Block ML ,16-11-1980,Nov,1980,StatusRetired,5000,Success,1980
2443,RVSN USSR,Kazakhstan,KAZ,Tsyklon-2 ,04-11-1980,Nov,1980,StatusRetired,5000,Success,1980
2444,General Dynamics,USA,USA,Atlas-SLV3D Centaur-D1AR ,31-10-1980,Oct,1980,StatusRetired,62,Success,1980
2445,RVSN USSR,Russia,RUS,Molniya-M /Block 2BL ,24-10-1980,Oct,1980,StatusRetired,5000,Success,1980
2446,RVSN USSR,Russia,RUS,Cosmos-3M (11K65M) ,14-10-1980,Oct,1980,StatusRetired,5000,Success,1980
2447,RVSN USSR,Russia,RUS,Vostok-2M ,09-09-1980,Sep,1980,StatusRetired,5000,Success,1980
2448,RVSN USSR,Russia,RUS,Vostok-2M ,15-08-1980,Aug,1980,StatusRetired,5000,Success,1980
2449,RVSN USSR,Russia,RUS,Cosmos-3M (11K65M) ,31-07-1980,Jul,1980,StatusRetired,5000,Success,1980
2450,RVSN USSR,Russia,RUS,Molniya-M /Block ML ,18-07-1980,Jul,1980,StatusRetired,5000,Success,1980
2451,ISRO,India,IND,SLV-3 ,18-07-1980,Jul,1980,StatusRetired,31,Success,1980
2452,RVSN USSR,Russia,RUS,Cosmos-3M (11K65M) ,09-07-1980,Jul,1980,StatusRetired,5000,Success,1980
2453,RVSN USSR,Russia,RUS,Molniya-M /Block 2BL ,02-07-1980,Jul,1980,StatusRetired,5000,Success,1980
2454,RVSN USSR,Russia,RUS,Cosmos-3M (11K65M) ,01-07-1980,Jul,1980,StatusRetired,5000,Success,1980
2455,RVSN USSR,Russia,RUS,Molniya-M /Block ML ,21-06-1980,Jun,1980,StatusRetired,5000,Success,1980
2456,Martin Marietta,USA,USA,Titan IIID ,18-06-1980,Jun,1980,StatusRetired,35,Success,1980
2457,RVSN USSR,Kazakhstan,KAZ,Vostok-2M ,18-06-1980,Jun,1980,StatusRetired,5000,Success,1980
2458,RVSN USSR,Russia,RUS,Molniya-M /Block 2BL ,14-06-1980,Jun,1980,StatusRetired,5000,Success,1980
2459,RVSN USSR,Russia,RUS,Cosmos-3M (11K65M) ,06-06-1980,Jun,1980,StatusRetired,5000,Success,1980
2460,RVSN USSR,Russia,RUS,Vostok-2M ,04-06-1980,Jun,1980,StatusRetired,5000,Success,1980
2461,General Dynamics,USA,USA,Atlas-E/F Star-37S-ISS ,29-05-1980,May,1980,StatusRetired,62,Failure,1980
2462,ESA,France,FRA,Ariane 1 ,23-05-1980,May,1980,StatusRetired,37,Failure,1980
2463,RVSN USSR,Russia,RUS,Cosmos-3M (11K65M) ,20-05-1980,May,1980,StatusRetired,5000,Success,1980
2464,RVSN USSR,Russia,RUS,Cosmos-3M (11K65M) ,14-05-1980,May,1980,StatusRetired,5000,Success,1980
2465,RVSN USSR,Kazakhstan,KAZ,Tsyklon-2 ,29-04-1980,Apr,1980,StatusRetired,5000,Success,1980
2466,General Dynamics,USA,USA,Atlas-E/F SGS-1 ,26-04-1980,Apr,1980,StatusRetired,62,Success,1980
2467,RVSN USSR,Russia,RUS,Molniya-M /Block ML ,18-04-1980,Apr,1980,StatusRetired,5000,Partial Failure,1980
2468,RVSN USSR,Kazakhstan,KAZ,Tsyklon-2 ,18-04-1980,Apr,1980,StatusRetired,5000,Success,1980
2469,RVSN USSR,Russia,RUS,Molniya-M /Block 2BL ,12-04-1980,Apr,1980,StatusRetired,5000,Success,1980
2470,RVSN USSR,Russia,RUS,Cosmos-3M (11K65M) ,03-04-1980,Apr,1980,StatusRetired,5000,Success,1980
2471,RVSN USSR,Russia,RUS,Cosmos-3M (11K65M) ,27-03-1980,Mar,1980,StatusRetired,5000,Success,1980
2472,RVSN USSR,Russia,RUS,Cosmos-3M (11K65M) ,17-03-1980,Mar,1980,StatusRetired,5000,Success,1980
2473,RVSN USSR,Kazakhstan,KAZ,Tsyklon-2 ,14-03-1980,Mar,1980,StatusRetired,5000,Success,1980
2474,General Dynamics,USA,USA,Atlas-E/F MSD ,03-03-1980,Mar,1980,StatusRetired,62,Success,1980
2475,MHI,Japan,JPN,N-I Star-37E ,22-02-1980,Feb,1980,StatusRetired,90,Success,1980
2476,ISAS,Japan,JPN,Mu-III S ,17-02-1980,Feb,1980,StatusRetired,62,Success,1980
2477,RVSN USSR,Russia,RUS,Molniya-M /Block 2BL ,12-02-1980,Feb,1980,StatusRetired,5000,Partial Failure,1980
2478,RVSN USSR,Russia,RUS,Cosmos-3M (11K65M) ,11-02-1980,Feb,1980,StatusRetired,5000,Success,1980
2479,General Dynamics,USA,USA,Atlas-E/F SGS-1 ,09-02-1980,Feb,1980,StatusRetired,62,Success,1980
2480,Martin Marietta,USA,USA,Titan IIID ,07-02-1980,Feb,1980,StatusRetired,35,Success,1980
2481,RVSN USSR,Russia,RUS,Vostok-2M ,30-01-1980,Jan,1980,StatusRetired,5000,Success,1980
2482,RVSN USSR,Russia,RUS,Cosmos-3M (11K65M) ,25-01-1980,Jan,1980,StatusRetired,5000,Success,1980
2483,RVSN USSR,Russia,RUS,Tsyklon-3 ,23-01-1980,Jan,1980,StatusRetired,5000,Success,1980
2484,General Dynamics,USA,USA,Atlas-SLV3D Centaur-D1AR ,18-01-1980,Jan,1980,StatusRetired,62,Success,1980
2485,RVSN USSR,Russia,RUS,Cosmos-3M (11K65M) ,14-01-1980,Jan,1980,StatusRetired,5000,Success,1980
2486,RVSN USSR,Russia,RUS,Molniya-M /Block ML ,11-01-1980,Jan,1980,StatusRetired,5000,Success,1980
2487,ESA,France,FRA,Ariane 1 ,24-12-1979,Dec,1979,StatusRetired,37,Success,1970
2488,RVSN USSR,Russia,RUS,Cosmos-3M (11K65M) ,05-12-1979,Dec,1979,StatusRetired,5000,Success,1970
2489,RVSN USSR,Russia,RUS,Vostok-2M ,27-11-1979,Nov,1979,StatusRetired,5000,Success,1970
2490,Martin Marietta,USA,USA,Titan III(23)C ,21-11-1979,Nov,1979,StatusRetired,35,Success,1970
2491,RVSN USSR,Russia,RUS,Cosmos-3M (11K65M) ,01-11-1979,Nov,1979,StatusRetired,5000,Success,1970
2492,RVSN USSR,Russia,RUS,Vostok-2M ,31-10-1979,Oct,1979,StatusRetired,5000,Success,1970
2493,RVSN USSR,Russia,RUS,Vostok-2M ,26-10-1979,Oct,1979,StatusRetired,5000,Success,1970
2494,RVSN USSR,Russia,RUS,Molniya-M /Block ML ,20-10-1979,Oct,1979,StatusRetired,5000,Success,1970
2495,RVSN USSR,Russia,RUS,Cosmos-3M (11K65M) ,16-10-1979,Oct,1979,StatusRetired,5000,Success,1970
2496,RVSN USSR,Russia,RUS,Cosmos-3M (11K65M) ,11-10-1979,Oct,1979,StatusRetired,5000,Success,1970
2497,Martin Marietta,USA,USA,Titan III(23)C ,01-10-1979,Oct,1979,StatusRetired,35,Success,1970
2498,RVSN USSR,Russia,RUS,Cosmos-3M (11K65M) ,25-09-1979,Sep,1979,StatusRetired,5000,Success,1970
2499,General Dynamics,USA,USA,Atlas-SLV3D Centaur-D1AR ,20-09-1979,Sep,1979,StatusRetired,62,Success,1970
2500,RVSN USSR,Russia,RUS,Cosmos-3M (11K65M) ,28-08-1979,Aug,1979,StatusRetired,5000,Success,1970
2501,RVSN USSR,Russia,RUS,Molniya-M /Block 2BL ,28-08-1979,Aug,1979,StatusRetired,5000,Success,1970
2502,ISRO,India,IND,SLV-3 ,10-08-1979,Aug,1979,StatusRetired,31,Failure,1970
2503,RVSN USSR,Russia,RUS,Molniya-M /Block ML ,31-07-1979,Jul,1979,StatusRetired,5000,Success,1970
2504,CASC,China,CHN,Feng Bao 1 ,27-07-1979,Jul,1979,StatusRetired,30.8,Failure,1970
2505,RVSN USSR,Russia,RUS,Vostok-2M ,20-07-1979,Jul,1979,StatusRetired,5000,Success,1970
2506,RVSN USSR,Russia,RUS,Cosmos-3M (11K65M) ,11-07-1979,Jul,1979,StatusRetired,5000,Success,1970
2507,RVSN USSR,Russia,RUS,Cosmos-3M (11K65M) ,06-07-1979,Jul,1979,StatusRetired,5000,Success,1970
2508,RVSN USSR,Russia,RUS,Cosmos-3M (11K65M) ,28-06-1979,Jun,1979,StatusRetired,5000,Success,1970
2509,RVSN USSR,Russia,RUS,Molniya-M /Block 2BL ,27-06-1979,Jun,1979,StatusRetired,5000,Success,1970
2510,General Dynamics,USA,USA,Atlas-E/F Star-37S-ISS ,27-06-1979,Jun,1979,StatusRetired,62,Success,1970
2511,Martin Marietta,USA,USA,Titan III(23)C ,10-06-1979,Jun,1979,StatusRetired,35,Success,1970
2512,RVSN USSR,Russia,RUS,Cosmos-3M (11K65M) ,07-06-1979,Jun,1979,StatusRetired,5000,Success,1970
2513,RVSN USSR,Russia,RUS,Molniya-M /Block ML ,05-06-1979,Jun,1979,StatusRetired,5000,Success,1970
2514,RVSN USSR,Russia,RUS,Cosmos-3M (11K65M) ,31-05-1979,May,1979,StatusRetired,5000,Success,1970
2515,US Air Force,USA,USA,Titan III(24)B ,28-05-1979,May,1979,StatusRetired,59,Success,1970
2516,General Dynamics,USA,USA,Atlas-SLV3D Centaur-D1AR ,04-05-1979,May,1979,StatusRetired,62,Success,1970
2517,RVSN USSR,Kazakhstan,KAZ,Tsyklon-2 ,25-04-1979,Apr,1979,StatusRetired,5000,Success,1970
2518,RVSN USSR,Kazakhstan,KAZ,Tsyklon-2 ,18-04-1979,Apr,1979,StatusRetired,5000,Success,1970
2519,RVSN USSR,Russia,RUS,Vostok-2M ,14-04-1979,Apr,1979,StatusRetired,5000,Success,1970
2520,RVSN USSR,Russia,RUS,Molniya-M /Block ML ,12-04-1979,Apr,1979,StatusRetired,5000,Success,1970
2521,RVSN USSR,Russia,RUS,Cosmos-3M (11K65M) ,11-04-1979,Apr,1979,StatusRetired,5000,Success,1970
2522,RVSN USSR,Russia,RUS,Cosmos-3M (11K65M) ,07-04-1979,Apr,1979,StatusRetired,5000,Success,1970
2523,RVSN USSR,Russia,RUS,Cosmos-3M (11K65M) ,21-03-1979,Mar,1979,StatusRetired,5000,Success,1970
2524,Martin Marietta,USA,USA,Titan IIID ,16-03-1979,Mar,1979,StatusRetired,35,Success,1970
2525,RVSN USSR,Russia,RUS,Cosmos-3M (11K65M) ,15-03-1979,Mar,1979,StatusRetired,5000,Success,1970
2526,RVSN USSR,Russia,RUS,Vostok-2M ,01-03-1979,Mar,1979,StatusRetired,5000,Success,1970
2527,RVSN USSR,Russia,RUS,Cosmos-3M (11K65M) ,27-02-1979,Feb,1979,StatusRetired,5000,Success,1970
2528,General Dynamics,USA,USA,Atlas-E/F OIS ,24-02-1979,Feb,1979,StatusRetired,62,Success,1970
2529,RVSN USSR,Russia,RUS,Vostok-2M ,13-02-1979,Feb,1979,StatusRetired,5000,Success,1970
2530,RVSN USSR,Russia,RUS,Tsyklon-3 ,12-02-1979,Feb,1979,StatusRetired,5000,Success,1970
2531,RVSN USSR,Russia,RUS,Cosmos-3M (11K65M) ,08-02-1979,Feb,1979,StatusRetired,5000,Success,1970
2532,MHI,Japan,JPN,N-I Star-37E ,06-02-1979,Feb,1979,StatusRetired,90,Partial Failure,1970
2533,RVSN USSR,Kazakhstan,KAZ,Vostok-2M ,25-01-1979,Jan,1979,StatusRetired,5000,Success,1970
2534,RVSN USSR,Russia,RUS,Molniya-M /Block ML ,18-01-1979,Jan,1979,StatusRetired,5000,Success,1970
2535,RVSN USSR,Russia,RUS,Cosmos-3M (11K65M) ,16-01-1979,Jan,1979,StatusRetired,5000,Success,1970
2536,RVSN USSR,Russia,RUS,Soyuz U ,28-12-1978,Dec,1978,StatusRetired,5000,Success,1970
2537,RVSN USSR,Russia,RUS,Soyuz U ,26-12-1978,Dec,1978,StatusRetired,5000,Partial Failure,1970
2538,RVSN USSR,Russia,RUS,Cosmos-3M (11K65M) ,26-12-1978,Dec,1978,StatusRetired,5000,Success,1970
2539,RVSN USSR,Russia,RUS,Vostok-2M ,23-12-1978,Dec,1978,StatusRetired,5000,Success,1970
2540,RVSN USSR,Russia,RUS,Cosmos-3M (11K65M) ,22-12-1978,Dec,1978,StatusRetired,5000,Success,1970
2541,RVSN USSR,Russia,RUS,Cosmos-3M (11K65M) ,20-12-1978,Dec,1978,StatusRetired,5000,Partial Failure,1970
2542,RVSN USSR,Russia,RUS,Vostok-2M ,19-12-1978,Dec,1978,StatusRetired,5000,Success,1970
2543,RVSN USSR,Russia,RUS,Cosmos-3M (11K65M) ,15-12-1978,Dec,1978,StatusRetired,5000,Success,1970
2544,RVSN USSR,Russia,RUS,Soyuz U ,14-12-1978,Dec,1978,StatusRetired,5000,Success,1970
2545,Martin Marietta,USA,USA,Titan III(23)C ,14-12-1978,Dec,1978,StatusRetired,35,Success,1970
2546,General Dynamics,USA,USA,Atlas-E/F SGS-1 ,11-12-1978,Dec,1978,StatusRetired,62,Success,1970
2547,RVSN USSR,Kazakhstan,KAZ,Soyuz U ,08-12-1978,Dec,1978,StatusRetired,5000,Success,1970
2548,RVSN USSR,Russia,RUS,Soyuz U ,07-12-1978,Dec,1978,StatusRetired,5000,Success,1970
2549,RVSN USSR,Russia,RUS,Cosmos-3M (11K65M) ,05-12-1978,Dec,1978,StatusRetired,5000,Success,1970
2550,RVSN USSR,Russia,RUS,Soyuz U ,28-11-1978,Nov,1978,StatusRetired,5000,Success,1970
2551,RVSN USSR,Russia,RUS,Soyuz U ,21-11-1978,Nov,1978,StatusRetired,5000,Success,1970
2552,RVSN USSR,Russia,RUS,Cosmos-3M (11K65M) ,16-11-1978,Nov,1978,StatusRetired,5000,Success,1970
2553,RVSN USSR,Russia,RUS,Soyuz U ,15-11-1978,Nov,1978,StatusRetired,5000,Success,1970
2554,General Dynamics,USA,USA,Atlas-SLV3D Centaur-D1AR ,13-11-1978,Nov,1978,StatusRetired,62,Success,1970
2555,RVSN USSR,Russia,RUS,Soyuz U ,01-11-1978,Nov,1978,StatusRetired,5000,Success,1970
2556,RVSN USSR,Kazakhstan,KAZ,Molniya-M /Block SO-L ,30-10-1978,Oct,1978,StatusRetired,5000,Success,1970
2557,RVSN USSR,Russia,RUS,Tsyklon-3 ,26-10-1978,Oct,1978,StatusRetired,5000,Success,1970
2558,RVSN USSR,Russia,RUS,Cosmos-3M (11K65M) ,24-10-1978,Oct,1978,StatusRetired,5000,Success,1970
2559,RVSN USSR,Russia,RUS,Soyuz U ,17-10-1978,Oct,1978,StatusRetired,5000,Success,1970
2560,General Dynamics,USA,USA,Atlas-E/F Star-37S-ISS ,13-10-1978,Oct,1978,StatusRetired,62,Success,1970
2561,RVSN USSR,Russia,RUS,Molniya-M /Block ML ,13-10-1978,Oct,1978,StatusRetired,5000,Success,1970
2562,RVSN USSR,Russia,RUS,Vostok-2M ,10-10-1978,Oct,1978,StatusRetired,5000,Success,1970
2563,General Dynamics,USA,USA,Atlas-E/F SGS-1 ,07-10-1978,Oct,1978,StatusRetired,62,Success,1970
2564,RVSN USSR,Russia,RUS,Soyuz U ,06-10-1978,Oct,1978,StatusRetired,5000,Success,1970
2565,RVSN USSR,Russia,RUS,Cosmos-3M (11K65M) ,04-10-1978,Oct,1978,StatusRetired,5000,Success,1970
2566,RVSN USSR,Russia,RUS,Soyuz U ,03-10-1978,Oct,1978,StatusRetired,5000,Success,1970
2567,RVSN USSR,Russia,RUS,Soyuz U ,19-09-1978,Sep,1978,StatusRetired,5000,Success,1970
2568,ISAS,Japan,JPN,Mu-III H ,16-09-1978,Sep,1978,StatusRetired,62,Success,1970
2569,RVSN USSR,Russia,RUS,Soyuz U ,09-09-1978,Sep,1978,StatusRetired,5000,Success,1970
2570,RVSN USSR,Russia,RUS,Molniya-M /Block 2BL ,06-09-1978,Sep,1978,StatusRetired,5000,Success,1970
2571,RVSN USSR,Russia,RUS,Soyuz U ,29-08-1978,Aug,1978,StatusRetired,5000,Success,1970
2572,RVSN USSR,Russia,RUS,Molniya-M /Block ML ,22-08-1978,Aug,1978,StatusRetired,5000,Success,1970
2573,General Dynamics,USA,USA,Atlas-SLV3D Centaur-D1AR ,08-08-1978,Aug,1978,StatusRetired,62,Success,1970
2574,RVSN USSR,Russia,RUS,Soyuz U ,05-08-1978,Aug,1978,StatusRetired,5000,Success,1970
2575,Martin Marietta,USA,USA,Titan III(34)B Agena-D ,05-08-1978,Aug,1978,StatusRetired,35,Success,1970
2576,RVSN USSR,Russia,RUS,Cosmos-3M (11K65M) ,27-07-1978,Jul,1978,StatusRetired,5000,Success,1970
2577,RVSN USSR,Russia,RUS,Molniya-M /Block ML ,14-07-1978,Jul,1978,StatusRetired,5000,Success,1970
2578,General Dynamics,USA,USA,Atlas-SLV3D Centaur-D1AR ,29-06-1978,Jun,1978,StatusRetired,62,Success,1970
2579,RVSN USSR,Russia,RUS,Tsyklon-3 ,28-06-1978,Jun,1978,StatusRetired,5000,Success,1970
2580,RVSN USSR,Russia,RUS,Molniya-M /Block 2BL ,28-06-1978,Jun,1978,StatusRetired,5000,Success,1970
2581,General Dynamics,USA,USA,Atlas-E/F Agena D ,27-06-1978,Jun,1978,StatusRetired,62,Success,1970
2582,RVSN USSR,Russia,RUS,Cosmos-3M (11K65M) ,21-06-1978,Jun,1978,StatusRetired,5000,Success,1970
2583,Martin Marietta,USA,USA,Titan IIID ,14-06-1978,Jun,1978,StatusRetired,35,Success,1970
2584,RVSN USSR,Russia,RUS,Soyuz U ,12-06-1978,Jun,1978,StatusRetired,5000,Success,1970
2585,Martin Marietta,USA,USA,Titan III(23)C ,10-06-1978,Jun,1978,StatusRetired,35,Success,1970
2586,RVSN USSR,Kazakhstan,KAZ,Soyuz U ,10-06-1978,Jun,1978,StatusRetired,5000,Success,1970
2587,RVSN USSR,Russia,RUS,Cosmos-3M (11K65M) ,07-06-1978,Jun,1978,StatusRetired,5000,Success,1970
2588,RVSN USSR,Russia,RUS,Molniya-M /Block ML ,02-06-1978,Jun,1978,StatusRetired,5000,Success,1970
2589,RVSN USSR,Russia,RUS,Cosmos-3M (11K65M) ,23-05-1978,May,1978,StatusRetired,5000,Success,1970
2590,RVSN USSR,Russia,RUS,Soyuz U ,23-05-1978,May,1978,StatusRetired,5000,Success,1970
2591,General Dynamics,USA,USA,Atlas-SLV3D Centaur-D1AR ,20-05-1978,May,1978,StatusRetired,62,Success,1970
2592,RVSN USSR,Kazakhstan,KAZ,Tsyklon-2 ,19-05-1978,May,1978,StatusRetired,5000,Success,1970
2593,RVSN USSR,Russia,RUS,Cosmos-3M (11K65M) ,17-05-1978,May,1978,StatusRetired,5000,Success,1970
2594,RVSN USSR,Russia,RUS,Soyuz U ,16-05-1978,May,1978,StatusRetired,5000,Success,1970
2595,General Dynamics,USA,USA,Atlas-E/F SGS-1 ,13-05-1978,May,1978,StatusRetired,62,Success,1970
2596,RVSN USSR,Russia,RUS,Cosmos-3M (11K65M) ,12-05-1978,May,1978,StatusRetired,5000,Success,1970
2597,RVSN USSR,Russia,RUS,Vostok-2M ,12-05-1978,May,1978,StatusRetired,5000,Success,1970
2598,RVSN USSR,Russia,RUS,Soyuz U ,05-05-1978,May,1978,StatusRetired,5000,Success,1970
2599,RVSN USSR,Russia,RUS,Soyuz U ,20-04-1978,Apr,1978,StatusRetired,5000,Success,1970
2600,CASC,China,CHN,Feng Bao 1 ,15-04-1978,Apr,1978,StatusRetired,30.8,Success,1970
2601,General Dynamics,USA,USA,Atlas-SLV3A Agena-D ,07-04-1978,Apr,1978,StatusRetired,62,Success,1970
2602,RVSN USSR,Kazakhstan,KAZ,Soyuz U ,06-04-1978,Apr,1978,StatusRetired,5000,Success,1970
2603,General Dynamics,USA,USA,Atlas-SLV3D Centaur-D1AR ,31-03-1978,Mar,1978,StatusRetired,62,Success,1970
2604,RVSN USSR,Russia,RUS,Cosmos-3M (11K65M) ,31-03-1978,Mar,1978,StatusRetired,5000,Success,1970
2605,RVSN USSR,Kazakhstan,KAZ,Soyuz U ,30-03-1978,Mar,1978,StatusRetired,5000,Success,1970
2606,RVSN USSR,Russia,RUS,Cosmos-3M (11K65M) ,28-03-1978,Mar,1978,StatusRetired,5000,Success,1970
2607,Martin Marietta,USA,USA,Titan III(23)C ,25-03-1978,Mar,1978,StatusRetired,35,Failure,1970
2608,RVSN USSR,Russia,RUS,Soyuz U ,17-03-1978,Mar,1978,StatusRetired,5000,Success,1970
2609,Martin Marietta,USA,USA,Titan IIID ,16-03-1978,Mar,1978,StatusRetired,35,Success,1970
2610,RVSN USSR,Russia,RUS,Cosmos-3M (11K65M) ,15-03-1978,Mar,1978,StatusRetired,5000,Success,1970
2611,RVSN USSR,Russia,RUS,Soyuz U ,10-03-1978,Mar,1978,StatusRetired,5000,Success,1970
2612,RVSN USSR,Kazakhstan,KAZ,Soyuz U ,04-03-1978,Mar,1978,StatusRetired,5000,Success,1970
2613,RVSN USSR,Russia,RUS,Molniya-M /Block ML ,02-03-1978,Mar,1978,StatusRetired,5000,Success,1970
2614,RVSN USSR,Russia,RUS,Cosmos-3M (11K65M) ,28-02-1978,Feb,1978,StatusRetired,5000,Success,1970
2615,Martin Marietta,USA,USA,Titan III(34)B Agena-D ,25-02-1978,Feb,1978,StatusRetired,35,Success,1970
2616,General Dynamics,USA,USA,Atlas-E/F SGS-1 ,22-02-1978,Feb,1978,StatusRetired,62,Success,1970
2617,RVSN USSR,Russia,RUS,Cosmos-3M (11K65M) ,17-02-1978,Feb,1978,StatusRetired,5000,Success,1970
2618,MHI,Japan,JPN,N-I ,16-02-1978,Feb,1978,StatusRetired,90,Success,1970
2619,RVSN USSR,Kazakhstan,KAZ,Soyuz U ,14-02-1978,Feb,1978,StatusRetired,5000,Success,1970
2620,General Dynamics,USA,USA,Atlas-SLV3D Centaur-D1AR ,09-02-1978,Feb,1978,StatusRetired,62,Success,1970
2621,RVSN USSR,Russia,RUS,Soyuz U ,08-02-1978,Feb,1978,StatusRetired,5000,Success,1970
2622,ISAS,Japan,JPN,Mu-III H ,04-02-1978,Feb,1978,StatusRetired,62,Success,1970
2623,RVSN USSR,Russia,RUS,Soyuz U ,31-01-1978,Jan,1978,StatusRetired,5000,Success,1970
2624,CASC,China,CHN,Long March 2 ,26-01-1978,Jan,1978,StatusRetired,30.8,Success,1970
2625,RVSN USSR,Kazakhstan,KAZ,Soyuz U ,24-01-1978,Jan,1978,StatusRetired,5000,Success,1970
2626,RVSN USSR,Russia,RUS,Molniya-M /Block ML ,24-01-1978,Jan,1978,StatusRetired,5000,Success,1970
2627,RVSN USSR,Russia,RUS,Cosmos-3M (11K65M) ,17-01-1978,Jan,1978,StatusRetired,5000,Success,1970
2628,RVSN USSR,Russia,RUS,Soyuz U ,13-01-1978,Jan,1978,StatusRetired,5000,Success,1970
2629,RVSN USSR,Russia,RUS,Cosmos-3M (11K65M) ,10-01-1978,Jan,1978,StatusRetired,5000,Success,1970
2630,RVSN USSR,Russia,RUS,Vostok-2M ,10-01-1978,Jan,1978,StatusRetired,5000,Success,1970
2631,General Dynamics,USA,USA,Atlas-SLV3D Centaur-D1AR ,07-01-1978,Jan,1978,StatusRetired,62,Success,1970
2632,RVSN USSR,Russia,RUS,Soyuz U ,06-01-1978,Jan,1978,StatusRetired,5000,Success,1970
2633,RVSN USSR,Kazakhstan,KAZ,Soyuz U ,27-12-1977,Dec,1977,StatusRetired,5000,Success,1970
2634,RVSN USSR,Russia,RUS,Tsyklon-3 ,27-12-1977,Dec,1977,StatusRetired,5000,Success,1970
2635,RVSN USSR,Russia,RUS,Cosmos-3M (11K65M) ,23-12-1977,Dec,1977,StatusRetired,5000,Success,1970
2636,RVSN USSR,Kazakhstan,KAZ,Tsyklon-2 ,21-12-1977,Dec,1977,StatusRetired,5000,Success,1970
2637,RVSN USSR,Russia,RUS,Soyuz U ,20-12-1977,Dec,1977,StatusRetired,5000,Success,1970
2638,RVSN USSR,Russia,RUS,Cosmos-3M (11K65M) ,16-12-1977,Dec,1977,StatusRetired,5000,Success,1970
2639,RVSN USSR,Russia,RUS,Vostok-2M ,14-12-1977,Dec,1977,StatusRetired,5000,Success,1970
2640,RVSN USSR,Russia,RUS,Cosmos-3M (11K65M) ,13-12-1977,Dec,1977,StatusRetired,5000,Success,1970
2641,RVSN USSR,Kazakhstan,KAZ,Soyuz U ,12-12-1977,Dec,1977,StatusRetired,5000,Success,1970
2642,General Dynamics,USA,USA,Atlas-SLV3A Agena-D ,11-12-1977,Dec,1977,StatusRetired,62,Success,1970
2643,RVSN USSR,Kazakhstan,KAZ,Soyuz U ,10-12-1977,Dec,1977,StatusRetired,5000,Success,1970
2644,General Dynamics,USA,USA,Atlas-E/F MSD ,08-12-1977,Dec,1977,StatusRetired,62,Success,1970
2645,RVSN USSR,Russia,RUS,Cosmos-3M (11K65M) ,08-12-1977,Dec,1977,StatusRetired,5000,Success,1970
2646,RVSN USSR,Russia,RUS,Soyuz U ,04-12-1977,Dec,1977,StatusRetired,5000,Success,1970
2647,RVSN USSR,Russia,RUS,Cosmos-3M (11K65M) ,29-11-1977,Nov,1977,StatusRetired,5000,Failure,1970
2648,RVSN USSR,Russia,RUS,Cosmos-3M (11K65M) ,24-11-1977,Nov,1977,StatusRetired,5000,Success,1970
2649,RVSN USSR,Russia,RUS,Cosmos-3M (11K65M) ,28-10-1977,Oct,1977,StatusRetired,5000,Success,1970
2650,RVSN USSR,Russia,RUS,Molniya-M /Block ML ,28-10-1977,Oct,1977,StatusRetired,5000,Success,1970
2651,RVSN USSR,Kazakhstan,KAZ,Tsyklon-2 ,26-10-1977,Oct,1977,StatusRetired,5000,Success,1970
2652,RVSN USSR,Russia,RUS,Cosmos-3M (11K65M) ,25-10-1977,Oct,1977,StatusRetired,5000,Success,1970
2653,RVSN USSR,Russia,RUS,Cosmos-3M (11K65M) ,21-10-1977,Oct,1977,StatusRetired,5000,Success,1970
2654,RVSN USSR,Russia,RUS,Soyuz U ,11-10-1977,Oct,1977,StatusRetired,5000,Success,1970
2655,RVSN USSR,Kazakhstan,KAZ,Soyuz U ,09-10-1977,Oct,1977,StatusRetired,5000,Success,1970
2656,RVSN USSR,Kazakhstan,KAZ,Soyuz U ,30-09-1977,Sep,1977,StatusRetired,5000,Success,1970
2657,General Dynamics,USA,USA,Atlas-SLV3D Centaur-D1AR ,30-09-1977,Sep,1977,StatusRetired,62,Failure,1970
2658,RVSN USSR,Russia,RUS,Cosmos-3M (11K65M) ,24-09-1977,Sep,1977,StatusRetired,5000,Success,1970
2659,RVSN USSR,Russia,RUS,Tsyklon-3 ,24-09-1977,Sep,1977,StatusRetired,5000,Success,1970
2660,US Air Force,USA,USA,Titan III(24)B ,23-09-1977,Sep,1977,StatusRetired,59,Success,1970
2661,RVSN USSR,Kazakhstan,KAZ,Molniya-M /Block SO-L ,22-09-1977,Sep,1977,StatusRetired,5000,Success,1970
2662,RVSN USSR,Russia,RUS,Vostok-2M ,20-09-1977,Sep,1977,StatusRetired,5000,Success,1970
2663,RVSN USSR,Kazakhstan,KAZ,Tsyklon-2 ,18-09-1977,Sep,1977,StatusRetired,5000,Success,1970
2664,RVSN USSR,Russia,RUS,Soyuz U ,16-09-1977,Sep,1977,StatusRetired,5000,Success,1970
2665,RVSN USSR,Kazakhstan,KAZ,Tsyklon-2 ,16-09-1977,Sep,1977,StatusRetired,5000,Success,1970
2666,CASC,China,CHN,Feng Bao 1 ,14-09-1977,Sep,1977,StatusRetired,30.8,Success,1970
2667,RVSN USSR,Russia,RUS,Cosmos-3M (11K65M) ,13-09-1977,Sep,1977,StatusRetired,5000,Success,1970
2668,RVSN USSR,Russia,RUS,Soyuz U ,13-09-1977,Sep,1977,StatusRetired,5000,Success,1970
2669,RVSN USSR,Russia,RUS,Soyuz U ,06-09-1977,Sep,1977,StatusRetired,5000,Success,1970
2670,Martin Marietta,USA,USA,Titan IIIE ,05-09-1977,Sep,1977,StatusRetired,35,Success,1970
2671,RVSN USSR,Russia,RUS,Soyuz U ,02-09-1977,Sep,1977,StatusRetired,5000,Success,1970
2672,RVSN USSR,Russia,RUS,Molniya-M /Block ML ,30-08-1977,Aug,1977,StatusRetired,5000,Success,1970
2673,RVSN USSR,Russia,RUS,Soyuz U ,27-08-1977,Aug,1977,StatusRetired,5000,Success,1970
2674,RVSN USSR,Russia,RUS,Cosmos-3M (11K65M) ,24-08-1977,Aug,1977,StatusRetired,5000,Success,1970
2675,RVSN USSR,Russia,RUS,Soyuz U ,24-08-1977,Aug,1977,StatusRetired,5000,Success,1970
2676,RVSN USSR,Kazakhstan,KAZ,Tsyklon-2 ,24-08-1977,Aug,1977,StatusRetired,5000,Success,1970
2677,Martin Marietta,USA,USA,Titan IIIE ,20-08-1977,Aug,1977,StatusRetired,35,Success,1970
2678,General Dynamics,USA,USA,Atlas-SLV3D Centaur-D1AR ,12-08-1977,Aug,1977,StatusRetired,62,Success,1970
2679,RVSN USSR,Kazakhstan,KAZ,Soyuz U ,10-08-1977,Aug,1977,StatusRetired,5000,Failure,1970
2680,RVSN USSR,Russia,RUS,Soyuz U ,03-08-1977,Aug,1977,StatusRetired,5000,Success,1970
2681,RVSN USSR,Russia,RUS,Soyuz U ,29-07-1977,Jul,1977,StatusRetired,5000,Success,1970
2682,RVSN USSR,Russia,RUS,Soyuz U ,27-07-1977,Jul,1977,StatusRetired,5000,Success,1970
2683,RVSN USSR,Russia,RUS,Cosmos-3M (11K65M) ,22-07-1977,Jul,1977,StatusRetired,5000,Success,1970
2684,RVSN USSR,Kazakhstan,KAZ,Soyuz U ,20-07-1977,Jul,1977,StatusRetired,5000,Success,1970
2685,RVSN USSR,Russia,RUS,Molniya-M /Block 2BL ,20-07-1977,Jul,1977,StatusRetired,5000,Success,1970
2686,RVSN USSR,Russia,RUS,Cosmos-3M (11K65M) ,19-07-1977,Jul,1977,StatusRetired,5000,Success,1970
2687,RVSN USSR,Russia,RUS,Cosmos-3M (11K65M) ,13-07-1977,Jul,1977,StatusRetired,5000,Success,1970
2688,RVSN USSR,Russia,RUS,Soyuz U ,12-07-1977,Jul,1977,StatusRetired,5000,Success,1970
2689,RVSN USSR,Russia,RUS,Cosmos-3M (11K65M) ,08-07-1977,Jul,1977,StatusRetired,5000,Success,1970
2690,RVSN USSR,Russia,RUS,Vostok-2M ,07-07-1977,Jul,1977,StatusRetired,5000,Success,1970
2691,RVSN USSR,Russia,RUS,Cosmos-3M (11K65M) ,04-07-1977,Jul,1977,StatusRetired,5000,Success,1970
2692,RVSN USSR,Russia,RUS,Cosmos-3M (11K65M) ,01-07-1977,Jul,1977,StatusRetired,5000,Success,1970
2693,RVSN USSR,Russia,RUS,Soyuz U ,30-06-1977,Jun,1977,StatusRetired,5000,Success,1970
2694,RVSN USSR,Kazakhstan,KAZ,Vostok-2M ,29-06-1977,Jun,1977,StatusRetired,5000,Success,1970
2695,Martin Marietta,USA,USA,Titan IIID ,27-06-1977,Jun,1977,StatusRetired,35,Success,1970
2696,RVSN USSR,Russia,RUS,Tsyklon-3 ,24-06-1977,Jun,1977,StatusRetired,5000,Success,1970
2697,RVSN USSR,Kazakhstan,KAZ,Molniya-M /Block ML ,24-06-1977,Jun,1977,StatusRetired,5000,Success,1970
2698,General Dynamics,USA,USA,Atlas-E/F SGS-1 ,23-06-1977,Jun,1977,StatusRetired,62,Success,1970
2699,RVSN USSR,Kazakhstan,KAZ,Soyuz U ,22-06-1977,Jun,1977,StatusRetired,5000,Success,1970
2700,RVSN USSR,Russia,RUS,Cosmos-2I (63SM) ,18-06-1977,Jun,1977,StatusRetired,5000,Success,1970
2701,RVSN USSR,Kazakhstan,KAZ,Tsyklon-2 ,17-06-1977,Jun,1977,StatusRetired,5000,Success,1970
2702,RVSN USSR,Russia,RUS,Cosmos-3M (11K65M) ,17-06-1977,Jun,1977,StatusRetired,5000,Success,1970
2703,RVSN USSR,Russia,RUS,Molniya-M /Block 2BL ,16-06-1977,Jun,1977,StatusRetired,5000,Success,1970
2704,RVSN USSR,Russia,RUS,Soyuz U ,10-06-1977,Jun,1977,StatusRetired,5000,Success,1970
2705,RVSN USSR,Russia,RUS,Soyuz U ,08-06-1977,Jun,1977,StatusRetired,5000,Success,1970
2706,RVSN USSR,Kazakhstan,KAZ,Soyuz U ,31-05-1977,May,1977,StatusRetired,5000,Success,1970
2707,RVSN USSR,Russia,RUS,Cosmos-3M (11K65M) ,30-05-1977,May,1977,StatusRetired,5000,Success,1970
2708,General Dynamics,USA,USA,Atlas-SLV3D Centaur-D1AR ,26-05-1977,May,1977,StatusRetired,62,Success,1970
2709,RVSN USSR,Russia,RUS,Soyuz U ,26-05-1977,May,1977,StatusRetired,5000,Success,1970
2710,RVSN USSR,Russia,RUS,Cosmos-3M (11K65M) ,25-05-1977,May,1977,StatusRetired,5000,Success,1970
2711,General Dynamics,USA,USA,Atlas-SLV3A Agena-D ,23-05-1977,May,1977,StatusRetired,62,Success,1970
2712,RVSN USSR,Kazakhstan,KAZ,Tsyklon-2 ,23-05-1977,May,1977,StatusRetired,5000,Success,1970
2713,RVSN USSR,Russia,RUS,Cosmos-3M (11K65M) ,19-05-1977,May,1977,StatusRetired,5000,Success,1970
2714,RVSN USSR,Kazakhstan,KAZ,Soyuz U ,17-05-1977,May,1977,StatusRetired,5000,Success,1970
2715,Martin Marietta,USA,USA,Titan III(23)C ,12-05-1977,May,1977,StatusRetired,35,Success,1970
2716,RVSN USSR,Russia,RUS,Soyuz U ,05-05-1977,May,1977,StatusRetired,5000,Success,1970
2717,RVSN USSR,Russia,RUS,Molniya-M /Block ML ,28-04-1977,Apr,1977,StatusRetired,5000,Success,1970
2718,RVSN USSR,Russia,RUS,Cosmos-3M (11K65M) ,27-04-1977,Apr,1977,StatusRetired,5000,Success,1970
2719,RVSN USSR,Russia,RUS,Soyuz U ,26-04-1977,Apr,1977,StatusRetired,5000,Success,1970
2720,RVSN USSR,Kazakhstan,KAZ,Soyuz U ,20-04-1977,Apr,1977,StatusRetired,5000,Success,1970
2721,RVSN USSR,Russia,RUS,Molniya-M /Block 2BL ,11-04-1977,Apr,1977,StatusRetired,5000,Success,1970
2722,RVSN USSR,Russia,RUS,Soyuz U ,07-04-1977,Apr,1977,StatusRetired,5000,Success,1970
2723,RVSN USSR,Russia,RUS,Cosmos-2I (63SM) ,05-04-1977,Apr,1977,StatusRetired,5000,Success,1970
2724,RVSN USSR,Russia,RUS,Vostok-2M ,05-04-1977,Apr,1977,StatusRetired,5000,Success,1970
2725,RVSN USSR,Russia,RUS,Cosmos-3M (11K65M) ,29-03-1977,Mar,1977,StatusRetired,5000,Success,1970
2726,RVSN USSR,Russia,RUS,Cosmos-3M (11K65M) ,24-03-1977,Mar,1977,StatusRetired,5000,Success,1970
2727,RVSN USSR,Russia,RUS,Molniya-M /Block ML ,24-03-1977,Mar,1977,StatusRetired,5000,Success,1970
2728,RVSN USSR,Russia,RUS,Soyuz U ,17-03-1977,Mar,1977,StatusRetired,5000,Success,1970
2729,US Air Force,USA,USA,Titan III(24)B ,13-03-1977,Mar,1977,StatusRetired,59,Success,1970
2730,RVSN USSR,Russia,RUS,Soyuz U ,10-03-1977,Mar,1977,StatusRetired,5000,Success,1970
2731,RVSN USSR,Russia,RUS,Soyuz U ,03-03-1977,Mar,1977,StatusRetired,5000,Success,1970
2732,RVSN USSR,Russia,RUS,Vostok-2M ,26-02-1977,Feb,1977,StatusRetired,5000,Success,1970
2733,MHI,Japan,JPN,N-I Star-37E ,23-02-1977,Feb,1977,StatusRetired,90,Success,1970
2734,RVSN USSR,Kazakhstan,KAZ,Soyuz U ,22-02-1977,Feb,1977,StatusRetired,5000,Failure,1970
2735,RVSN USSR,Russia,RUS,Cosmos-3M (11K65M) ,21-02-1977,Feb,1977,StatusRetired,5000,Success,1970
2736,ISAS,Japan,JPN,Mu-III H ,19-02-1977,Feb,1977,StatusRetired,62,Success,1970
2737,RVSN USSR,Russia,RUS,Cosmos-3M (11K65M) ,15-02-1977,Feb,1977,StatusRetired,5000,Success,1970
2738,RVSN USSR,Russia,RUS,Molniya-M /Block ML ,11-02-1977,Feb,1977,StatusRetired,5000,Success,1970
2739,RVSN USSR,Russia,RUS,Soyuz U ,09-02-1977,Feb,1977,StatusRetired,5000,Success,1970
2740,RVSN USSR,Kazakhstan,KAZ,Soyuz U ,07-02-1977,Feb,1977,StatusRetired,5000,Success,1970
2741,Martin Marietta,USA,USA,Titan III(23)C ,06-02-1977,Feb,1977,StatusRetired,35,Success,1970
2742,RVSN USSR,Russia,RUS,Cosmos-3M (11K65M) ,02-02-1977,Feb,1977,StatusRetired,5000,Success,1970
2743,RVSN USSR,Russia,RUS,Cosmos-3M (11K65M) ,20-01-1977,Jan,1977,StatusRetired,5000,Success,1970
2744,RVSN USSR,Kazakhstan,KAZ,Soyuz U ,20-01-1977,Jan,1977,StatusRetired,5000,Success,1970
2745,RVSN USSR,Russia,RUS,Vostok-2M ,06-01-1977,Jan,1977,StatusRetired,5000,Success,1970
2746,RVSN USSR,Kazakhstan,KAZ,Soyuz U ,06-01-1977,Jan,1977,StatusRetired,5000,Success,1970
2747,RVSN USSR,Russia,RUS,Cosmos-3M (11K65M) ,28-12-1976,Dec,1976,StatusRetired,5000,Success,1970
2748,RVSN USSR,Russia,RUS,Molniya-M /Block ML ,28-12-1976,Dec,1976,StatusRetired,5000,Success,1970
2749,RVSN USSR,Kazakhstan,KAZ,Tsyklon-2 ,27-12-1976,Dec,1976,StatusRetired,5000,Success,1970
2750,Martin Marietta,USA,USA,Titan IIID ,19-12-1976,Dec,1976,StatusRetired,35,Success,1970
2751,RVSN USSR,Russia,RUS,Cosmos-3M (11K65M) ,17-12-1976,Dec,1976,StatusRetired,5000,Success,1970
2752,RVSN USSR,Kazakhstan,KAZ,Soyuz U ,17-12-1976,Dec,1976,StatusRetired,5000,Success,1970
2753,RVSN USSR,Russia,RUS,Cosmos-3M (11K65M) ,16-12-1976,Dec,1976,StatusRetired,5000,Success,1970
2754,RVSN USSR,Russia,RUS,Cosmos-3M (11K65M) ,15-12-1976,Dec,1976,StatusRetired,5000,Success,1970
2755,RVSN USSR,Russia,RUS,Cosmos-3M (11K65M) ,09-12-1976,Dec,1976,StatusRetired,5000,Success,1970
2756,RVSN USSR,Russia,RUS,Soyuz U ,09-12-1976,Dec,1976,StatusRetired,5000,Success,1970
2757,CASC,China,CHN,Long March 2 ,07-12-1976,Dec,1976,StatusRetired,30.8,Success,1970
2758,RVSN USSR,Russia,RUS,Molniya-M /Block ML ,02-12-1976,Dec,1976,StatusRetired,5000,Success,1970
2759,RVSN USSR,Russia,RUS,Cosmos-3M (11K65M) ,02-12-1976,Dec,1976,StatusRetired,5000,Success,1970
2760,RVSN USSR,Kazakhstan,KAZ,Soyuz U ,29-11-1976,Nov,1976,StatusRetired,5000,Success,1970
2761,RVSN USSR,Kazakhstan,KAZ,Tsyklon-2 ,26-11-1976,Nov,1976,StatusRetired,5000,Success,1970
2762,RVSN USSR,Kazakhstan,KAZ,Molniya-M /Block SO-L ,25-11-1976,Nov,1976,StatusRetired,5000,Success,1970
2763,RVSN USSR,Russia,RUS,Soyuz U ,23-11-1976,Nov,1976,StatusRetired,5000,Success,1970
2764,RVSN USSR,Kazakhstan,KAZ,Soyuz U ,11-11-1976,Nov,1976,StatusRetired,5000,Success,1970
2765,CASC,China,CHN,Feng Bao 1 ,10-11-1976,Nov,1976,StatusRetired,30.8,Failure,1970
2766,RVSN USSR,Russia,RUS,Soyuz U ,01-11-1976,Nov,1976,StatusRetired,5000,Success,1970
2767,RVSN USSR,Russia,RUS,Cosmos-3M (11K65M) ,29-10-1976,Oct,1976,StatusRetired,5000,Success,1970
2768,RVSN USSR,Russia,RUS,Soyuz U ,25-10-1976,Oct,1976,StatusRetired,5000,Success,1970
2769,RVSN USSR,Russia,RUS,Molniya-M /Block 2BL ,22-10-1976,Oct,1976,StatusRetired,5000,Success,1970
2770,RVSN USSR,Kazakhstan,KAZ,Tsyklon-2 ,21-10-1976,Oct,1976,StatusRetired,5000,Success,1970
2771,RVSN USSR,Kazakhstan,KAZ,Tsyklon-2 ,17-10-1976,Oct,1976,StatusRetired,5000,Success,1970
2772,RVSN USSR,Russia,RUS,Vostok-2M ,15-10-1976,Oct,1976,StatusRetired,5000,Success,1970
2773,RVSN USSR,Kazakhstan,KAZ,Soyuz ,14-10-1976,Oct,1976,StatusRetired,5000,Success,1970
2774,RVSN USSR,Kazakhstan,KAZ,Soyuz U ,10-10-1976,Oct,1976,StatusRetired,5000,Success,1970
2775,RVSN USSR,Russia,RUS,Soyuz U ,04-10-1976,Oct,1976,StatusRetired,5000,Failure,1970
2776,RVSN USSR,Russia,RUS,Cosmos-3M (11K65M) ,29-09-1976,Sep,1976,StatusRetired,5000,Success,1970
2777,RVSN USSR,Russia,RUS,Soyuz U ,24-09-1976,Sep,1976,StatusRetired,5000,Success,1970
2778,RVSN USSR,Kazakhstan,KAZ,Soyuz U ,22-09-1976,Sep,1976,StatusRetired,5000,Success,1970
2779,RVSN USSR,Russia,RUS,Soyuz U ,21-09-1976,Sep,1976,StatusRetired,5000,Success,1970
2780,US Air Force,USA,USA,Titan III(24)B ,15-09-1976,Sep,1976,StatusRetired,59,Success,1970
2781,RVSN USSR,Kazakhstan,KAZ,Soyuz U ,15-09-1976,Sep,1976,StatusRetired,5000,Success,1970
2782,RVSN USSR,Russia,RUS,Soyuz U ,03-09-1976,Sep,1976,StatusRetired,5000,Success,1970
2783,RVSN USSR,Russia,RUS,Molniya-M /Block ML ,01-09-1976,Sep,1976,StatusRetired,5000,Partial Failure,1970
2784,CASC,China,CHN,Feng Bao 1 ,30-08-1976,Aug,1976,StatusRetired,30.8,Success,1970
2785,RVSN USSR,Kazakhstan,KAZ,Soyuz U ,28-08-1976,Aug,1976,StatusRetired,5000,Success,1970
2786,RVSN USSR,Russia,RUS,Vostok-2M ,27-08-1976,Aug,1976,StatusRetired,5000,Success,1970
2787,RVSN USSR,Russia,RUS,Cosmos-2I (63SM) ,26-08-1976,Aug,1976,StatusRetired,5000,Success,1970
2788,RVSN USSR,Russia,RUS,Cosmos-2I (63SM) ,18-08-1976,Aug,1976,StatusRetired,5000,Success,1970
2789,RVSN USSR,Russia,RUS,Soyuz U ,12-08-1976,Aug,1976,StatusRetired,5000,Success,1970
2790,Martin Marietta,USA,USA,Titan III(34)B Agena-D ,06-08-1976,Aug,1976,StatusRetired,35,Success,1970
2791,RVSN USSR,Russia,RUS,Soyuz U ,04-08-1976,Aug,1976,StatusRetired,5000,Success,1970
2792,RVSN USSR,Russia,RUS,Cosmos-3M (11K65M) ,29-07-1976,Jul,1976,StatusRetired,5000,Success,1970
2793,RVSN USSR,Russia,RUS,Cosmos-3M (11K65M) ,27-07-1976,Jul,1976,StatusRetired,5000,Success,1970
2794,RVSN USSR,Russia,RUS,Cosmos-3M (11K65M) ,27-07-1976,Jul,1976,StatusRetired,5000,Success,1970
2795,RVSN USSR,Kazakhstan,KAZ,Molniya-M /Block ML ,23-07-1976,Jul,1976,StatusRetired,5000,Success,1970
2796,General Dynamics,USA,USA,Atlas-SLV3D Centaur-D1AR ,22-07-1976,Jul,1976,StatusRetired,62,Success,1970
2797,RVSN USSR,Russia,RUS,Soyuz U ,22-07-1976,Jul,1976,StatusRetired,5000,Success,1970
2798,RVSN USSR,Kazakhstan,KAZ,Tsyklon-2 ,21-07-1976,Jul,1976,StatusRetired,5000,Success,1970
2799,RVSN USSR,Russia,RUS,Cosmos-3M (11K65M) ,21-07-1976,Jul,1976,StatusRetired,5000,Success,1970
2800,RVSN USSR,Russia,RUS,Cosmos-3M (11K65M) ,15-07-1976,Jul,1976,StatusRetired,5000,Success,1970
2801,RVSN USSR,Russia,RUS,Soyuz U ,14-07-1976,Jul,1976,StatusRetired,5000,Success,1970
2802,RVSN USSR,Russia,RUS,Cosmos-3M (11K65M) ,08-07-1976,Jul,1976,StatusRetired,5000,Success,1970
2803,Martin Marietta,USA,USA,Titan IIID ,08-07-1976,Jul,1976,StatusRetired,35,Success,1970
2804,RVSN USSR,Kazakhstan,KAZ,Soyuz ,06-07-1976,Jul,1976,StatusRetired,5000,Success,1970
2805,RVSN USSR,Kazakhstan,KAZ,Tsyklon-2 ,02-07-1976,Jul,1976,StatusRetired,5000,Success,1970
2806,RVSN USSR,Russia,RUS,Molniya-M /Block ML ,01-07-1976,Jul,1976,StatusRetired,5000,Partial Failure,1970
2807,RVSN USSR,Russia,RUS,Cosmos-3M (11K65M) ,29-06-1976,Jun,1976,StatusRetired,5000,Success,1970
2808,RVSN USSR,Kazakhstan,KAZ,Voskhod ,29-06-1976,Jun,1976,StatusRetired,5000,Success,1970
2809,Martin Marietta,USA,USA,Titan III(23)C ,26-06-1976,Jun,1976,StatusRetired,35,Success,1970
2810,RVSN USSR,Russia,RUS,Soyuz U ,24-06-1976,Jun,1976,StatusRetired,5000,Success,1970
2811,RVSN USSR,Russia,RUS,Cosmos-3M (11K65M) ,19-06-1976,Jun,1976,StatusRetired,5000,Success,1970
2812,RVSN USSR,Russia,RUS,Voskhod ,16-06-1976,Jun,1976,StatusRetired,5000,Success,1970
2813,RVSN USSR,Russia,RUS,Cosmos-3M (11K65M) ,15-06-1976,Jun,1976,StatusRetired,5000,Success,1970
2814,RVSN USSR,Kazakhstan,KAZ,Voskhod ,08-06-1976,Jun,1976,StatusRetired,5000,Success,1970
2815,RVSN USSR,Russia,RUS,Cosmos-3M (11K65M) ,02-06-1976,Jun,1976,StatusRetired,5000,Success,1970
2816,Martin Marietta,USA,USA,Titan III(34)B Agena-D ,02-06-1976,Jun,1976,StatusRetired,35,Success,1970
2817,RVSN USSR,Russia,RUS,Voskhod ,26-05-1976,May,1976,StatusRetired,5000,Success,1970
2818,RVSN USSR,Russia,RUS,Soyuz U ,21-05-1976,May,1976,StatusRetired,5000,Success,1970
2819,RVSN USSR,Kazakhstan,KAZ,Voskhod ,20-05-1976,May,1976,StatusRetired,5000,Success,1970
2820,RVSN USSR,Russia,RUS,Cosmos-2I (63SM) ,18-05-1976,May,1976,StatusRetired,5000,Success,1970
2821,RVSN USSR,Russia,RUS,Vostok-2M ,15-05-1976,May,1976,StatusRetired,5000,Success,1970
2822,General Dynamics,USA,USA,Atlas-SLV3D Centaur-D1AR ,13-05-1976,May,1976,StatusRetired,62,Success,1970
2823,RVSN USSR,Russia,RUS,Molniya-M /Block ML ,12-05-1976,May,1976,StatusRetired,5000,Success,1970
2824,RVSN USSR,Russia,RUS,Cosmos-3M (11K65M) ,08-05-1976,May,1976,StatusRetired,5000,Success,1970
2825,RVSN USSR,Kazakhstan,KAZ,Voskhod ,05-05-1976,May,1976,StatusRetired,5000,Success,1970
2826,General Dynamics,USA,USA,Atlas-E/F MSD ,30-04-1976,Apr,1976,StatusRetired,62,Success,1970
2827,RVSN USSR,Russia,RUS,Cosmos-3M (11K65M) ,28-04-1976,Apr,1976,StatusRetired,5000,Success,1970
2828,RVSN USSR,Russia,RUS,Voskhod ,28-04-1976,Apr,1976,StatusRetired,5000,Success,1970
2829,RVSN USSR,Russia,RUS,Voskhod ,09-04-1976,Apr,1976,StatusRetired,5000,Success,1970
2830,RVSN USSR,Russia,RUS,Vostok-2M ,07-04-1976,Apr,1976,StatusRetired,5000,Success,1970
2831,RVSN USSR,Russia,RUS,Cosmos-3M (11K65M) ,06-04-1976,Apr,1976,StatusRetired,5000,Success,1970
2832,RVSN USSR,Russia,RUS,Soyuz M ,31-03-1976,Mar,1976,StatusRetired,5000,Success,1970
2833,RVSN USSR,Russia,RUS,Voskhod ,26-03-1976,Mar,1976,StatusRetired,5000,Success,1970
2834,US Air Force,USA,USA,Titan III(24)B ,22-03-1976,Mar,1976,StatusRetired,59,Success,1970
2835,RVSN USSR,Kazakhstan,KAZ,Molniya-M /Block ML ,19-03-1976,Mar,1976,StatusRetired,5000,Success,1970
2836,RVSN USSR,Kazakhstan,KAZ,Soyuz U ,18-03-1976,Mar,1976,StatusRetired,5000,Success,1970
2837,RVSN USSR,Russia,RUS,Vostok-2M ,16-03-1976,Mar,1976,StatusRetired,5000,Success,1970
2838,Martin Marietta,USA,USA,Titan III(23)C ,14-03-1976,Mar,1976,StatusRetired,35,Success,1970
2839,RVSN USSR,Kazakhstan,KAZ,Tsyklon-2 ,13-03-1976,Mar,1976,StatusRetired,5000,Success,1970
2840,RVSN USSR,Russia,RUS,Cosmos-3M (11K65M) ,12-03-1976,Mar,1976,StatusRetired,5000,Success,1970
2841,RVSN USSR,Russia,RUS,Molniya-M /Block ML ,11-03-1976,Mar,1976,StatusRetired,5000,Success,1970
2842,RVSN USSR,Kazakhstan,KAZ,Soyuz U ,10-03-1976,Mar,1976,StatusRetired,5000,Success,1970
2843,MHI,Japan,JPN,N-I ,29-02-1976,Feb,1976,StatusRetired,90,Success,1970
2844,RVSN USSR,Russia,RUS,Soyuz U ,20-02-1976,Feb,1976,StatusRetired,5000,Success,1970
2845,RVSN USSR,Kazakhstan,KAZ,Tsyklon-2 ,16-02-1976,Feb,1976,StatusRetired,5000,Success,1970
2846,RVSN USSR,Russia,RUS,Cosmos-3M (11K65M) ,12-02-1976,Feb,1976,StatusRetired,5000,Success,1970
2847,RVSN USSR,Kazakhstan,KAZ,Voskhod ,11-02-1976,Feb,1976,StatusRetired,5000,Success,1970
2848,RVSN USSR,Russia,RUS,Cosmos-2I (63SM) ,05-02-1976,Feb,1976,StatusRetired,5000,Success,1970
2849,ISAS,Japan,JPN,Mu-III C ,04-02-1976,Feb,1976,StatusRetired,62,Failure,1970
2850,RVSN USSR,Russia,RUS,Cosmos-3M (11K65M) ,03-02-1976,Feb,1976,StatusRetired,5000,Success,1970
2851,General Dynamics,USA,USA,Atlas-SLV3D Centaur-D1AR ,29-01-1976,Jan,1976,StatusRetired,62,Success,1970
2852,RVSN USSR,Kazakhstan,KAZ,Voskhod ,29-01-1976,Jan,1976,StatusRetired,5000,Success,1970
2853,RVSN USSR,Russia,RUS,Cosmos-3M (11K65M) ,28-01-1976,Jan,1976,StatusRetired,5000,Success,1970
2854,RVSN USSR,Russia,RUS,Cosmos-3M (11K65M) ,22-01-1976,Jan,1976,StatusRetired,5000,Success,1970
2855,RVSN USSR,Kazakhstan,KAZ,Molniya-M /Block ML ,22-01-1976,Jan,1976,StatusRetired,5000,Success,1970
2856,RVSN USSR,Russia,RUS,Cosmos-3M (11K65M) ,20-01-1976,Jan,1976,StatusRetired,5000,Success,1970
2857,Martin Marietta,USA,USA,Titan IIIE ,15-01-1976,Jan,1976,StatusRetired,35,Success,1970
2858,RVSN USSR,Russia,RUS,Voskhod ,07-01-1976,Jan,1976,StatusRetired,5000,Success,1970
2859,RVSN USSR,Russia,RUS,Cosmos-3M (11K65M) ,06-01-1976,Jan,1976,StatusRetired,5000,Success,1970
2860,RVSN USSR,Russia,RUS,Molniya-M /Block ML ,27-12-1975,Dec,1975,StatusRetired,5000,Success,1970
2861,RVSN USSR,Russia,RUS,Vostok-2M ,25-12-1975,Dec,1975,StatusRetired,5000,Success,1970
2862,RVSN USSR,Kazakhstan,KAZ,Molniya-M /Block SO-L ,22-12-1975,Dec,1975,StatusRetired,5000,Success,1970
2863,RVSN USSR,Russia,RUS,Cosmos-3M (11K65M) ,19-12-1975,Dec,1975,StatusRetired,5000,Failure,1970
2864,RVSN USSR,Russia,RUS,Molniya-M /Block ML ,17-12-1975,Dec,1975,StatusRetired,5000,Success,1970
2865,RVSN USSR,Kazakhstan,KAZ,Voskhod ,16-12-1975,Dec,1975,StatusRetired,5000,Success,1970
2866,CASC,China,CHN,Feng Bao 1 ,16-12-1975,Dec,1975,StatusRetired,30.8,Success,1970
2867,Martin Marietta,USA,USA,Titan III(23)C ,14-12-1975,Dec,1975,StatusRetired,35,Success,1970
2868,RVSN USSR,Kazakhstan,KAZ,Tsyklon-2 ,12-12-1975,Dec,1975,StatusRetired,5000,Success,1970
2869,RVSN USSR,Russia,RUS,Cosmos-3M (11K65M) ,11-12-1975,Dec,1975,StatusRetired,5000,Success,1970
2870,Martin Marietta,USA,USA,Titan IIID ,04-12-1975,Dec,1975,StatusRetired,35,Success,1970
2871,RVSN USSR,Russia,RUS,Voskhod ,03-12-1975,Dec,1975,StatusRetired,5000,Success,1970
2872,RVSN USSR,Russia,RUS,Cosmos-3M (11K65M) ,28-11-1975,Nov,1975,StatusRetired,5000,Success,1970
2873,RVSN USSR,Russia,RUS,Soyuz U ,25-11-1975,Nov,1975,StatusRetired,5000,Success,1970
2874,RVSN USSR,Russia,RUS,Cosmos-3M (11K65M) ,21-11-1975,Nov,1975,StatusRetired,5000,Success,1970
2875,RVSN USSR,Kazakhstan,KAZ,Voskhod ,21-11-1975,Nov,1975,StatusRetired,5000,Success,1970
2876,RVSN USSR,Kazakhstan,KAZ,Soyuz U ,17-11-1975,Nov,1975,StatusRetired,5000,Success,1970
2877,CASC,China,CHN,Long March 2 ,16-11-1975,Nov,1975,StatusRetired,30.8,Success,1970
2878,RVSN USSR,Russia,RUS,Cosmos-3M (11K65M) ,15-11-1975,Nov,1975,StatusRetired,5000,Success,1970
2879,RVSN USSR,Russia,RUS,Molniya-M /Block ML ,14-11-1975,Nov,1975,StatusRetired,5000,Success,1970
2880,RVSN USSR,Russia,RUS,Voskhod ,04-11-1975,Nov,1975,StatusRetired,5000,Success,1970
2881,RVSN USSR,Kazakhstan,KAZ,Tsyklon-2 ,29-10-1975,Oct,1975,StatusRetired,5000,Success,1970
2882,RVSN USSR,Russia,RUS,Voskhod ,17-10-1975,Oct,1975,StatusRetired,5000,Success,1970
2883,US Air Force,USA,USA,Titan III(24)B ,09-10-1975,Oct,1975,StatusRetired,59,Success,1970
2884,RVSN USSR,Kazakhstan,KAZ,Voskhod ,01-10-1975,Oct,1975,StatusRetired,5000,Success,1970
2885,RVSN USSR,Russia,RUS,Cosmos-3M (11K65M) ,30-09-1975,Sep,1975,StatusRetired,5000,Success,1970
2886,RVSN USSR,Kazakhstan,KAZ,Soyuz U ,29-09-1975,Sep,1975,StatusRetired,5000,Success,1970
2887,CNES,France,FRA,Diamant BP4 ,27-09-1975,Sep,1975,StatusRetired,62,Success,1970
2888,General Dynamics,USA,USA,Atlas-SLV3D Centaur-D1AR ,26-09-1975,Sep,1975,StatusRetired,62,Success,1970
2889,RVSN USSR,Russia,RUS,Soyuz U ,25-09-1975,Sep,1975,StatusRetired,5000,Success,1970
2890,RVSN USSR,Russia,RUS,Cosmos-3M (11K65M) ,24-09-1975,Sep,1975,StatusRetired,5000,Success,1970
2891,RVSN USSR,Russia,RUS,Voskhod ,23-09-1975,Sep,1975,StatusRetired,5000,Success,1970
2892,RVSN USSR,Russia,RUS,Vostok-2M ,18-09-1975,Sep,1975,StatusRetired,5000,Success,1970
2893,RVSN USSR,Russia,RUS,Cosmos-3M (11K65M) ,17-09-1975,Sep,1975,StatusRetired,5000,Success,1970
2894,RVSN USSR,Kazakhstan,KAZ,Voskhod ,16-09-1975,Sep,1975,StatusRetired,5000,Success,1970
2895,RVSN USSR,Russia,RUS,Soyuz U ,12-09-1975,Sep,1975,StatusRetired,5000,Success,1970
2896,Martin Marietta,USA,USA,Titan IIIE ,09-09-1975,Sep,1975,StatusRetired,35,Success,1970
2897,MHI,Japan,JPN,N-I ,09-09-1975,Sep,1975,StatusRetired,90,Success,1970
2898,RVSN USSR,Russia,RUS,Molniya-M /Block ML ,09-09-1975,Sep,1975,StatusRetired,5000,Success,1970
2899,RVSN USSR,Russia,RUS,Soyuz U ,05-09-1975,Sep,1975,StatusRetired,5000,Success,1970
2900,RVSN USSR,Russia,RUS,Molniya-M /Block ML ,02-09-1975,Sep,1975,StatusRetired,5000,Success,1970
2901,RVSN USSR,Russia,RUS,Voskhod ,27-08-1975,Aug,1975,StatusRetired,5000,Success,1970
2902,RVSN USSR,Russia,RUS,Vostok-2M ,22-08-1975,Aug,1975,StatusRetired,5000,Success,1970
2903,Martin Marietta,USA,USA,Titan IIIE ,20-08-1975,Aug,1975,StatusRetired,35,Success,1970
2904,RVSN USSR,Russia,RUS,Cosmos-3M (11K65M) ,14-08-1975,Aug,1975,StatusRetired,5000,Success,1970
2905,RVSN USSR,Kazakhstan,KAZ,Voskhod ,13-08-1975,Aug,1975,StatusRetired,5000,Success,1970
2906,RVSN USSR,Russia,RUS,Voskhod ,31-07-1975,Jul,1975,StatusRetired,5000,Success,1970
2907,CASC,China,CHN,Feng Bao 1 ,26-07-1975,Jul,1975,StatusRetired,30.8,Success,1970
2908,RVSN USSR,Russia,RUS,Cosmos-3M (11K65M) ,24-07-1975,Jul,1975,StatusRetired,5000,Success,1970
2909,RVSN USSR,Russia,RUS,Voskhod ,23-07-1975,Jul,1975,StatusRetired,5000,Success,1970
2910,RVSN USSR,Russia,RUS,Cosmos-2I (63SM) ,17-07-1975,Jul,1975,StatusRetired,5000,Success,1970
2911,NASA,USA,USA,Saturn IB ,15-07-1975,Jul,1975,StatusRetired,1160,Success,1970
2912,RVSN USSR,Kazakhstan,KAZ,Soyuz U ,15-07-1975,Jul,1975,StatusRetired,5000,Success,1970
2913,RVSN USSR,Russia,RUS,Vostok-2M ,11-07-1975,Jul,1975,StatusRetired,5000,Success,1970
2914,RVSN USSR,Russia,RUS,Molniya-M /Block ML ,08-07-1975,Jul,1975,StatusRetired,5000,Success,1970
2915,RVSN USSR,Russia,RUS,Cosmos-3M (11K65M) ,04-07-1975,Jul,1975,StatusRetired,5000,Success,1970
2916,RVSN USSR,Russia,RUS,Voskhod ,03-07-1975,Jul,1975,StatusRetired,5000,Success,1970
2917,RVSN USSR,Russia,RUS,Voskhod ,27-06-1975,Jun,1975,StatusRetired,5000,Success,1970
2918,RVSN USSR,Russia,RUS,Voskhod ,25-06-1975,Jun,1975,StatusRetired,5000,Success,1970
2919,RVSN USSR,Russia,RUS,Cosmos-2I (63SM) ,24-06-1975,Jun,1975,StatusRetired,5000,Success,1970
2920,RVSN USSR,Russia,RUS,Vostok-2M ,20-06-1975,Jun,1975,StatusRetired,5000,Success,1970
2921,General Dynamics,USA,USA,Atlas-SLV3A Agena-D ,18-06-1975,Jun,1975,StatusRetired,62,Success,1970
2922,RVSN USSR,Russia,RUS,Soyuz U ,12-06-1975,Jun,1975,StatusRetired,5000,Success,1970
2923,Martin Marietta,USA,USA,Titan IIID ,08-06-1975,Jun,1975,StatusRetired,35,Success,1970
2924,RVSN USSR,Russia,RUS,Molniya-M /Block ML ,05-06-1975,Jun,1975,StatusRetired,5000,Success,1970
2925,RVSN USSR,Russia,RUS,Voskhod ,03-06-1975,Jun,1975,StatusRetired,5000,Success,1970
2926,RVSN USSR,Russia,RUS,Cosmos-3M (11K65M) ,03-06-1975,Jun,1975,StatusRetired,5000,Failure,1970
2927,RVSN USSR,Russia,RUS,Voskhod ,30-05-1975,May,1975,StatusRetired,5000,Success,1970
2928,RVSN USSR,Kazakhstan,KAZ,Voskhod ,28-05-1975,May,1975,StatusRetired,5000,Success,1970
2929,RVSN USSR,Russia,RUS,Cosmos-3M (11K65M) ,28-05-1975,May,1975,StatusRetired,5000,Success,1970
2930,RVSN USSR,Russia,RUS,Soyuz U ,25-05-1975,May,1975,StatusRetired,5000,Success,1970
2931,RVSN USSR,Kazakhstan,KAZ,Soyuz ,24-05-1975,May,1975,StatusRetired,5000,Success,1970
2932,General Dynamics,USA,USA,Atlas-SLV3D Centaur-D1A ,22-05-1975,May,1975,StatusRetired,62,Success,1970
2933,RVSN USSR,Kazakhstan,KAZ,Voskhod ,21-05-1975,May,1975,StatusRetired,5000,Success,1970
2934,Martin Marietta,USA,USA,Titan III(23)C ,20-05-1975,May,1975,StatusRetired,35,Failure,1970
2935,CNES,France,FRA,Diamant BP4 ,17-05-1975,May,1975,StatusRetired,62,Success,1970
2936,ASI,Kenya,KEN,Scout F1 ,07-05-1975,May,1975,StatusRetired,62,Success,1970
2937,RVSN USSR,Russia,RUS,Molniya-M /Block ML ,29-04-1975,Apr,1975,StatusRetired,5000,Success,1970
2938,RVSN USSR,Russia,RUS,Voskhod ,24-04-1975,Apr,1975,StatusRetired,5000,Success,1970
2939,RVSN USSR,Russia,RUS,Cosmos-3M (11K65M) ,22-04-1975,Apr,1975,StatusRetired,5000,Success,1970
2940,RVSN USSR,Russia,RUS,Cosmos-3M (11K65M) ,19-04-1975,Apr,1975,StatusRetired,5000,Success,1970
2941,US Air Force,USA,USA,Titan III(24)B ,18-04-1975,Apr,1975,StatusRetired,59,Success,1970
2942,RVSN USSR,Russia,RUS,Voskhod ,18-04-1975,Apr,1975,StatusRetired,5000,Success,1970
2943,RVSN USSR,Kazakhstan,KAZ,Soyuz U ,16-04-1975,Apr,1975,StatusRetired,5000,Success,1970
2944,RVSN USSR,Russia,RUS,Molniya-M /Block ML ,14-04-1975,Apr,1975,StatusRetired,5000,Success,1970
2945,General Dynamics,USA,USA,Atlas-E/F Star-17A ,13-04-1975,Apr,1975,StatusRetired,62,Failure,1970
2946,RVSN USSR,Russia,RUS,Cosmos-3M (11K65M) ,11-04-1975,Apr,1975,StatusRetired,5000,Success,1970
2947,RVSN USSR,Russia,RUS,Cosmos-2I (63SM) ,08-04-1975,Apr,1975,StatusRetired,5000,Success,1970
2948,RVSN USSR,Kazakhstan,KAZ,Tsyklon-2 ,07-04-1975,Apr,1975,StatusRetired,5000,Success,1970
2949,RVSN USSR,Kazakhstan,KAZ,Soyuz ,05-04-1975,Apr,1975,StatusRetired,5000,Failure,1970
2950,RVSN USSR,Kazakhstan,KAZ,Tsyklon-2 ,02-04-1975,Apr,1975,StatusRetired,5000,Success,1970
2951,RVSN USSR,Russia,RUS,Vostok-2M ,01-04-1975,Apr,1975,StatusRetired,5000,Success,1970
2952,RVSN USSR,Russia,RUS,Cosmos-3M (11K65M) ,27-03-1975,Mar,1975,StatusRetired,5000,Success,1970
2953,RVSN USSR,Kazakhstan,KAZ,Voskhod ,27-03-1975,Mar,1975,StatusRetired,5000,Success,1970
2954,RVSN USSR,Russia,RUS,Voskhod ,26-03-1975,Mar,1975,StatusRetired,5000,Success,1970
2955,RVSN USSR,Russia,RUS,Soyuz U ,21-03-1975,Mar,1975,StatusRetired,5000,Success,1970
2956,RVSN USSR,Kazakhstan,KAZ,Voskhod ,12-03-1975,Mar,1975,StatusRetired,5000,Success,1970
2957,Martin Marietta,USA,USA,Titan III(34)B Agena-D ,10-03-1975,Mar,1975,StatusRetired,35,Success,1970
2958,RVSN USSR,Russia,RUS,Cosmos-3M (11K65M) ,28-02-1975,Feb,1975,StatusRetired,5000,Success,1970
2959,RVSN USSR,Kazakhstan,KAZ,Voskhod ,26-02-1975,Feb,1975,StatusRetired,5000,Success,1970
2960,ISAS,Japan,JPN,Mu-III C ,24-02-1975,Feb,1975,StatusRetired,62,Success,1970
2961,General Dynamics,USA,USA,Atlas-SLV3D Centaur-D1A ,20-02-1975,Feb,1975,StatusRetired,62,Failure,1970
2962,RVSN USSR,Russia,RUS,Voskhod ,12-02-1975,Feb,1975,StatusRetired,5000,Success,1970
2963,RVSN USSR,Russia,RUS,Cosmos-3M (11K65M) ,12-02-1975,Feb,1975,StatusRetired,5000,Success,1970
2964,CNES,France,FRA,Diamant BP4 ,06-02-1975,Feb,1975,StatusRetired,62,Success,1970
2965,RVSN USSR,Russia,RUS,Molniya-M /Block L ,06-02-1975,Feb,1975,StatusRetired,5000,Success,1970
2966,RVSN USSR,Russia,RUS,Cosmos-3M (11K65M) ,05-02-1975,Feb,1975,StatusRetired,5000,Success,1970
2967,RVSN USSR,Russia,RUS,Molniya-M /Block 2BL ,30-01-1975,Jan,1975,StatusRetired,5000,Success,1970
2968,RVSN USSR,Russia,RUS,Cosmos-2I (63SM) ,28-01-1975,Jan,1975,StatusRetired,5000,Success,1970
2969,RVSN USSR,Russia,RUS,Voskhod ,23-01-1975,Jan,1975,StatusRetired,5000,Success,1970
2970,RVSN USSR,Russia,RUS,Cosmos-2I (63SM) ,21-01-1975,Jan,1975,StatusRetired,5000,Success,1970
2971,RVSN USSR,Kazakhstan,KAZ,Voskhod ,17-01-1975,Jan,1975,StatusRetired,5000,Success,1970
2972,RVSN USSR,Kazakhstan,KAZ,Soyuz ,10-01-1975,Jan,1975,StatusRetired,5000,Success,1970
2973,RVSN USSR,Kazakhstan,KAZ,Voskhod ,27-12-1974,Dec,1974,StatusRetired,5000,Success,1970
2974,RVSN USSR,Russia,RUS,Cosmos-3M (11K65M) ,26-12-1974,Dec,1974,StatusRetired,5000,Success,1970
2975,RVSN USSR,Kazakhstan,KAZ,Tsyklon-2 ,24-12-1974,Dec,1974,StatusRetired,5000,Success,1970
2976,RVSN USSR,Russia,RUS,Molniya-M /Block L ,21-12-1974,Dec,1974,StatusRetired,5000,Success,1970
2977,RVSN USSR,Russia,RUS,Cosmos-3M (11K65M) ,18-12-1974,Dec,1974,StatusRetired,5000,Success,1970
2978,RVSN USSR,Russia,RUS,Vostok-2M ,17-12-1974,Dec,1974,StatusRetired,5000,Success,1970
2979,RVSN USSR,Russia,RUS,Soyuz U ,13-12-1974,Dec,1974,StatusRetired,5000,Partial Failure,1970
2980,Martin Marietta,USA,USA,Titan IIIE ,10-12-1974,Dec,1974,StatusRetired,35,Success,1970
2981,RVSN USSR,Kazakhstan,KAZ,Soyuz U ,02-12-1974,Dec,1974,StatusRetired,5000,Success,1970
2982,RVSN USSR,Russia,RUS,Voskhod ,27-11-1974,Nov,1974,StatusRetired,5000,Success,1970
2983,General Dynamics,USA,USA,Atlas-SLV3D Centaur-D1A ,21-11-1974,Nov,1974,StatusRetired,62,Success,1970
2984,RVSN USSR,Russia,RUS,Molniya-M /Block L ,21-11-1974,Nov,1974,StatusRetired,5000,Success,1970
2985,RVSN USSR,Russia,RUS,Cosmos-2I (63SM) ,20-11-1974,Nov,1974,StatusRetired,5000,Success,1970
2986,RVSN USSR,Russia,RUS,Voskhod ,16-11-1974,Nov,1974,StatusRetired,5000,Success,1970
2987,CASC,China,CHN,Long March 2 ,05-11-1974,Nov,1974,StatusRetired,30.8,Failure,1970
2988,RVSN USSR,Russia,RUS,Soyuz M ,04-11-1974,Nov,1974,StatusRetired,5000,Success,1970
2989,RVSN USSR,Russia,RUS,Voskhod ,01-11-1974,Nov,1974,StatusRetired,5000,Success,1970
2990,RVSN USSR,Russia,RUS,Cosmos-3M (11K65M) ,31-10-1974,Oct,1974,StatusRetired,5000,Success,1970
2991,Martin Marietta,USA,USA,Titan IIID ,29-10-1974,Oct,1974,StatusRetired,35,Success,1970
2992,RVSN USSR,Russia,RUS,Vostok-2M ,28-10-1974,Oct,1974,StatusRetired,5000,Success,1970
2993,RVSN USSR,Kazakhstan,KAZ,Soyuz U ,25-10-1974,Oct,1974,StatusRetired,5000,Success,1970
2994,RVSN USSR,Russia,RUS,Molniya-M /Block L ,24-10-1974,Oct,1974,StatusRetired,5000,Success,1970
2995,RVSN USSR,Russia,RUS,Soyuz U ,22-10-1974,Oct,1974,StatusRetired,5000,Success,1970
2996,RVSN USSR,Russia,RUS,Cosmos-3M (11K65M) ,18-10-1974,Oct,1974,StatusRetired,5000,Success,1970
2997,RVSN USSR,Russia,RUS,Voskhod ,18-10-1974,Oct,1974,StatusRetired,5000,Success,1970
2998,ASI,Kenya,KEN,Scout B1 ,15-10-1974,Oct,1974,StatusRetired,62,Success,1970
2999,RVSN USSR,Russia,RUS,Cosmos-3M (11K65M) ,11-10-1974,Oct,1974,StatusRetired,5000,Success,1970
3000,RVSN USSR,Russia,RUS,Cosmos-2I (63SM) ,26-09-1974,Sep,1974,StatusRetired,5000,Success,1970
3001,RVSN USSR,Kazakhstan,KAZ,Voskhod ,20-09-1974,Sep,1974,StatusRetired,5000,Success,1970
3002,RVSN USSR,Russia,RUS,Cosmos-3M (11K65M) ,19-09-1974,Sep,1974,StatusRetired,5000,Success,1970
3003,RVSN USSR,Russia,RUS,Cosmos-3M (11K65M) ,11-09-1974,Sep,1974,StatusRetired,5000,Success,1970
3004,RVSN USSR,Russia,RUS,Voskhod ,30-08-1974,Aug,1974,StatusRetired,5000,Failure,1970
3005,RVSN USSR,Russia,RUS,Cosmos-3M (11K65M) ,29-08-1974,Aug,1974,StatusRetired,5000,Success,1970
3006,RVSN USSR,Kazakhstan,KAZ,Voskhod ,29-08-1974,Aug,1974,StatusRetired,5000,Success,1970
3007,RVSN USSR,Kazakhstan,KAZ,Soyuz ,28-08-1974,Aug,1974,StatusRetired,5000,Success,1970
3008,RVSN USSR,Russia,RUS,Vostok-2M ,16-08-1974,Aug,1974,StatusRetired,5000,Success,1970
3009,US Air Force,USA,USA,Titan III(24)B ,14-08-1974,Aug,1974,StatusRetired,59,Success,1970
3010,RVSN USSR,Kazakhstan,KAZ,Soyuz U ,12-08-1974,Aug,1974,StatusRetired,5000,Success,1970
3011,RVSN USSR,Russia,RUS,Voskhod ,07-08-1974,Aug,1974,StatusRetired,5000,Success,1970
3012,RVSN USSR,Kazakhstan,KAZ,Soyuz U ,06-08-1974,Aug,1974,StatusRetired,5000,Success,1970
3013,RVSN USSR,Russia,RUS,Voskhod ,26-07-1974,Jul,1974,StatusRetired,5000,Success,1970
3014,RVSN USSR,Russia,RUS,Cosmos-2I (63SM) ,25-07-1974,Jul,1974,StatusRetired,5000,Success,1970
3015,RVSN USSR,Kazakhstan,KAZ,Voskhod ,25-07-1974,Jul,1974,StatusRetired,5000,Success,1970
3016,RVSN USSR,Russia,RUS,Molniya-M /Block L ,23-07-1974,Jul,1974,StatusRetired,5000,Success,1970
3017,General Dynamics,USA,USA,Atlas-E/F PTS ,14-07-1974,Jul,1974,StatusRetired,62,Success,1970
3018,CASC,China,CHN,Feng Bao 1 ,12-07-1974,Jul,1974,StatusRetired,30.8,Failure,1970
3019,RVSN USSR,Russia,RUS,Voskhod ,12-07-1974,Jul,1974,StatusRetired,5000,Success,1970
3020,RVSN USSR,Russia,RUS,Cosmos-2I (63SM) ,11-07-1974,Jul,1974,StatusRetired,5000,Failure,1970
3021,RVSN USSR,Russia,RUS,Cosmos-3MRB (65MRB) ,11-07-1974,Jul,1974,StatusRetired,5000,Success,1970
3022,RVSN USSR,Russia,RUS,Vostok-2M ,09-07-1974,Jul,1974,StatusRetired,5000,Success,1970
3023,RVSN USSR,Kazakhstan,KAZ,Soyuz ,03-07-1974,Jul,1974,StatusRetired,5000,Success,1970
3024,RVSN USSR,Russia,RUS,Molniya-M /Block 2BL ,29-06-1974,Jun,1974,StatusRetired,5000,Success,1970
3025,RVSN USSR,Russia,RUS,Soyuz M ,29-06-1974,Jun,1974,StatusRetired,5000,Success,1970
3026,RVSN USSR,Russia,RUS,Cosmos-3M (11K65M) ,27-06-1974,Jun,1974,StatusRetired,5000,Success,1970
3027,RVSN USSR,Russia,RUS,Cosmos-2I (63SM) ,26-06-1974,Jun,1974,StatusRetired,5000,Success,1970
3028,RVSN USSR,Russia,RUS,Cosmos-3M (11K65M) ,21-06-1974,Jun,1974,StatusRetired,5000,Success,1970
3029,RVSN USSR,Russia,RUS,Cosmos-3M (11K65M) ,18-06-1974,Jun,1974,StatusRetired,5000,Success,1970
3030,RVSN USSR,Russia,RUS,Voskhod ,13-06-1974,Jun,1974,StatusRetired,5000,Success,1970
3031,US Air Force,USA,USA,Titan III(24)B ,06-06-1974,Jun,1974,StatusRetired,59,Success,1970
3032,RVSN USSR,Kazakhstan,KAZ,Voskhod ,06-06-1974,Jun,1974,StatusRetired,5000,Success,1970
3033,Martin Marietta,USA,USA,Titan III(23)C ,30-05-1974,May,1974,StatusRetired,35,Success,1970
3034,RVSN USSR,Russia,RUS,Voskhod ,30-05-1974,May,1974,StatusRetired,5000,Success,1970
3035,RVSN USSR,Kazakhstan,KAZ,Proton K/Block D ,29-05-1974,May,1974,StatusRetired,5000,Success,1970
3036,RVSN USSR,Kazakhstan,KAZ,Soyuz ,27-05-1974,May,1974,StatusRetired,5000,Success,1970
3037,RVSN USSR,Russia,RUS,Soyuz U ,23-05-1974,May,1974,StatusRetired,5000,Failure,1970
3038,RVSN USSR,Russia,RUS,Cosmos-3M (11K65M) ,21-05-1974,May,1974,StatusRetired,5000,Success,1970
3039,RVSN USSR,Russia,RUS,Cosmos-3M (11K65M) ,17-05-1974,May,1974,StatusRetired,5000,Success,1970
3040,RVSN USSR,Kazakhstan,KAZ,Tsyklon-2 ,17-05-1974,May,1974,StatusRetired,5000,Success,1970
3041,RVSN USSR,Russia,RUS,Voskhod ,15-05-1974,May,1974,StatusRetired,5000,Success,1970
3042,RVSN USSR,Kazakhstan,KAZ,Soyuz U ,15-05-1974,May,1974,StatusRetired,5000,Success,1970
3043,RVSN USSR,Kazakhstan,KAZ,Tsyklon-2 ,15-05-1974,May,1974,StatusRetired,5000,Success,1970
3044,RVSN USSR,Russia,RUS,Cosmos-3M (11K65M) ,29-04-1974,Apr,1974,StatusRetired,5000,Success,1970
3045,RVSN USSR,Russia,RUS,Voskhod ,29-04-1974,Apr,1974,StatusRetired,5000,Success,1970
3046,RVSN USSR,Russia,RUS,Molniya-M /Block L ,26-04-1974,Apr,1974,StatusRetired,5000,Success,1970
3047,RVSN USSR,Russia,RUS,Vostok-2M ,24-04-1974,Apr,1974,StatusRetired,5000,Success,1970
3048,RVSN USSR,Russia,RUS,Molniya-M /Block ML ,20-04-1974,Apr,1974,StatusRetired,5000,Success,1970
3049,RVSN USSR,Kazakhstan,KAZ,Voskhod ,12-04-1974,Apr,1974,StatusRetired,5000,Failure,1970
3050,RVSN USSR,Russia,RUS,Voskhod ,11-04-1974,Apr,1974,StatusRetired,5000,Success,1970
3051,Martin Marietta,USA,USA,Titan IIID ,10-04-1974,Apr,1974,StatusRetired,35,Success,1970
3052,RVSN USSR,Russia,RUS,Voskhod ,04-04-1974,Apr,1974,StatusRetired,5000,Success,1970
3053,RVSN USSR,Kazakhstan,KAZ,Soyuz U ,03-04-1974,Apr,1974,StatusRetired,5000,Success,1970
3054,RVSN USSR,Kazakhstan,KAZ,Proton K/Block-DM ,26-03-1974,Mar,1974,StatusRetired,5000,Success,1970
3055,RVSN USSR,Russia,RUS,Cosmos-3M (11K65M) ,23-03-1974,Mar,1974,StatusRetired,5000,Success,1970
3056,RVSN USSR,Kazakhstan,KAZ,Soyuz U ,20-03-1974,Mar,1974,StatusRetired,5000,Success,1970
3057,RVSN USSR,Russia,RUS,Voskhod ,14-03-1974,Mar,1974,StatusRetired,5000,Success,1970
3058,RVSN USSR,Russia,RUS,Cosmos-2I (63SM) ,05-03-1974,Mar,1974,StatusRetired,5000,Success,1970
3059,RVSN USSR,Russia,RUS,Vostok-2M ,05-03-1974,Mar,1974,StatusRetired,5000,Success,1970
3060,RVSN USSR,Russia,RUS,Cosmos-2I (63SM) ,27-02-1974,Feb,1974,StatusRetired,5000,Success,1970
3061,ASI,Kenya,KEN,Scout D1 ,18-02-1974,Feb,1974,StatusRetired,62,Success,1970
3062,US Air Force,USA,USA,Titan III(24)B ,13-02-1974,Feb,1974,StatusRetired,59,Success,1970
3063,RVSN USSR,Kazakhstan,KAZ,Voskhod ,12-02-1974,Feb,1974,StatusRetired,5000,Success,1970
3064,Martin Marietta,USA,USA,Titan IIIE ,11-02-1974,Feb,1974,StatusRetired,35,Failure,1970
3065,RVSN USSR,Russia,RUS,Cosmos-3M (11K65M) ,06-02-1974,Feb,1974,StatusRetired,5000,Success,1970
3066,ISAS,Japan,JPN,Mu-III H ,04-02-1974,Feb,1974,StatusRetired,62,Success,1970
3067,RVSN USSR,Russia,RUS,Voskhod ,30-01-1974,Jan,1974,StatusRetired,5000,Success,1970
3068,RVSN USSR,Kazakhstan,KAZ,Soyuz ,29-01-1974,Jan,1974,StatusRetired,5000,Success,1970
3069,RVSN USSR,Russia,RUS,Voskhod ,24-01-1974,Jan,1974,StatusRetired,5000,Success,1970
3070,RVSN USSR,Russia,RUS,Cosmos-3M (11K65M) ,17-01-1974,Jan,1974,StatusRetired,5000,Success,1970
3071,RVSN USSR,Russia,RUS,Cosmos-3M (11K65M) ,29-12-1973,Dec,1973,StatusRetired,5000,Success,1970
3072,RVSN USSR,Kazakhstan,KAZ,Tsyklon-2 ,27-12-1973,Dec,1973,StatusRetired,5000,Success,1970
3073,RVSN USSR,Russia,RUS,Cosmos-3M (11K65M) ,26-12-1973,Dec,1973,StatusRetired,5000,Success,1970
3074,RVSN USSR,Russia,RUS,Molniya-M /Block L ,25-12-1973,Dec,1973,StatusRetired,5000,Success,1970
3075,RVSN USSR,Russia,RUS,Voskhod ,21-12-1973,Dec,1973,StatusRetired,5000,Success,1970
3076,RVSN USSR,Russia,RUS,Cosmos-3M (11K65M) ,19-12-1973,Dec,1973,StatusRetired,5000,Success,1970
3077,RVSN USSR,Kazakhstan,KAZ,Soyuz ,18-12-1973,Dec,1973,StatusRetired,5000,Success,1970
3078,RVSN USSR,Russia,RUS,Soyuz M ,17-12-1973,Dec,1973,StatusRetired,5000,Success,1970
3079,Martin Marietta,USA,USA,Titan III(23)C ,13-12-1973,Dec,1973,StatusRetired,35,Success,1970
3080,RVSN USSR,Russia,RUS,Cosmos-2I (63SM) ,13-12-1973,Dec,1973,StatusRetired,5000,Success,1970
3081,RVSN USSR,Russia,RUS,Cosmos-3M (11K65M) ,04-12-1973,Dec,1973,StatusRetired,5000,Success,1970
3082,RVSN USSR,Russia,RUS,Molniya-M /Block L ,30-11-1973,Nov,1973,StatusRetired,5000,Success,1970
3083,RVSN USSR,Russia,RUS,Voskhod ,28-11-1973,Nov,1973,StatusRetired,5000,Success,1970
3084,RVSN USSR,Russia,RUS,Cosmos-2I (63SM) ,28-11-1973,Nov,1973,StatusRetired,5000,Success,1970
3085,RVSN USSR,Russia,RUS,Cosmos-3M (11K65M) ,27-11-1973,Nov,1973,StatusRetired,5000,Success,1970
3086,RVSN USSR,Kazakhstan,KAZ,Voskhod ,21-11-1973,Nov,1973,StatusRetired,5000,Success,1970
3087,RVSN USSR,Russia,RUS,Cosmos-2I (63SM) ,20-11-1973,Nov,1973,StatusRetired,5000,Success,1970
3088,NASA,USA,USA,Saturn IB ,16-11-1973,Nov,1973,StatusRetired,1160,Success,1970
3089,RVSN USSR,Kazakhstan,KAZ,Molniya-M /Block L ,14-11-1973,Nov,1973,StatusRetired,5000,Success,1970
3090,Martin Marietta,USA,USA,Titan IIID ,10-11-1973,Nov,1973,StatusRetired,35,Success,1970
3091,RVSN USSR,Russia,RUS,Voskhod ,10-11-1973,Nov,1973,StatusRetired,5000,Success,1970
3092,General Dynamics,USA,USA,Atlas-SLV3D Centaur-D1A ,03-11-1973,Nov,1973,StatusRetired,62,Success,1970
3093,RVSN USSR,Russia,RUS,Molniya-M /Block 2BL ,02-11-1973,Nov,1973,StatusRetired,5000,Success,1970
3094,RVSN USSR,Russia,RUS,Soyuz U ,31-10-1973,Oct,1973,StatusRetired,5000,Success,1970
3095,RVSN USSR,Russia,RUS,Cosmos-3M (11K65M) ,30-10-1973,Oct,1973,StatusRetired,5000,Success,1970
3096,RVSN USSR,Russia,RUS,Vostok-2M ,29-10-1973,Oct,1973,StatusRetired,5000,Success,1970
3097,RVSN USSR,Russia,RUS,Voskhod ,27-10-1973,Oct,1973,StatusRetired,5000,Success,1970
3098,RVSN USSR,Russia,RUS,Voskhod ,20-10-1973,Oct,1973,StatusRetired,5000,Success,1970
3099,RVSN USSR,Russia,RUS,Molniya-M /Block L ,19-10-1973,Oct,1973,StatusRetired,5000,Success,1970
3100,RVSN USSR,Russia,RUS,Cosmos-2I (63SM) ,16-10-1973,Oct,1973,StatusRetired,5000,Success,1970
3101,RVSN USSR,Russia,RUS,Voskhod ,16-10-1973,Oct,1973,StatusRetired,5000,Success,1970
3102,RVSN USSR,Kazakhstan,KAZ,Voskhod ,15-10-1973,Oct,1973,StatusRetired,5000,Success,1970
3103,RVSN USSR,Russia,RUS,Voskhod ,10-10-1973,Oct,1973,StatusRetired,5000,Success,1970
3104,RVSN USSR,Russia,RUS,Voskhod ,06-10-1973,Oct,1973,StatusRetired,5000,Success,1970
3105,RVSN USSR,Russia,RUS,Voskhod ,03-10-1973,Oct,1973,StatusRetired,5000,Success,1970
3106,RVSN USSR,Russia,RUS,Cosmos-3M (11K65M) ,02-10-1973,Oct,1973,StatusRetired,5000,Success,1970
3107,US Air Force,USA,USA,Titan III(24)B ,27-09-1973,Sep,1973,StatusRetired,59,Success,1970
3108,RVSN USSR,Kazakhstan,KAZ,Soyuz ,27-09-1973,Sep,1973,StatusRetired,5000,Success,1970
3109,RVSN USSR,Russia,RUS,Soyuz U ,21-09-1973,Sep,1973,StatusRetired,5000,Success,1970
3110,CASC,China,CHN,Feng Bao 1 ,18-09-1973,Sep,1973,StatusRetired,30.8,Failure,1970
3111,RVSN USSR,Russia,RUS,Cosmos-3M (11K65M) ,14-09-1973,Sep,1973,StatusRetired,5000,Success,1970
3112,RVSN USSR,Russia,RUS,Cosmos-3M (11K65M) ,08-09-1973,Sep,1973,StatusRetired,5000,Success,1970
3113,RVSN USSR,Russia,RUS,Voskhod ,06-09-1973,Sep,1973,StatusRetired,5000,Success,1970
3114,RVSN USSR,Kazakhstan,KAZ,Voskhod ,30-08-1973,Aug,1973,StatusRetired,5000,Success,1970
3115,RVSN USSR,Russia,RUS,Molniya-M /Block L ,30-08-1973,Aug,1973,StatusRetired,5000,Success,1970
3116,RVSN USSR,Russia,RUS,Cosmos-3M (11K65M) ,28-08-1973,Aug,1973,StatusRetired,5000,Success,1970
3117,RVSN USSR,Kazakhstan,KAZ,Voskhod ,24-08-1973,Aug,1973,StatusRetired,5000,Success,1970
3118,General Dynamics,USA,USA,Atlas-SLV3D Centaur-D1A ,23-08-1973,Aug,1973,StatusRetired,62,Success,1970
3119,RVSN USSR,Russia,RUS,Cosmos-2I (63SM) ,22-08-1973,Aug,1973,StatusRetired,5000,Success,1970
3120,Martin Marietta,USA,USA,Titan-III(33)B Agena-D ,21-08-1973,Aug,1973,StatusRetired,35,Success,1970
3121,RVSN USSR,Russia,RUS,Voskhod ,21-08-1973,Aug,1973,StatusRetired,5000,Success,1970
3122,RVSN USSR,Russia,RUS,Voskhod ,01-08-1973,Aug,1973,StatusRetired,5000,Success,1970
3123,NASA,USA,USA,Saturn IB ,28-07-1973,Jul,1973,StatusRetired,1160,Success,1970
3124,RVSN USSR,Russia,RUS,Voskhod ,25-07-1973,Jul,1973,StatusRetired,5000,Success,1970
3125,Martin Marietta,USA,USA,Titan IIID ,13-07-1973,Jul,1973,StatusRetired,35,Success,1970
3126,RVSN USSR,Russia,RUS,Molniya-M /Block L ,11-07-1973,Jul,1973,StatusRetired,5000,Success,1970
3127,RVSN USSR,Russia,RUS,Voskhod ,04-07-1973,Jul,1973,StatusRetired,5000,Failure,1970
3128,RVSN USSR,Russia,RUS,Soyuz M ,27-06-1973,Jun,1973,StatusRetired,5000,Success,1970
3129,RVSN USSR,Russia,RUS,Cosmos-3M (11K65M) ,26-06-1973,Jun,1973,StatusRetired,5000,Failure,1970
3130,US Air Force,USA,USA,Titan III(24)B ,26-06-1973,Jun,1973,StatusRetired,59,Failure,1970
3131,RVSN USSR,Russia,RUS,Voskhod ,21-06-1973,Jun,1973,StatusRetired,5000,Success,1970
3132,RVSN USSR,Russia,RUS,Cosmos-3M (11K65M) ,20-06-1973,Jun,1973,StatusRetired,5000,Success,1970
3133,RVSN USSR,Kazakhstan,KAZ,Soyuz ,15-06-1973,Jun,1973,StatusRetired,5000,Success,1970
3134,Martin Marietta,USA,USA,Titan III(23)C ,12-06-1973,Jun,1973,StatusRetired,35,Success,1970
3135,RVSN USSR,Kazakhstan,KAZ,Voskhod ,10-06-1973,Jun,1973,StatusRetired,5000,Success,1970
3136,RVSN USSR,Russia,RUS,Cosmos-3M (11K65M) ,08-06-1973,Jun,1973,StatusRetired,5000,Success,1970
3137,RVSN USSR,Russia,RUS,Voskhod ,06-06-1973,Jun,1973,StatusRetired,5000,Success,1970
3138,RVSN USSR,Russia,RUS,Cosmos-2I (63SM) ,05-06-1973,Jun,1973,StatusRetired,5000,Success,1970
3139,RVSN USSR,Russia,RUS,Vostok-2M ,29-05-1973,May,1973,StatusRetired,5000,Success,1970
3140,RVSN USSR,Russia,RUS,Voskhod ,25-05-1973,May,1973,StatusRetired,5000,Success,1970
3141,NASA,USA,USA,Saturn IB ,25-05-1973,May,1973,StatusRetired,1160,Success,1970
3142,RVSN USSR,Russia,RUS,Cosmos-3M (11K65M) ,25-05-1973,May,1973,StatusRetired,5000,Failure,1970
3143,RVSN USSR,Russia,RUS,Cosmos-3MRB (65MRB) ,24-05-1973,May,1973,StatusRetired,5000,Success,1970
3144,RVSN USSR,Russia,RUS,Voskhod ,23-05-1973,May,1973,StatusRetired,5000,Success,1970
3145,CNES,France,FRA,Diamant B ,22-05-1973,May,1973,StatusRetired,62,Failure,1970
3146,RVSN USSR,Russia,RUS,Soyuz U ,18-05-1973,May,1973,StatusRetired,5000,Success,1970
3147,RVSN USSR,Russia,RUS,Cosmos-2I (63SM) ,17-05-1973,May,1973,StatusRetired,5000,Success,1970
3148,US Air Force,USA,USA,Titan III(24)B ,16-05-1973,May,1973,StatusRetired,59,Success,1970
3149,NASA,USA,USA,Saturn V ,14-05-1973,May,1973,StatusRetired,1160,Success,1970
3150,RVSN USSR,Russia,RUS,Voskhod ,05-05-1973,May,1973,StatusRetired,5000,Success,1970
3151,RVSN USSR,Russia,RUS,Voskhod ,25-04-1973,Apr,1973,StatusRetired,5000,Success,1970
3152,RVSN USSR,Kazakhstan,KAZ,Tsyklon-2 ,25-04-1973,Apr,1973,StatusRetired,5000,Failure,1970
3153,RVSN USSR,Russia,RUS,Cosmos-2I (63SM) ,19-04-1973,Apr,1973,StatusRetired,5000,Success,1970
3154,RVSN USSR,Russia,RUS,Voskhod ,19-04-1973,Apr,1973,StatusRetired,5000,Success,1970
3155,RVSN USSR,Russia,RUS,Cosmos-2I (63SM) ,12-04-1973,Apr,1973,StatusRetired,5000,Success,1970
3156,General Dynamics,USA,USA,Atlas-SLV3D Centaur-D1A ,06-04-1973,Apr,1973,StatusRetired,62,Success,1970
3157,RVSN USSR,Russia,RUS,Molniya-M /Block L ,05-04-1973,Apr,1973,StatusRetired,5000,Success,1970
3158,RVSN USSR,Kazakhstan,KAZ,Proton K ,03-04-1973,Apr,1973,StatusRetired,5000,Success,1970
3159,RVSN USSR,Russia,RUS,Voskhod ,22-03-1973,Mar,1973,StatusRetired,5000,Success,1970
3160,RVSN USSR,Russia,RUS,Vostok-2M ,20-03-1973,Mar,1973,StatusRetired,5000,Success,1970
3161,Martin Marietta,USA,USA,Titan IIID ,09-03-1973,Mar,1973,StatusRetired,35,Success,1970
3162,General Dynamics,USA,USA,Atlas-SLV3A Agena-D ,06-03-1973,Mar,1973,StatusRetired,62,Success,1970
3163,RVSN USSR,Kazakhstan,KAZ,Voskhod ,06-03-1973,Mar,1973,StatusRetired,5000,Success,1970
3164,RVSN USSR,Russia,RUS,Voskhod ,01-03-1973,Mar,1973,StatusRetired,5000,Success,1970
3165,RVSN USSR,Russia,RUS,Cosmos-3M (11K65M) ,28-02-1973,Feb,1973,StatusRetired,5000,Success,1970
3166,RVSN USSR,Kazakhstan,KAZ,Molniya-M /Block SO-L ,15-02-1973,Feb,1973,StatusRetired,5000,Success,1970
3167,RVSN USSR,Russia,RUS,Voskhod ,08-02-1973,Feb,1973,StatusRetired,5000,Success,1970
3168,RVSN USSR,Kazakhstan,KAZ,Molniya-M /Block L ,03-02-1973,Feb,1973,StatusRetired,5000,Success,1970
3169,RVSN USSR,Kazakhstan,KAZ,Voskhod ,01-02-1973,Feb,1973,StatusRetired,5000,Success,1970
3170,RVSN USSR,Russia,RUS,Cosmos-3M (11K65M) ,26-01-1973,Jan,1973,StatusRetired,5000,Success,1970
3171,RVSN USSR,Russia,RUS,Cosmos-2I (63SM) ,24-01-1973,Jan,1973,StatusRetired,5000,Success,1970
3172,RVSN USSR,Russia,RUS,Cosmos-3M (11K65M) ,20-01-1973,Jan,1973,StatusRetired,5000,Success,1970
3173,RVSN USSR,Kazakhstan,KAZ,Voskhod ,11-01-1973,Jan,1973,StatusRetired,5000,Success,1970
3174,RVSN USSR,Russia,RUS,Vostok-2M ,28-12-1972,Dec,1972,StatusRetired,5000,Partial Failure,1970
3175,RVSN USSR,Russia,RUS,Soyuz M ,27-12-1972,Dec,1972,StatusRetired,5000,Success,1970
3176,RVSN USSR,Russia,RUS,Cosmos-3M (11K65M) ,25-12-1972,Dec,1972,StatusRetired,5000,Success,1970
3177,US Air Force,USA,USA,Titan III(24)B ,21-12-1972,Dec,1972,StatusRetired,59,Success,1970
3178,RVSN USSR,Russia,RUS,Cosmos-3M (11K65M) ,21-12-1972,Dec,1972,StatusRetired,5000,Success,1970
3179,General Dynamics,USA,USA,Atlas-SLV3A Agena-D ,20-12-1972,Dec,1972,StatusRetired,62,Success,1970
3180,NASA,USA,USA,Saturn V ,19-12-1972,Dec,1972,StatusRetired,1160,Success,1970
3181,RVSN USSR,Russia,RUS,Voskhod ,14-12-1972,Dec,1972,StatusRetired,5000,Success,1970
3182,RVSN USSR,Russia,RUS,Molniya-M /Block L ,12-12-1972,Dec,1972,StatusRetired,5000,Success,1970
3183,RVSN USSR,Kazakhstan,KAZ,Molniya-M /Block L ,02-12-1972,Dec,1972,StatusRetired,5000,Success,1970
3184,RVSN USSR,Russia,RUS,Cosmos-2I (63SM) ,30-11-1972,Nov,1972,StatusRetired,5000,Success,1970
3185,RVSN USSR,Kazakhstan,KAZ,Voskhod ,25-11-1972,Nov,1972,StatusRetired,5000,Success,1970
3186,RVSN USSR,Kazakhstan,KAZ,N1-L3 ,23-11-1972,Nov,1972,StatusRetired,5000,Failure,1970
3187,ASI,Kenya,KEN,Scout D1 ,15-11-1972,Nov,1972,StatusRetired,62,Success,1970
3188,RVSN USSR,Russia,RUS,Cosmos-3M (11K65M) ,03-11-1972,Nov,1972,StatusRetired,5000,Success,1970
3189,RVSN USSR,Russia,RUS,Cosmos-3M (11K65M) ,01-11-1972,Nov,1972,StatusRetired,5000,Success,1970
3190,RVSN USSR,Russia,RUS,Voskhod ,31-10-1972,Oct,1972,StatusRetired,5000,Success,1970
3191,RVSN USSR,Russia,RUS,Vostok-2M ,26-10-1972,Oct,1972,StatusRetired,5000,Success,1970
3192,RVSN USSR,Russia,RUS,Cosmos-2I (63SM) ,25-10-1972,Oct,1972,StatusRetired,5000,Success,1970
3193,RVSN USSR,Russia,RUS,Voskhod ,18-10-1972,Oct,1972,StatusRetired,5000,Success,1970
3194,RVSN USSR,Russia,RUS,Cosmos-3M (11K65M) ,17-10-1972,Oct,1972,StatusRetired,5000,Failure,1970
3195,RVSN USSR,Russia,RUS,Molniya-M /Block L ,14-10-1972,Oct,1972,StatusRetired,5000,Success,1970
3196,RVSN USSR,Russia,RUS,Cosmos-2I (63SM) ,11-10-1972,Oct,1972,StatusRetired,5000,Success,1970
3197,Martin Marietta,USA,USA,Titan IIID ,10-10-1972,Oct,1972,StatusRetired,35,Success,1970
3198,RVSN USSR,Russia,RUS,Cosmos-2I (63SM) ,05-10-1972,Oct,1972,StatusRetired,5000,Success,1970
3199,RVSN USSR,Russia,RUS,Voskhod ,04-10-1972,Oct,1972,StatusRetired,5000,Success,1970
3200,General Dynamics,USA,USA,Atlas-E/F Burner ,02-10-1972,Oct,1972,StatusRetired,62,Success,1970
3201,RVSN USSR,Russia,RUS,Molniya-M /Block L ,30-09-1972,Sep,1972,StatusRetired,5000,Success,1970
3202,RVSN USSR,Russia,RUS,Cosmos-3M (11K65M) ,29-09-1972,Sep,1972,StatusRetired,5000,Success,1970
3203,RVSN USSR,Russia,RUS,Molniya-M /Block 2BL ,19-09-1972,Sep,1972,StatusRetired,5000,Success,1970
3204,RVSN USSR,Kazakhstan,KAZ,Voskhod ,16-09-1972,Sep,1972,StatusRetired,5000,Success,1970
3205,RVSN USSR,Russia,RUS,Voskhod ,15-09-1972,Sep,1972,StatusRetired,5000,Success,1970
3206,RVSN USSR,Russia,RUS,Voskhod ,02-09-1972,Sep,1972,StatusRetired,5000,Failure,1970
3207,US Air Force,USA,USA,Titan III(24)B ,01-09-1972,Sep,1972,StatusRetired,59,Success,1970
3208,RVSN USSR,Kazakhstan,KAZ,Voskhod ,30-08-1972,Aug,1972,StatusRetired,5000,Success,1970
3209,RVSN USSR,Russia,RUS,Cosmos-2I (63SM) ,30-08-1972,Aug,1972,StatusRetired,5000,Success,1970
3210,RVSN USSR,Kazakhstan,KAZ,Tsyklon-2 ,21-08-1972,Aug,1972,StatusRetired,5000,Success,1970
3211,General Dynamics,USA,USA,Atlas-SLV3C Centaur-D ,21-08-1972,Aug,1972,StatusRetired,62,Success,1970
3212,ISAS,Japan,JPN,Mu-IV S ,19-08-1972,Aug,1972,StatusRetired,62,Success,1970
3213,RVSN USSR,Russia,RUS,Voskhod ,18-08-1972,Aug,1972,StatusRetired,5000,Success,1970
3214,RVSN USSR,Russia,RUS,Cosmos-3M (11K65M) ,16-08-1972,Aug,1972,StatusRetired,5000,Success,1970
3215,CASC,China,CHN,Feng Bao 1 ,10-08-1972,Aug,1972,StatusRetired,30.8,Success,1970
3216,RVSN USSR,Kazakhstan,KAZ,Voskhod ,02-08-1972,Aug,1972,StatusRetired,5000,Success,1970
3217,RVSN USSR,Kazakhstan,KAZ,Proton K/Block D ,29-07-1972,Jul,1972,StatusRetired,5000,Failure,1970
3218,RVSN USSR,Russia,RUS,Cosmos-3M (11K65M) ,20-07-1972,Jul,1972,StatusRetired,5000,Success,1970
3219,RVSN USSR,Russia,RUS,Voskhod ,19-07-1972,Jul,1972,StatusRetired,5000,Success,1970
3220,RVSN USSR,Russia,RUS,Soyuz M ,13-07-1972,Jul,1972,StatusRetired,5000,Partial Failure,1970
3221,RVSN USSR,Russia,RUS,Cosmos-2I (63SM) ,12-07-1972,Jul,1972,StatusRetired,5000,Success,1970
3222,RVSN USSR,Russia,RUS,Cosmos-3M (11K65M) ,10-07-1972,Jul,1972,StatusRetired,5000,Success,1970
3223,Martin Marietta,USA,USA,Titan IIID ,07-07-1972,Jul,1972,StatusRetired,35,Success,1970
3224,RVSN USSR,Kazakhstan,KAZ,Voskhod ,06-07-1972,Jul,1972,StatusRetired,5000,Success,1970
3225,RVSN USSR,Russia,RUS,Cosmos-2I (63SM) ,05-07-1972,Jul,1972,StatusRetired,5000,Success,1970
3226,RVSN USSR,Kazakhstan,KAZ,Soyuz ,02-07-1972,Jul,1972,StatusRetired,5000,Success,1970
3227,RVSN USSR,Russia,RUS,Vostok-2M ,30-06-1972,Jun,1972,StatusRetired,5000,Success,1970
3228,RVSN USSR,Russia,RUS,Cosmos-2I (63SM) ,30-06-1972,Jun,1972,StatusRetired,5000,Success,1970
3229,RVSN USSR,Kazakhstan,KAZ,Molniya-M /Block SO-L ,29-06-1972,Jun,1972,StatusRetired,5000,Success,1970
3230,RVSN USSR,Russia,RUS,Voskhod ,23-06-1972,Jun,1972,StatusRetired,5000,Success,1970
3231,RVSN USSR,Russia,RUS,Cosmos-3M (11K65M) ,23-06-1972,Jun,1972,StatusRetired,5000,Success,1970
3232,RVSN USSR,Kazakhstan,KAZ,Voskhod ,21-06-1972,Jun,1972,StatusRetired,5000,Success,1970
3233,General Dynamics,USA,USA,Atlas-SLV3C Centaur-D ,13-06-1972,Jun,1972,StatusRetired,62,Success,1970
3234,RVSN USSR,Kazakhstan,KAZ,Voskhod ,09-06-1972,Jun,1972,StatusRetired,5000,Success,1970
3235,RVSN USSR,Kazakhstan,KAZ,Voskhod ,25-05-1972,May,1972,StatusRetired,5000,Success,1970
3236,US Air Force,USA,USA,Titan III(24)B ,20-05-1972,May,1972,StatusRetired,59,Failure,1970
3237,RVSN USSR,Russia,RUS,Molniya-M /Block L ,19-05-1972,May,1972,StatusRetired,5000,Success,1970
3238,RVSN USSR,Russia,RUS,Voskhod ,17-05-1972,May,1972,StatusRetired,5000,Success,1970
3239,RVSN USSR,Russia,RUS,Cosmos-3M (11K65M) ,06-05-1972,May,1972,StatusRetired,5000,Success,1970
3240,RVSN USSR,Russia,RUS,Voskhod ,05-05-1972,May,1972,StatusRetired,5000,Success,1970
3241,RVSN USSR,Russia,RUS,Cosmos-2I (63SM) ,25-04-1972,Apr,1972,StatusRetired,5000,Failure,1970
3242,RVSN USSR,Russia,RUS,Cosmos-2I (63SM) ,21-04-1972,Apr,1972,StatusRetired,5000,Success,1970
3243,NASA,USA,USA,Saturn V ,16-04-1972,Apr,1972,StatusRetired,1160,Success,1970
3244,RVSN USSR,Russia,RUS,Voskhod ,14-04-1972,Apr,1972,StatusRetired,5000,Success,1970
3245,RVSN USSR,Kazakhstan,KAZ,Molniya-M /Block SO-L ,12-04-1972,Apr,1972,StatusRetired,5000,Success,1970
3246,RVSN USSR,Russia,RUS,Cosmos-2I (63SM) ,11-04-1972,Apr,1972,StatusRetired,5000,Success,1970
3247,RVSN USSR,Kazakhstan,KAZ,Voskhod ,07-04-1972,Apr,1972,StatusRetired,5000,Success,1970
3248,RVSN USSR,Russia,RUS,Voskhod ,06-04-1972,Apr,1972,StatusRetired,5000,Success,1970
3249,RVSN USSR,Russia,RUS,Molniya-M /Block L ,04-04-1972,Apr,1972,StatusRetired,5000,Success,1970
3250,RVSN USSR,Russia,RUS,Voskhod ,03-04-1972,Apr,1972,StatusRetired,5000,Success,1970
3251,RVSN USSR,Kazakhstan,KAZ,Molniya-M /Block NVL ,31-03-1972,Mar,1972,StatusRetired,5000,Partial Failure,1970
3252,RVSN USSR,Russia,RUS,Vostok-2M ,30-03-1972,Mar,1972,StatusRetired,5000,Success,1970
3253,RVSN USSR,Kazakhstan,KAZ,Molniya-M /Block NVL ,27-03-1972,Mar,1972,StatusRetired,5000,Success,1970
3254,RVSN USSR,Russia,RUS,Cosmos-2I (63SM) ,25-03-1972,Mar,1972,StatusRetired,5000,Success,1970
3255,RVSN USSR,Russia,RUS,Cosmos-3M (11K65M) ,25-03-1972,Mar,1972,StatusRetired,5000,Success,1970
3256,RVSN USSR,Russia,RUS,Cosmos-3M (11K65M) ,22-03-1972,Mar,1972,StatusRetired,5000,Success,1970
3257,US Air Force,USA,USA,Titan III(24)B ,17-03-1972,Mar,1972,StatusRetired,59,Success,1970
3258,RVSN USSR,Russia,RUS,Voskhod ,15-03-1972,Mar,1972,StatusRetired,5000,Success,1970
3259,RVSN USSR,Russia,RUS,Voskhod ,04-03-1972,Mar,1972,StatusRetired,5000,Success,1970
3260,General Dynamics,USA,USA,Atlas-SLV3C Centaur-D ,03-03-1972,Mar,1972,StatusRetired,62,Success,1970
3261,RVSN USSR,Russia,RUS,Vostok-2M ,01-03-1972,Mar,1972,StatusRetired,5000,Success,1970
3262,Martin Marietta,USA,USA,Titan III(23)C ,01-03-1972,Mar,1972,StatusRetired,35,Success,1970
3263,RVSN USSR,Russia,RUS,Cosmos-3M (11K65M) ,25-02-1972,Feb,1972,StatusRetired,5000,Success,1970
3264,Martin Marietta,USA,USA,Titan-III(33)B Agena-D ,16-02-1972,Feb,1972,StatusRetired,35,Failure,1970
3265,RVSN USSR,Kazakhstan,KAZ,Voskhod ,16-02-1972,Feb,1972,StatusRetired,5000,Success,1970
3266,RVSN USSR,Kazakhstan,KAZ,Proton K/Block D ,14-02-1972,Feb,1972,StatusRetired,5000,Success,1970
3267,RVSN USSR,Russia,RUS,Cosmos-3MRB (65MRB) ,08-02-1972,Feb,1972,StatusRetired,5000,Success,1970
3268,RVSN USSR,Kazakhstan,KAZ,Voskhod ,03-02-1972,Feb,1972,StatusRetired,5000,Success,1970
3269,RVSN USSR,Russia,RUS,Cosmos-2I (63SM) ,25-01-1972,Jan,1972,StatusRetired,5000,Success,1970
3270,General Dynamics,USA,USA,Atlas-SLV3C Centaur-D ,23-01-1972,Jan,1972,StatusRetired,62,Success,1970
3271,Martin Marietta,USA,USA,Titan IIID ,20-01-1972,Jan,1972,StatusRetired,35,Success,1970
3272,RVSN USSR,Kazakhstan,KAZ,Voskhod ,12-01-1972,Jan,1972,StatusRetired,5000,Success,1970
3273,RVSN USSR,Russia,RUS,Vostok-2M ,29-12-1971,Dec,1971,StatusRetired,5000,Success,1970
3274,RVSN USSR,Russia,RUS,Cosmos-3M (11K65M) ,27-12-1971,Dec,1971,StatusRetired,5000,Success,1970
3275,RVSN USSR,Russia,RUS,Soyuz M ,27-12-1971,Dec,1971,StatusRetired,5000,Partial Failure,1970
3276,RVSN USSR,Kazakhstan,KAZ,Tsyklon-2 ,25-12-1971,Dec,1971,StatusRetired,5000,Success,1970
3277,General Dynamics,USA,USA,Atlas-SLV3C Centaur-D ,20-12-1971,Dec,1971,StatusRetired,62,Success,1970
3278,RVSN USSR,Russia,RUS,Molniya-M /Block L ,19-12-1971,Dec,1971,StatusRetired,5000,Success,1970
3279,RVSN USSR,Russia,RUS,Cosmos-3M (11K65M) ,17-12-1971,Dec,1971,StatusRetired,5000,Success,1970
3280,RVSN USSR,Russia,RUS,Cosmos-2I (63SM) ,17-12-1971,Dec,1971,StatusRetired,5000,Success,1970
3281,RVSN USSR,Kazakhstan,KAZ,Voskhod ,16-12-1971,Dec,1971,StatusRetired,5000,Success,1970
3282,RVSN USSR,Russia,RUS,Cosmos-3M (11K65M) ,15-12-1971,Dec,1971,StatusRetired,5000,Success,1970
3283,RVSN USSR,Russia,RUS,Voskhod ,10-12-1971,Dec,1971,StatusRetired,5000,Success,1970
3284,RVSN USSR,Kazakhstan,KAZ,Voskhod ,06-12-1971,Dec,1971,StatusRetired,5000,Success,1970
3285,CNES,France,FRA,Diamant B ,05-12-1971,Dec,1971,StatusRetired,62,Failure,1970
3286,General Dynamics,USA,USA,Atlas-SLV3A Agena-D ,04-12-1971,Dec,1971,StatusRetired,62,Failure,1970
3287,RVSN USSR,Kazakhstan,KAZ,Tsyklon-2 ,03-12-1971,Dec,1971,StatusRetired,5000,Success,1970
3288,RVSN USSR,Russia,RUS,Voskhod ,03-12-1971,Dec,1971,StatusRetired,5000,Failure,1970
3289,RVSN USSR,Russia,RUS,Cosmos-3M (11K65M) ,02-12-1971,Dec,1971,StatusRetired,5000,Success,1970
3290,RVSN USSR,Russia,RUS,Cosmos-2I (63SM) ,02-12-1971,Dec,1971,StatusRetired,5000,Success,1970
3291,RVSN USSR,Russia,RUS,Cosmos-3M (11K65M) ,30-11-1971,Nov,1971,StatusRetired,5000,Success,1970
3292,RVSN USSR,Russia,RUS,Cosmos-3M (11K65M) ,29-11-1971,Nov,1971,StatusRetired,5000,Success,1970
3293,RVSN USSR,Russia,RUS,Cosmos-2I (63SM) ,29-11-1971,Nov,1971,StatusRetired,5000,Success,1970
3294,RVSN USSR,Russia,RUS,Molniya-M /Block L ,24-11-1971,Nov,1971,StatusRetired,5000,Success,1970
3295,RVSN USSR,Russia,RUS,Cosmos-3M (11K65M) ,20-11-1971,Nov,1971,StatusRetired,5000,Success,1970
3296,RVSN USSR,Russia,RUS,Voskhod ,19-11-1971,Nov,1971,StatusRetired,5000,Partial Failure,1970
3297,RVSN USSR,Russia,RUS,Cosmos-2I (63SM) ,17-11-1971,Nov,1971,StatusRetired,5000,Success,1970
3298,ASI,Kenya,KEN,Scout B ,15-11-1971,Nov,1971,StatusRetired,62,Success,1970
3299,CECLES,France,FRA,Europa 2 ,04-11-1971,Nov,1971,StatusRetired,62,Failure,1970
3300,Martin Marietta,USA,USA,Titan III(23)C ,03-11-1971,Nov,1971,StatusRetired,35,Success,1970
3301,RVSN USSR,Russia,RUS,Voskhod ,02-11-1971,Nov,1971,StatusRetired,5000,Success,1970
3302,RAE,Australia,AUS,Black Arrow ,28-10-1971,Oct,1971,StatusRetired,62,Success,1970
3303,US Air Force,USA,USA,Titan III(24)B ,23-10-1971,Oct,1971,StatusRetired,59,Success,1970
3304,RVSN USSR,Russia,RUS,Cosmos-2I (63SM) ,19-10-1971,Oct,1971,StatusRetired,5000,Success,1970
3305,RVSN USSR,Kazakhstan,KAZ,Voskhod ,14-10-1971,Oct,1971,StatusRetired,5000,Success,1970
3306,RVSN USSR,Russia,RUS,Cosmos-3M (11K65M) ,13-10-1971,Oct,1971,StatusRetired,5000,Success,1970
3307,RVSN USSR,Russia,RUS,Voskhod ,07-10-1971,Oct,1971,StatusRetired,5000,Success,1970
3308,RVSN USSR,Russia,RUS,Voskhod ,29-09-1971,Sep,1971,StatusRetired,5000,Success,1970
3309,RVSN USSR,Kazakhstan,KAZ,Proton K/Block D ,28-09-1971,Sep,1971,StatusRetired,5000,Success,1970
3310,RVSN USSR,Kazakhstan,KAZ,Voskhod ,28-09-1971,Sep,1971,StatusRetired,5000,Success,1970
3311,ISAS,Japan,JPN,Mu-IV S ,28-09-1971,Sep,1971,StatusRetired,62,Success,1970
3312,RVSN USSR,Russia,RUS,Cosmos-2I (63SM) ,24-09-1971,Sep,1971,StatusRetired,5000,Success,1970
3313,RVSN USSR,Russia,RUS,Voskhod ,21-09-1971,Sep,1971,StatusRetired,5000,Success,1970
3314,RVSN USSR,Russia,RUS,Voskhod ,14-09-1971,Sep,1971,StatusRetired,5000,Success,1970
3315,RVSN USSR,Russia,RUS,Cosmos-3M (11K65M) ,10-09-1971,Sep,1971,StatusRetired,5000,Success,1970
3316,RVSN USSR,Russia,RUS,Cosmos-3M (11K65M) ,07-09-1971,Sep,1971,StatusRetired,5000,Success,1970
3317,RVSN USSR,Kazakhstan,KAZ,Proton K/Block D ,02-09-1971,Sep,1971,StatusRetired,5000,Success,1970
3318,RVSN USSR,Russia,RUS,Cosmos-2I (63SM) ,27-08-1971,Aug,1971,StatusRetired,5000,Success,1970
3319,RVSN USSR,Kazakhstan,KAZ,Voskhod ,19-08-1971,Aug,1971,StatusRetired,5000,Failure,1970
3320,US Air Force,USA,USA,Titan III(24)B ,12-08-1971,Aug,1971,StatusRetired,59,Success,1970
3321,RVSN USSR,Kazakhstan,KAZ,Tsyklon ,08-08-1971,Aug,1971,StatusRetired,5000,Success,1970
3322,General Dynamics,USA,USA,Atlas-E/F OV1 ,07-08-1971,Aug,1971,StatusRetired,62,Success,1970
3323,RVSN USSR,Kazakhstan,KAZ,Voskhod ,05-08-1971,Aug,1971,StatusRetired,5000,Success,1970
3324,RVSN USSR,Russia,RUS,Cosmos-2I (63SM) ,03-08-1971,Aug,1971,StatusRetired,5000,Failure,1970
3325,RVSN USSR,Kazakhstan,KAZ,Voskhod ,30-07-1971,Jul,1971,StatusRetired,5000,Success,1970
3326,RVSN USSR,Russia,RUS,Voskhod ,28-07-1971,Jul,1971,StatusRetired,5000,Success,1970
3327,RVSN USSR,Russia,RUS,Molniya-M /Block L ,28-07-1971,Jul,1971,StatusRetired,5000,Success,1970
3328,NASA,USA,USA,Saturn V ,26-07-1971,Jul,1971,StatusRetired,1160,Success,1970
3329,RVSN USSR,Russia,RUS,Voskhod ,23-07-1971,Jul,1971,StatusRetired,5000,Success,1970
3330,RVSN USSR,Russia,RUS,Cosmos-3M (11K65M) ,22-07-1971,Jul,1971,StatusRetired,5000,Failure,1970
3331,RVSN USSR,Kazakhstan,KAZ,Voskhod ,20-07-1971,Jul,1971,StatusRetired,5000,Success,1970
3332,RVSN USSR,Russia,RUS,Vostok-2M ,16-07-1971,Jul,1971,StatusRetired,5000,Success,1970
3333,RVSN USSR,Kazakhstan,KAZ,N1-L3 ,26-06-1971,Jun,1971,StatusRetired,5000,Failure,1970
3334,RVSN USSR,Russia,RUS,Voskhod ,25-06-1971,Jun,1971,StatusRetired,5000,Failure,1970
3335,RVSN USSR,Kazakhstan,KAZ,Voskhod ,24-06-1971,Jun,1971,StatusRetired,5000,Success,1970
3336,Martin Marietta,USA,USA,Titan IIID ,15-06-1971,Jun,1971,StatusRetired,35,Success,1970
3337,RVSN USSR,Kazakhstan,KAZ,Soyuz L ,12-06-1971,Jun,1971,StatusRetired,5000,Success,1970
3338,RVSN USSR,Russia,RUS,Voskhod ,11-06-1971,Jun,1971,StatusRetired,5000,Success,1970
3339,RVSN USSR,Kazakhstan,KAZ,Soyuz ,06-06-1971,Jun,1971,StatusRetired,5000,Success,1970
3340,RVSN USSR,Russia,RUS,Cosmos-3M (11K65M) ,04-06-1971,Jun,1971,StatusRetired,5000,Success,1970
3341,General Dynamics,USA,USA,Atlas-SLV3C Centaur-D ,30-05-1971,May,1971,StatusRetired,62,Success,1970
3342,RVSN USSR,Russia,RUS,Cosmos-3M (11K65M) ,29-05-1971,May,1971,StatusRetired,5000,Success,1970
3343,RVSN USSR,Kazakhstan,KAZ,Proton K/Block D ,28-05-1971,May,1971,StatusRetired,5000,Success,1970
3344,RVSN USSR,Russia,RUS,Voskhod ,28-05-1971,May,1971,StatusRetired,5000,Success,1970
3345,RVSN USSR,Russia,RUS,Cosmos-2I (63SM) ,27-05-1971,May,1971,StatusRetired,5000,Success,1970
3346,RVSN USSR,Russia,RUS,Cosmos-3M (11K65M) ,22-05-1971,May,1971,StatusRetired,5000,Success,1970
3347,RVSN USSR,Kazakhstan,KAZ,Proton K/Block D ,19-05-1971,May,1971,StatusRetired,5000,Success,1970
3348,RVSN USSR,Russia,RUS,Cosmos-2I (63SM) ,19-05-1971,May,1971,StatusRetired,5000,Success,1970
3349,RVSN USSR,Kazakhstan,KAZ,Voskhod ,18-05-1971,May,1971,StatusRetired,5000,Success,1970
3350,RVSN USSR,Kazakhstan,KAZ,Proton K/Block D ,10-05-1971,May,1971,StatusRetired,5000,Success,1970
3351,General Dynamics,USA,USA,Atlas-SLV3C Centaur-D ,09-05-1971,May,1971,StatusRetired,62,Failure,1970
3352,RVSN USSR,Russia,RUS,Cosmos-3M (11K65M) ,07-05-1971,May,1971,StatusRetired,5000,Success,1970
3353,RVSN USSR,Kazakhstan,KAZ,Voskhod ,06-05-1971,May,1971,StatusRetired,5000,Success,1970
3354,Martin Marietta,USA,USA,Titan III(23)C ,05-05-1971,May,1971,StatusRetired,35,Success,1970
3355,RVSN USSR,Russia,RUS,Cosmos-3M (11K65M) ,28-04-1971,Apr,1971,StatusRetired,5000,Success,1970
3356,RVSN USSR,Russia,RUS,Cosmos-2I (63SM) ,24-04-1971,Apr,1971,StatusRetired,5000,Success,1970
3357,ASI,Kenya,KEN,Scout B ,24-04-1971,Apr,1971,StatusRetired,62,Success,1970
3358,RVSN USSR,Kazakhstan,KAZ,Soyuz ,22-04-1971,Apr,1971,StatusRetired,5000,Success,1970
3359,US Air Force,USA,USA,Titan III(23)B ,22-04-1971,Apr,1971,StatusRetired,59,Success,1970
3360,RVSN USSR,Russia,RUS,Cosmos-3MRB (65MRB) ,22-04-1971,Apr,1971,StatusRetired,5000,Success,1970
3361,RVSN USSR,Kazakhstan,KAZ,Proton K ,19-04-1971,Apr,1971,StatusRetired,5000,Success,1970
3362,RVSN USSR,Russia,RUS,Vostok-2M ,17-04-1971,Apr,1971,StatusRetired,5000,Success,1970
3363,CNES,France,FRA,Diamant B ,15-04-1971,Apr,1971,StatusRetired,62,Success,1970
3364,RVSN USSR,Russia,RUS,Voskhod ,14-04-1971,Apr,1971,StatusRetired,5000,Success,1970
3365,RVSN USSR,Russia,RUS,Vostok-2M ,07-04-1971,Apr,1971,StatusRetired,5000,Success,1970
3366,RVSN USSR,Russia,RUS,Voskhod ,02-04-1971,Apr,1971,StatusRetired,5000,Success,1970
3367,RVSN USSR,Kazakhstan,KAZ,Tsyklon-2 ,01-04-1971,Apr,1971,StatusRetired,5000,Success,1970
3368,RVSN USSR,Russia,RUS,Voskhod ,27-03-1971,Mar,1971,StatusRetired,5000,Success,1970
3369,RVSN USSR,Russia,RUS,Cosmos-3M (11K65M) ,23-03-1971,Mar,1971,StatusRetired,5000,Success,1970
3370,Martin Marietta,USA,USA,Titan-III(33)B Agena-D ,21-03-1971,Mar,1971,StatusRetired,35,Success,1970
3371,RVSN USSR,Russia,RUS,Cosmos-3M (11K65M) ,18-03-1971,Mar,1971,StatusRetired,5000,Success,1970
3372,RVSN USSR,Russia,RUS,Cosmos-2I (63SM) ,05-03-1971,Mar,1971,StatusRetired,5000,Failure,1970
3373,RVSN USSR,Russia,RUS,Voskhod ,05-03-1971,Mar,1971,StatusRetired,5000,Failure,1970
3374,RVSN USSR,Kazakhstan,KAZ,Tsyklon-2 ,04-03-1971,Mar,1971,StatusRetired,5000,Success,1970
3375,CASC,China,CHN,Long March 1 ,03-03-1971,Mar,1971,StatusRetired,30.8,Success,1970
3376,RVSN USSR,Kazakhstan,KAZ,Voskhod ,03-03-1971,Mar,1971,StatusRetired,5000,Success,1970
3377,RVSN USSR,Kazakhstan,KAZ,Soyuz L ,26-02-1971,Feb,1971,StatusRetired,5000,Success,1970
3378,RVSN USSR,Kazakhstan,KAZ,Tsyklon-2 ,25-02-1971,Feb,1971,StatusRetired,5000,Success,1970
3379,ISAS,Japan,JPN,Mu-III C ,21-02-1971,Feb,1971,StatusRetired,62,Success,1970
3380,RVSN USSR,Russia,RUS,Voskhod ,18-02-1971,Feb,1971,StatusRetired,5000,Success,1970
3381,RVSN USSR,Russia,RUS,Cosmos-3M (11K65M) ,17-02-1971,Feb,1971,StatusRetired,5000,Success,1970
3382,ISAS,Japan,JPN,Mu-IV S ,16-02-1971,Feb,1971,StatusRetired,62,Success,1970
3383,RVSN USSR,Russia,RUS,Cosmos-3M (11K65M) ,09-02-1971,Feb,1971,StatusRetired,5000,Success,1970
3384,NASA,USA,USA,Saturn V ,31-01-1971,Jan,1971,StatusRetired,1160,Success,1970
3385,RVSN USSR,Russia,RUS,Cosmos-2I (63SM) ,26-01-1971,Jan,1971,StatusRetired,5000,Success,1970
3386,General Dynamics,USA,USA,Atlas-SLV3C Centaur-D ,26-01-1971,Jan,1971,StatusRetired,62,Success,1970
3387,US Air Force,USA,USA,Titan III(23)B ,21-01-1971,Jan,1971,StatusRetired,59,Success,1970
3388,RVSN USSR,Kazakhstan,KAZ,Voskhod ,21-01-1971,Jan,1971,StatusRetired,5000,Success,1970
3389,RVSN USSR,Russia,RUS,Vostok-2M ,20-01-1971,Jan,1971,StatusRetired,5000,Success,1970
3390,RVSN USSR,Russia,RUS,Cosmos-2I (63SM) ,14-01-1971,Jan,1971,StatusRetired,5000,Success,1970
3391,RVSN USSR,Kazakhstan,KAZ,Voskhod ,12-01-1971,Jan,1971,StatusRetired,5000,Success,1970
3392,RVSN USSR,Kazakhstan,KAZ,Molniya-M /Block L ,25-12-1970,Dec,1970,StatusRetired,5000,Success,1970
3393,RVSN USSR,Russia,RUS,Cosmos-3M (11K65M) ,22-12-1970,Dec,1970,StatusRetired,5000,Failure,1970
3394,RVSN USSR,Russia,RUS,Vostok-2M ,18-12-1970,Dec,1970,StatusRetired,5000,Success,1970
3395,RVSN USSR,Russia,RUS,Cosmos-2I (63SM) ,18-12-1970,Dec,1970,StatusRetired,5000,Success,1970
3396,RVSN USSR,Russia,RUS,Cosmos-3M (11K65M) ,16-12-1970,Dec,1970,StatusRetired,5000,Success,1970
3397,RVSN USSR,Kazakhstan,KAZ,Voskhod ,15-12-1970,Dec,1970,StatusRetired,5000,Success,1970
3398,RVSN USSR,Russia,RUS,Cosmos-3M (11K65M) ,12-12-1970,Dec,1970,StatusRetired,5000,Success,1970
3399,CNES,France,FRA,Diamant B ,12-12-1970,Dec,1970,StatusRetired,62,Success,1970
3400,ASI,Kenya,KEN,Scout B ,12-12-1970,Dec,1970,StatusRetired,62,Success,1970
3401,RVSN USSR,Russia,RUS,Voskhod ,10-12-1970,Dec,1970,StatusRetired,5000,Success,1970
3402,RVSN USSR,Russia,RUS,Voskhod ,03-12-1970,Dec,1970,StatusRetired,5000,Success,1970
3403,RVSN USSR,Kazakhstan,KAZ,Proton K/Block D ,02-12-1970,Dec,1970,StatusRetired,5000,Success,1970
3404,RVSN USSR,Russia,RUS,Cosmos-3M (11K65M) ,02-12-1970,Dec,1970,StatusRetired,5000,Success,1970
3405,General Dynamics,USA,USA,Atlas-SLV3C Centaur-D ,30-11-1970,Nov,1970,StatusRetired,62,Failure,1970
3406,RVSN USSR,Russia,RUS,Molniya-M /Block L ,27-11-1970,Nov,1970,StatusRetired,5000,Success,1970
3407,RVSN USSR,Russia,RUS,Cosmos-2I (63SM) ,24-11-1970,Nov,1970,StatusRetired,5000,Success,1970
3408,RVSN USSR,Kazakhstan,KAZ,Soyuz L ,24-11-1970,Nov,1970,StatusRetired,5000,Success,1970
3409,RVSN USSR,Russia,RUS,Cosmos-3M (11K65M) ,17-11-1970,Nov,1970,StatusRetired,5000,Success,1970
3410,RVSN USSR,Kazakhstan,KAZ,Voskhod ,11-11-1970,Nov,1970,StatusRetired,5000,Success,1970
3411,RVSN USSR,Kazakhstan,KAZ,Proton K/Block D ,10-11-1970,Nov,1970,StatusRetired,5000,Success,1970
3412,Martin Marietta,USA,USA,Titan III(23)C ,06-11-1970,Nov,1970,StatusRetired,35,Partial Failure,1970
3413,RAE,Australia,AUS,Black Arrow ,02-11-1970,Nov,1970,StatusRetired,62,Failure,1970
3414,RVSN USSR,Russia,RUS,Voskhod ,30-10-1970,Oct,1970,StatusRetired,5000,Success,1970
3415,RVSN USSR,Kazakhstan,KAZ,Tsyklon-2 ,30-10-1970,Oct,1970,StatusRetired,5000,Success,1970
3416,US Air Force,USA,USA,Titan III(23)B ,23-10-1970,Oct,1970,StatusRetired,59,Success,1970
3417,RVSN USSR,Kazakhstan,KAZ,Tsyklon-2 ,23-10-1970,Oct,1970,StatusRetired,5000,Success,1970
3418,RVSN USSR,Kazakhstan,KAZ,Proton K/Block D ,20-10-1970,Oct,1970,StatusRetired,5000,Success,1970
3419,RVSN USSR,Kazakhstan,KAZ,Tsyklon-2 ,20-10-1970,Oct,1970,StatusRetired,5000,Success,1970
3420,RVSN USSR,Russia,RUS,Cosmos-3M (11K65M) ,16-10-1970,Oct,1970,StatusRetired,5000,Success,1970
3421,RVSN USSR,Russia,RUS,Vostok-2M ,15-10-1970,Oct,1970,StatusRetired,5000,Success,1970
3422,RVSN USSR,Russia,RUS,Cosmos-2I (63SM) ,14-10-1970,Oct,1970,StatusRetired,5000,Success,1970
3423,RVSN USSR,Russia,RUS,Cosmos-3M (11K65M) ,12-10-1970,Oct,1970,StatusRetired,5000,Success,1970
3424,RVSN USSR,Kazakhstan,KAZ,Voskhod ,09-10-1970,Oct,1970,StatusRetired,5000,Success,1970
3425,RVSN USSR,Russia,RUS,Cosmos-2I (63SM) ,08-10-1970,Oct,1970,StatusRetired,5000,Success,1970
3426,RVSN USSR,Kazakhstan,KAZ,Voskhod ,08-10-1970,Oct,1970,StatusRetired,5000,Success,1970
3427,RVSN USSR,Kazakhstan,KAZ,Tsyklon-2 ,03-10-1970,Oct,1970,StatusRetired,5000,Success,1970
3428,RVSN USSR,Kazakhstan,KAZ,Voskhod ,01-10-1970,Oct,1970,StatusRetired,5000,Success,1970
3429,RVSN USSR,Russia,RUS,Molniya-M /Block L ,29-09-1970,Sep,1970,StatusRetired,5000,Success,1970
3430,RVSN USSR,Kazakhstan,KAZ,Tsyklon ,25-09-1970,Sep,1970,StatusRetired,5000,Success,1970
3431,RVSN USSR,Russia,RUS,Voskhod ,22-09-1970,Sep,1970,StatusRetired,5000,Success,1970
3432,ISAS,Japan,JPN,Mu-IV S ,22-09-1970,Sep,1970,StatusRetired,62,Failure,1970
3433,RVSN USSR,Kazakhstan,KAZ,Voskhod ,17-09-1970,Sep,1970,StatusRetired,5000,Success,1970
3434,RVSN USSR,Russia,RUS,Cosmos-2I (63SM) ,16-09-1970,Sep,1970,StatusRetired,5000,Success,1970
3435,RVSN USSR,Kazakhstan,KAZ,Proton K/Block D ,12-09-1970,Sep,1970,StatusRetired,5000,Success,1970
3436,RVSN USSR,Russia,RUS,Voskhod ,08-09-1970,Sep,1970,StatusRetired,5000,Success,1970
3437,General Dynamics,USA,USA,Atlas-SLV3A Agena-D ,01-09-1970,Sep,1970,StatusRetired,62,Success,1970
3438,RVSN USSR,Kazakhstan,KAZ,Voskhod ,29-08-1970,Aug,1970,StatusRetired,5000,Success,1970
3439,RVSN USSR,Kazakhstan,KAZ,Molniya-M /Block NVL ,22-08-1970,Aug,1970,StatusRetired,5000,Partial Failure,1970
3440,RVSN USSR,Russia,RUS,Cosmos-3M (11K65M) ,20-08-1970,Aug,1970,StatusRetired,5000,Partial Failure,1970
3441,RVSN USSR,Russia,RUS,Cosmos-2I (63SM) ,19-08-1970,Aug,1970,StatusRetired,5000,Success,1970
3442,US Air Force,USA,USA,Titan III(23)B ,18-08-1970,Aug,1970,StatusRetired,59,Success,1970
3443,RVSN USSR,Kazakhstan,KAZ,Molniya-M /Block NVL ,17-08-1970,Aug,1970,StatusRetired,5000,Success,1970
3444,RVSN USSR,Russia,RUS,Cosmos-2I (63SM) ,10-08-1970,Aug,1970,StatusRetired,5000,Success,1970
3445,RVSN USSR,Russia,RUS,Voskhod ,07-08-1970,Aug,1970,StatusRetired,5000,Success,1970
3446,RVSN USSR,Russia,RUS,Cosmos-2I (63SM) ,07-08-1970,Aug,1970,StatusRetired,5000,Success,1970
3447,RVSN USSR,Russia,RUS,Cosmos-3MRB (65MRB) ,31-07-1970,Jul,1970,StatusRetired,5000,Success,1970
3448,RVSN USSR,Kazakhstan,KAZ,Tsyklon ,28-07-1970,Jul,1970,StatusRetired,5000,Success,1970
3449,RVSN USSR,Russia,RUS,Voskhod ,21-07-1970,Jul,1970,StatusRetired,5000,Failure,1970
3450,RVSN USSR,Russia,RUS,Voskhod ,09-07-1970,Jul,1970,StatusRetired,5000,Success,1970
3451,RVSN USSR,Kazakhstan,KAZ,Voskhod ,07-07-1970,Jul,1970,StatusRetired,5000,Success,1970
3452,RVSN USSR,Russia,RUS,Cosmos-3M (11K65M) ,27-06-1970,Jun,1970,StatusRetired,5000,Failure,1970
3453,RVSN USSR,Russia,RUS,Cosmos-2I (63SM) ,27-06-1970,Jun,1970,StatusRetired,5000,Success,1970
3454,RVSN USSR,Kazakhstan,KAZ,Voskhod ,26-06-1970,Jun,1970,StatusRetired,5000,Success,1970
3455,RVSN USSR,Russia,RUS,Molniya-M /Block L ,26-06-1970,Jun,1970,StatusRetired,5000,Success,1970
3456,US Air Force,USA,USA,Titan III(23)B ,25-06-1970,Jun,1970,StatusRetired,59,Success,1970
3457,RVSN USSR,Russia,RUS,Vostok-2M ,23-06-1970,Jun,1970,StatusRetired,5000,Success,1970
3458,General Dynamics,USA,USA,Atlas-SLV3A Agena-D ,19-06-1970,Jun,1970,StatusRetired,62,Success,1970
3459,RVSN USSR,Russia,RUS,Voskhod ,17-06-1970,Jun,1970,StatusRetired,5000,Success,1970
3460,RVSN USSR,Russia,RUS,Cosmos-2I (63SM) ,13-06-1970,Jun,1970,StatusRetired,5000,Success,1970
3461,RVSN USSR,Russia,RUS,Cosmos-2I (63SM) ,12-06-1970,Jun,1970,StatusRetired,5000,Success,1970
3462,CECLES,Australia,AUS,Europa 1 ,12-06-1970,Jun,1970,StatusRetired,62,Failure,1970
3463,RVSN USSR,Kazakhstan,KAZ,Voskhod ,10-06-1970,Jun,1970,StatusRetired,5000,Success,1970
3464,Roscosmos,Kazakhstan,KAZ,Soyuz ,01-06-1970,Jun,1970,StatusRetired,48.5,Success,1970
3465,RVSN USSR,Russia,RUS,Cosmos-2I (63SM) ,22-05-1970,May,1970,StatusRetired,5000,Failure,1970
3466,RVSN USSR,Kazakhstan,KAZ,Voskhod ,20-05-1970,May,1970,StatusRetired,5000,Success,1970
3467,RVSN USSR,Russia,RUS,Voskhod ,12-05-1970,May,1970,StatusRetired,5000,Success,1970
3468,RVSN USSR,Russia,RUS,Vostok-2M ,28-04-1970,Apr,1970,StatusRetired,5000,Success,1970
3469,RVSN USSR,Russia,RUS,Cosmos-3M (11K65M) ,25-04-1970,Apr,1970,StatusRetired,5000,Success,1970
3470,RVSN USSR,Russia,RUS,Cosmos-2I (63SM) ,24-04-1970,Apr,1970,StatusRetired,5000,Success,1970
3471,CASC,China,CHN,Long March 1 ,24-04-1970,Apr,1970,StatusRetired,30.8,Success,1970
3472,RVSN USSR,Russia,RUS,Cosmos-2I (63SM) ,23-04-1970,Apr,1970,StatusRetired,5000,Success,1970
3473,US Air Force,USA,USA,Titan III(23)B ,15-04-1970,Apr,1970,StatusRetired,59,Success,1970
3474,RVSN USSR,Russia,RUS,Voskhod ,15-04-1970,Apr,1970,StatusRetired,5000,Success,1970
3475,NASA,USA,USA,Saturn V ,11-04-1970,Apr,1970,StatusRetired,1160,Success,1970
3476,RVSN USSR,Russia,RUS,Cosmos-3M (11K65M) ,11-04-1970,Apr,1970,StatusRetired,5000,Success,1970
3477,Martin Marietta,USA,USA,Titan IIIC ,08-04-1970,Apr,1970,StatusRetired,35,Success,1970
3478,RVSN USSR,Kazakhstan,KAZ,Voskhod ,08-04-1970,Apr,1970,StatusRetired,5000,Success,1970
3479,RVSN USSR,Russia,RUS,Cosmos-3M (11K65M) ,07-04-1970,Apr,1970,StatusRetired,5000,Success,1970
3480,RVSN USSR,Russia,RUS,Voskhod ,03-04-1970,Apr,1970,StatusRetired,5000,Success,1970
3481,RVSN USSR,Russia,RUS,Voskhod ,27-03-1970,Mar,1970,StatusRetired,5000,Success,1970
3482,RVSN USSR,Russia,RUS,Cosmos-2I (63SM) ,18-03-1970,Mar,1970,StatusRetired,5000,Success,1970
3483,RVSN USSR,Russia,RUS,Vostok-2M ,17-03-1970,Mar,1970,StatusRetired,5000,Partial Failure,1970
3484,RVSN USSR,Russia,RUS,Voskhod ,13-03-1970,Mar,1970,StatusRetired,5000,Success,1970
3485,CNES,France,FRA,Diamant B ,10-03-1970,Mar,1970,StatusRetired,62,Success,1970
3486,RVSN USSR,Russia,RUS,Voskhod ,04-03-1970,Mar,1970,StatusRetired,5000,Success,1970
3487,RVSN USSR,Russia,RUS,Cosmos-2I (63SM) ,27-02-1970,Feb,1970,StatusRetired,5000,Success,1970
3488,RVSN USSR,Russia,RUS,Molniya-M /Block L ,17-02-1970,Feb,1970,StatusRetired,5000,Success,1970
3489,UT,Japan,JPN,Lambda-IV S ,11-02-1970,Feb,1970,StatusRetired,62,Success,1970
3490,RVSN USSR,Russia,RUS,Voskhod ,10-02-1970,Feb,1970,StatusRetired,5000,Success,1970
3491,RVSN USSR,Kazakhstan,KAZ,Proton K/Block D ,06-02-1970,Feb,1970,StatusRetired,5000,Failure,1970
3492,RVSN USSR,Russia,RUS,Cosmos-2I (63SM) ,30-01-1970,Jan,1970,StatusRetired,5000,Failure,1970
3493,RVSN USSR,Russia,RUS,Voskhod ,21-01-1970,Jan,1970,StatusRetired,5000,Success,1970
3494,RVSN USSR,Russia,RUS,Cosmos-2I (63SM) ,20-01-1970,Jan,1970,StatusRetired,5000,Success,1970
3495,RVSN USSR,Russia,RUS,Cosmos-2I (63SM) ,16-01-1970,Jan,1970,StatusRetired,5000,Success,1970
3496,RVSN USSR,Russia,RUS,Cosmos-2I (63SM) ,15-01-1970,Jan,1970,StatusRetired,5000,Success,1970
3497,US Air Force,USA,USA,Titan III(23)B ,14-01-1970,Jan,1970,StatusRetired,59,Success,1970
3498,RVSN USSR,Kazakhstan,KAZ,Voskhod ,09-01-1970,Jan,1970,StatusRetired,5000,Success,1970
3499,RVSN USSR,Russia,RUS,Cosmos-3M (11K65M) ,27-12-1969,Dec,1969,StatusRetired,5000,Failure,1960
3500,RVSN USSR,Russia,RUS,Cosmos-2I (63SM) ,25-12-1969,Dec,1969,StatusRetired,5000,Success,1960
3501,RVSN USSR,Russia,RUS,Voskhod ,23-12-1969,Dec,1969,StatusRetired,5000,Success,1960
3502,RVSN USSR,Kazakhstan,KAZ,Tsyklon-2 ,23-12-1969,Dec,1969,StatusRetired,5000,Success,1960
3503,RVSN USSR,Russia,RUS,Cosmos-3M (11K65M) ,20-12-1969,Dec,1969,StatusRetired,5000,Success,1960
3504,RVSN USSR,Russia,RUS,Cosmos-2I (63SM) ,11-12-1969,Dec,1969,StatusRetired,5000,Success,1960
3505,RVSN USSR,Russia,RUS,Voskhod ,03-12-1969,Dec,1969,StatusRetired,5000,Success,1960
3506,RVSN USSR,Kazakhstan,KAZ,Proton K/Block D ,28-11-1969,Nov,1969,StatusRetired,5000,Failure,1960
3507,RVSN USSR,Russia,RUS,Cosmos-3M (11K65M) ,24-11-1969,Nov,1969,StatusRetired,5000,Success,1960
3508,RVSN USSR,Russia,RUS,Cosmos-2I (63SM) ,24-11-1969,Nov,1969,StatusRetired,5000,Success,1960
3509,CASC,China,CHN,Long March 1 ,16-11-1969,Nov,1969,StatusRetired,30.8,Failure,1960
3510,RVSN USSR,Kazakhstan,KAZ,Voskhod ,15-11-1969,Nov,1969,StatusRetired,5000,Success,1960
3511,NASA,USA,USA,Saturn V ,14-11-1969,Nov,1969,StatusRetired,1160,Success,1960
3512,RVSN USSR,Russia,RUS,Voskhod ,12-11-1969,Nov,1969,StatusRetired,5000,Success,1960
3513,RVSN USSR,Russia,RUS,Cosmos-2I (63SM) ,04-11-1969,Nov,1969,StatusRetired,5000,Success,1960
3514,Yuzhmash,Kazakhstan,KAZ,Tsyklon-2 ,01-11-1969,Nov,1969,StatusRetired,62,Success,1960
3515,US Air Force,USA,USA,Titan III(23)B ,24-10-1969,Oct,1969,StatusRetired,59,Success,1960
3516,RVSN USSR,Russia,RUS,Cosmos-2I (63SM) ,24-10-1969,Oct,1969,StatusRetired,5000,Success,1960
3517,RVSN USSR,Kazakhstan,KAZ,Voskhod ,24-10-1969,Oct,1969,StatusRetired,5000,Success,1960
3518,RVSN USSR,Kazakhstan,KAZ,Proton K/Block D ,22-10-1969,Oct,1969,StatusRetired,5000,Failure,1960
3519,RVSN USSR,Russia,RUS,Cosmos-3M (11K65M) ,21-10-1969,Oct,1969,StatusRetired,5000,Success,1960
3520,RVSN USSR,Russia,RUS,Cosmos-2I (63SM) ,18-10-1969,Oct,1969,StatusRetired,5000,Success,1960
3521,RVSN USSR,Russia,RUS,Voskhod ,17-10-1969,Oct,1969,StatusRetired,5000,Success,1960
3522,RVSN USSR,Russia,RUS,Cosmos-2I (63SM) ,14-10-1969,Oct,1969,StatusRetired,5000,Success,1960
3523,RVSN USSR,Kazakhstan,KAZ,Soyuz ,13-10-1969,Oct,1969,StatusRetired,5000,Success,1960
3524,RVSN USSR,Kazakhstan,KAZ,Soyuz ,12-10-1969,Oct,1969,StatusRetired,5000,Success,1960
3525,RVSN USSR,Kazakhstan,KAZ,Soyuz ,11-10-1969,Oct,1969,StatusRetired,5000,Success,1960
3526,RVSN USSR,Russia,RUS,Vostok-2M ,06-10-1969,Oct,1969,StatusRetired,5000,Success,1960
3527,RVSN USSR,Russia,RUS,Voskhod ,24-09-1969,Sep,1969,StatusRetired,5000,Success,1960
3528,RVSN USSR,Kazakhstan,KAZ,Proton K/Block D ,23-09-1969,Sep,1969,StatusRetired,5000,Success,1960
3529,UT,Japan,JPN,Lambda-IV S ,22-09-1969,Sep,1969,StatusRetired,62,Failure,1960
3530,RVSN USSR,Kazakhstan,KAZ,Voskhod ,18-09-1969,Sep,1969,StatusRetired,5000,Success,1960
3531,RVSN USSR,Kazakhstan,KAZ,Tsyklon ,15-09-1969,Sep,1969,StatusRetired,5000,Success,1960
3532,RVSN USSR,Russia,RUS,Voskhod ,02-09-1969,Sep,1969,StatusRetired,5000,Success,1960
3533,RVSN USSR,Kazakhstan,KAZ,Voskhod ,29-08-1969,Aug,1969,StatusRetired,5000,Success,1960
3534,US Air Force,USA,USA,Titan III(23)B ,23-08-1969,Aug,1969,StatusRetired,59,Success,1960
3535,RVSN USSR,Russia,RUS,Cosmos-2I (63SM) ,22-08-1969,Aug,1969,StatusRetired,5000,Success,1960
3536,RVSN USSR,Russia,RUS,Voskhod ,19-08-1969,Aug,1969,StatusRetired,5000,Success,1960
3537,RVSN USSR,Kazakhstan,KAZ,Voskhod ,16-08-1969,Aug,1969,StatusRetired,5000,Success,1960
3538,RVSN USSR,Russia,RUS,Cosmos-3M (11K65M) ,13-08-1969,Aug,1969,StatusRetired,5000,Success,1960
3539,General Dynamics,USA,USA,Atlas-SLV3C Centaur-D ,12-08-1969,Aug,1969,StatusRetired,62,Success,1960
3540,RVSN USSR,Kazakhstan,KAZ,Proton K/Block D ,07-08-1969,Aug,1969,StatusRetired,5000,Success,1960
3541,RVSN USSR,Kazakhstan,KAZ,Tsyklon-2 ,06-08-1969,Aug,1969,StatusRetired,5000,Success,1960
3542,RVSN USSR,Russia,RUS,Cosmos-2I (63SM) ,23-07-1969,Jul,1969,StatusRetired,5000,Failure,1960
3543,RVSN USSR,Kazakhstan,KAZ,Molniya-M /Block L ,22-07-1969,Jul,1969,StatusRetired,5000,Success,1960
3544,RVSN USSR,Russia,RUS,Voskhod ,22-07-1969,Jul,1969,StatusRetired,5000,Success,1960
3545,NASA,USA,USA,Saturn V ,16-07-1969,Jul,1969,StatusRetired,1160,Success,1960
3546,RVSN USSR,Russia,RUS,Voskhod ,10-07-1969,Jul,1969,StatusRetired,5000,Success,1960
3547,RVSN USSR,Kazakhstan,KAZ,N1-L3 ,03-07-1969,Jul,1969,StatusRetired,5000,Failure,1960
3548,CECLES,Australia,AUS,Europa 1 ,03-07-1969,Jul,1969,StatusRetired,62,Failure,1960
3549,RVSN USSR,Kazakhstan,KAZ,Voskhod ,27-06-1969,Jun,1969,StatusRetired,5000,Success,1960
3550,RVSN USSR,Kazakhstan,KAZ,Voskhod ,24-06-1969,Jun,1969,StatusRetired,5000,Success,1960
3551,RVSN USSR,Russia,RUS,Voskhod ,15-06-1969,Jun,1969,StatusRetired,5000,Success,1960
3552,RVSN USSR,Kazakhstan,KAZ,Proton K/Block D ,14-06-1969,Jun,1969,StatusRetired,5000,Failure,1960
3553,RVSN USSR,Russia,RUS,Cosmos-3MRB (65MRB) ,12-06-1969,Jun,1969,StatusRetired,5000,Success,1960
3554,US Air Force,USA,USA,Titan IIIB ,03-06-1969,Jun,1969,StatusRetired,59,Success,1960
3555,RVSN USSR,Russia,RUS,Cosmos-2I (63SM) ,03-06-1969,Jun,1969,StatusRetired,5000,Success,1960
3556,RVSN USSR,Kazakhstan,KAZ,Voskhod ,29-05-1969,May,1969,StatusRetired,5000,Success,1960
3557,RVSN USSR,Russia,RUS,Cosmos-2I (63SM) ,27-05-1969,May,1969,StatusRetired,5000,Success,1960
3558,Martin Marietta,USA,USA,Titan IIIC ,23-05-1969,May,1969,StatusRetired,35,Success,1960
3559,RVSN USSR,Russia,RUS,Voskhod ,20-05-1969,May,1969,StatusRetired,5000,Success,1960
3560,NASA,USA,USA,Saturn V ,18-05-1969,May,1969,StatusRetired,1160,Success,1960
3561,RVSN USSR,Russia,RUS,Voskhod ,13-05-1969,May,1969,StatusRetired,5000,Partial Failure,1960
3562,RVSN USSR,Kazakhstan,KAZ,Voskhod ,23-04-1969,Apr,1969,StatusRetired,5000,Success,1960
3563,US Air Force,USA,USA,Titan IIIB ,15-04-1969,Apr,1969,StatusRetired,59,Success,1960
3564,RVSN USSR,Kazakhstan,KAZ,Voskhod ,15-04-1969,Apr,1969,StatusRetired,5000,Success,1960
3565,General Dynamics,USA,USA,Atlas-SLV3A Agena-D ,13-04-1969,Apr,1969,StatusRetired,62,Success,1960
3566,RVSN USSR,Kazakhstan,KAZ,Molniya-M /Block L ,11-04-1969,Apr,1969,StatusRetired,5000,Success,1960
3567,RVSN USSR,Russia,RUS,Voskhod ,09-04-1969,Apr,1969,StatusRetired,5000,Success,1960
3568,RVSN USSR,Russia,RUS,Cosmos-2I (63SM) ,04-04-1969,Apr,1969,StatusRetired,5000,Success,1960
3569,RVSN USSR,Russia,RUS,Voskhod ,04-04-1969,Apr,1969,StatusRetired,5000,Success,1960
3570,RVSN USSR,Kazakhstan,KAZ,Proton K/Block D ,02-04-1969,Apr,1969,StatusRetired,5000,Failure,1960
3571,RVSN USSR,Russia,RUS,Cosmos-2I (63SM) ,28-03-1969,Mar,1969,StatusRetired,5000,Success,1960
3572,General Dynamics,USA,USA,Atlas-SLV3C Centaur-D ,27-03-1969,Mar,1969,StatusRetired,62,Success,1960
3573,RVSN USSR,Kazakhstan,KAZ,Proton K/Block D ,27-03-1969,Mar,1969,StatusRetired,5000,Failure,1960
3574,RVSN USSR,Russia,RUS,Vostok-2M ,26-03-1969,Mar,1969,StatusRetired,5000,Failure,1960
3575,RVSN USSR,Kazakhstan,KAZ,Voskhod ,24-03-1969,Mar,1969,StatusRetired,5000,Success,1960
3576,RVSN USSR,Russia,RUS,Voskhod ,22-03-1969,Mar,1969,StatusRetired,5000,Success,1960
3577,General Dynamics,USA,USA,Atlas-E/F OV1 ,18-03-1969,Mar,1969,StatusRetired,62,Success,1960
3578,RVSN USSR,Russia,RUS,Cosmos-3M (11K65M) ,17-03-1969,Mar,1969,StatusRetired,5000,Success,1960
3579,RVSN USSR,Russia,RUS,Voskhod ,15-03-1969,Mar,1969,StatusRetired,5000,Success,1960
3580,RVSN USSR,Russia,RUS,Voskhod ,06-03-1969,Mar,1969,StatusRetired,5000,Success,1960
3581,RVSN USSR,Russia,RUS,Cosmos-3M (11K65M) ,05-03-1969,Mar,1969,StatusRetired,5000,Success,1960
3582,RVSN USSR,Russia,RUS,Cosmos-2I (63SM) ,05-03-1969,Mar,1969,StatusRetired,5000,Success,1960
3583,US Air Force,USA,USA,Titan IIIB ,04-03-1969,Mar,1969,StatusRetired,59,Success,1960
3584,NASA,USA,USA,Saturn V ,03-03-1969,Mar,1969,StatusRetired,1160,Success,1960
3585,RVSN USSR,Kazakhstan,KAZ,Voskhod ,26-02-1969,Feb,1969,StatusRetired,5000,Success,1960
3586,RVSN USSR,Russia,RUS,Voskhod ,25-02-1969,Feb,1969,StatusRetired,5000,Success,1960
3587,General Dynamics,USA,USA,Atlas-SLV3C Centaur-D ,25-02-1969,Feb,1969,StatusRetired,62,Success,1960
3588,RVSN USSR,Kazakhstan,KAZ,N1-L3 ,21-02-1969,Feb,1969,StatusRetired,5000,Failure,1960
3589,RVSN USSR,Kazakhstan,KAZ,Proton K/Block D ,19-02-1969,Feb,1969,StatusRetired,5000,Failure,1960
3590,Martin Marietta,USA,USA,Titan IIIC ,09-02-1969,Feb,1969,StatusRetired,35,Success,1960
3591,RVSN USSR,Russia,RUS,Cosmos-2I (63SM) ,07-02-1969,Feb,1969,StatusRetired,5000,Success,1960
3592,RVSN USSR,Russia,RUS,Vostok-2M ,01-02-1969,Feb,1969,StatusRetired,5000,Failure,1960
3593,RVSN USSR,Kazakhstan,KAZ,Tsyklon-2A ,25-01-1969,Jan,1969,StatusRetired,5000,Failure,1960
3594,RVSN USSR,Kazakhstan,KAZ,Voskhod ,23-01-1969,Jan,1969,StatusRetired,5000,Success,1960
3595,US Air Force,USA,USA,Titan IIIB ,22-01-1969,Jan,1969,StatusRetired,59,Success,1960
3596,RVSN USSR,Kazakhstan,KAZ,Proton K/Block D ,20-01-1969,Jan,1969,StatusRetired,5000,Failure,1960
3597,RVSN USSR,Kazakhstan,KAZ,Soyuz ,15-01-1969,Jan,1969,StatusRetired,5000,Success,1960
3598,RVSN USSR,Kazakhstan,KAZ,Soyuz ,14-01-1969,Jan,1969,StatusRetired,5000,Success,1960
3599,RVSN USSR,Russia,RUS,Voskhod ,12-01-1969,Jan,1969,StatusRetired,5000,Success,1960
3600,RVSN USSR,Kazakhstan,KAZ,Molniya-M /Block VL ,10-01-1969,Jan,1969,StatusRetired,5000,Success,1960
3601,RVSN USSR,Kazakhstan,KAZ,Molniya-M /Block VL ,05-01-1969,Jan,1969,StatusRetired,5000,Success,1960
3602,RVSN USSR,Russia,RUS,Cosmos-2I (63SM) ,26-12-1968,Dec,1968,StatusRetired,5000,Success,1960
3603,NASA,USA,USA,Saturn V ,21-12-1968,Dec,1968,StatusRetired,1160,Success,1960
3604,RVSN USSR,Russia,RUS,Cosmos-2I (63SM) ,19-12-1968,Dec,1968,StatusRetired,5000,Success,1960
3605,RVSN USSR,Kazakhstan,KAZ,Molniya-M /Block L ,16-12-1968,Dec,1968,StatusRetired,5000,Success,1960
3606,RVSN USSR,Russia,RUS,Cosmos-2I (63SM) ,14-12-1968,Dec,1968,StatusRetired,5000,Success,1960
3607,RVSN USSR,Kazakhstan,KAZ,Voskhod ,10-12-1968,Dec,1968,StatusRetired,5000,Success,1960
3608,General Dynamics,USA,USA,Atlas-SLV3C Centaur-D ,07-12-1968,Dec,1968,StatusRetired,62,Success,1960
3609,US Air Force,USA,USA,Titan IIIB ,04-12-1968,Dec,1968,StatusRetired,59,Success,1960
3610,RVSN USSR,Russia,RUS,Cosmos-2I (63SM) ,03-12-1968,Dec,1968,StatusRetired,5000,Success,1960
3611,RVSN USSR,Russia,RUS,Cosmos-3M (11K65M) ,30-11-1968,Nov,1968,StatusRetired,5000,Success,1960
3612,RVSN USSR,Russia,RUS,Voskhod ,29-11-1968,Nov,1968,StatusRetired,5000,Success,1960
3613,CECLES,Australia,AUS,Europa 1 ,29-11-1968,Nov,1968,StatusRetired,62,Success,1960
3614,RVSN USSR,Russia,RUS,Voskhod ,21-11-1968,Nov,1968,StatusRetired,5000,Success,1960
3615,RVSN USSR,Kazakhstan,KAZ,Proton K ,16-11-1968,Nov,1968,StatusRetired,5000,Success,1960
3616,RVSN USSR,Russia,RUS,Voskhod ,13-11-1968,Nov,1968,StatusRetired,5000,Success,1960
3617,RVSN USSR,Kazakhstan,KAZ,Proton K/Block D ,10-11-1968,Nov,1968,StatusRetired,5000,Success,1960
3618,US Air Force,USA,USA,Titan IIIB ,06-11-1968,Nov,1968,StatusRetired,59,Success,1960
3619,RVSN USSR,Kazakhstan,KAZ,Tsyklon-2A ,01-11-1968,Nov,1968,StatusRetired,5000,Success,1960
3620,RVSN USSR,Kazakhstan,KAZ,Voskhod ,31-10-1968,Oct,1968,StatusRetired,5000,Success,1960
3621,RVSN USSR,Russia,RUS,Cosmos-3M (11K65M) ,30-10-1968,Oct,1968,StatusRetired,5000,Success,1960
3622,RVSN USSR,Kazakhstan,KAZ,Soyuz ,26-10-1968,Oct,1968,StatusRetired,5000,Success,1960
3623,RVSN USSR,Kazakhstan,KAZ,Soyuz ,25-10-1968,Oct,1968,StatusRetired,5000,Success,1960
3624,RVSN USSR,Kazakhstan,KAZ,Tsyklon-2A ,20-10-1968,Oct,1968,StatusRetired,5000,Success,1960
3625,RVSN USSR,Kazakhstan,KAZ,Tsyklon-2A ,19-10-1968,Oct,1968,StatusRetired,5000,Success,1960
3626,NASA,USA,USA,Saturn IB ,11-10-1968,Oct,1968,StatusRetired,1160,Success,1960
3627,RVSN USSR,Russia,RUS,Voskhod ,11-10-1968,Oct,1968,StatusRetired,5000,Success,1960
3628,RVSN USSR,Russia,RUS,Voskhod ,07-10-1968,Oct,1968,StatusRetired,5000,Partial Failure,1960
3629,RVSN USSR,Kazakhstan,KAZ,Molniya-M /Block L ,05-10-1968,Oct,1968,StatusRetired,5000,Success,1960
3630,RVSN USSR,Russia,RUS,Cosmos-2I (63SM) ,03-10-1968,Oct,1968,StatusRetired,5000,Success,1960
3631,RVSN USSR,Kazakhstan,KAZ,Tsyklon ,02-10-1968,Oct,1968,StatusRetired,5000,Success,1960
3632,Martin Marietta,USA,USA,Titan IIIC ,26-09-1968,Sep,1968,StatusRetired,35,Success,1960
3633,RVSN USSR,Kazakhstan,KAZ,Voskhod ,23-09-1968,Sep,1968,StatusRetired,5000,Success,1960
3634,RVSN USSR,Russia,RUS,Cosmos-2I (63SM) ,20-09-1968,Sep,1968,StatusRetired,5000,Success,1960
3635,RVSN USSR,Russia,RUS,Voskhod ,16-09-1968,Sep,1968,StatusRetired,5000,Success,1960
3636,RVSN USSR,Kazakhstan,KAZ,Proton K/Block D ,14-09-1968,Sep,1968,StatusRetired,5000,Success,1960
3637,RVSN USSR,Kazakhstan,KAZ,Voskhod ,14-09-1968,Sep,1968,StatusRetired,5000,Success,1960
3638,RVSN USSR,Kazakhstan,KAZ,Voskhod ,05-09-1968,Sep,1968,StatusRetired,5000,Success,1960
3639,RVSN USSR,Kazakhstan,KAZ,Soyuz ,28-08-1968,Aug,1968,StatusRetired,5000,Success,1960
3640,RVSN USSR,Russia,RUS,Voskhod ,27-08-1968,Aug,1968,StatusRetired,5000,Success,1960
3641,RVSN USSR,Kazakhstan,KAZ,Cosmos-3 (11K65) ,27-08-1968,Aug,1968,StatusRetired,5000,Success,1960
3642,General Dynamics,USA,USA,Atlas-SLV3 Burner-2 ,16-08-1968,Aug,1968,StatusRetired,62,Failure,1960
3643,General Dynamics,USA,USA,Atlas-SLV3C Centaur-D ,10-08-1968,Aug,1968,StatusRetired,62,Partial Failure,1960
3644,RVSN USSR,Kazakhstan,KAZ,Voskhod ,09-08-1968,Aug,1968,StatusRetired,5000,Success,1960
3645,US Air Force,USA,USA,Titan IIIB ,06-08-1968,Aug,1968,StatusRetired,59,Success,1960
3646,US Air Force,USA,USA,Titan IIIB ,06-08-1968,Aug,1968,StatusRetired,59,Success,1960
3647,General Dynamics,USA,USA,Atlas-SLV3A Agena-D ,06-08-1968,Aug,1968,StatusRetired,62,Success,1960
3648,RVSN USSR,Kazakhstan,KAZ,Voskhod ,30-07-1968,Jul,1968,StatusRetired,5000,Success,1960
3649,RVSN USSR,Russia,RUS,Cosmos-2I (63SM) ,18-07-1968,Jul,1968,StatusRetired,5000,Success,1960
3650,RVSN USSR,Russia,RUS,Voskhod ,16-07-1968,Jul,1968,StatusRetired,5000,Success,1960
3651,General Dynamics,USA,USA,Atlas-E/F OV1 ,11-07-1968,Jul,1968,StatusRetired,62,Success,1960
3652,RVSN USSR,Kazakhstan,KAZ,Voskhod ,10-07-1968,Jul,1968,StatusRetired,5000,Success,1960
3653,RVSN USSR,Kazakhstan,KAZ,Molniya-M /Block L ,05-07-1968,Jul,1968,StatusRetired,5000,Success,1960
3654,RVSN USSR,Russia,RUS,Cosmos-2I (63SM) ,05-07-1968,Jul,1968,StatusRetired,5000,Success,1960
3655,RVSN USSR,Russia,RUS,Voskhod ,26-06-1968,Jun,1968,StatusRetired,5000,Success,1960
3656,RVSN USSR,Kazakhstan,KAZ,Voskhod ,21-06-1968,Jun,1968,StatusRetired,5000,Success,1960
3657,RVSN USSR,Kazakhstan,KAZ,Voskhod ,18-06-1968,Jun,1968,StatusRetired,5000,Success,1960
3658,RVSN USSR,Kazakhstan,KAZ,Cosmos-3 (11K65) ,15-06-1968,Jun,1968,StatusRetired,5000,Failure,1960
3659,Martin Marietta,USA,USA,Titan IIIC ,13-06-1968,Jun,1968,StatusRetired,35,Success,1960
3660,RVSN USSR,Russia,RUS,Vostok-2M ,12-06-1968,Jun,1968,StatusRetired,5000,Success,1960
3661,RVSN USSR,Russia,RUS,Cosmos-2I (63SM) ,11-06-1968,Jun,1968,StatusRetired,5000,Success,1960
3662,US Air Force,USA,USA,Titan IIIB ,05-06-1968,Jun,1968,StatusRetired,59,Success,1960
3663,RVSN USSR,Russia,RUS,Cosmos-3M (11K65M) ,04-06-1968,Jun,1968,StatusRetired,5000,Failure,1960
3664,RVSN USSR,Kazakhstan,KAZ,Voskhod ,04-06-1968,Jun,1968,StatusRetired,5000,Success,1960
3665,RVSN USSR,Russia,RUS,Voskhod ,01-06-1968,Jun,1968,StatusRetired,5000,Success,1960
3666,RVSN USSR,Russia,RUS,Cosmos-2I (63SM) ,30-05-1968,May,1968,StatusRetired,5000,Success,1960
3667,RVSN USSR,Russia,RUS,Cosmos-2I (63SM) ,24-05-1968,May,1968,StatusRetired,5000,Success,1960
3668,RVSN USSR,Russia,RUS,Cosmos-3M (11K65M) ,07-05-1968,May,1968,StatusRetired,5000,Success,1960
3669,RVSN USSR,Russia,RUS,Cosmos-2I (63SM) ,26-04-1968,Apr,1968,StatusRetired,5000,Success,1960
3670,RVSN USSR,Kazakhstan,KAZ,Tsyklon ,25-04-1968,Apr,1968,StatusRetired,5000,Success,1960
3671,RVSN USSR,Kazakhstan,KAZ,Tsyklon-2A ,24-04-1968,Apr,1968,StatusRetired,5000,Partial Failure,1960
3672,RVSN USSR,Kazakhstan,KAZ,Proton K/Block D ,22-04-1968,Apr,1968,StatusRetired,5000,Failure,1960
3673,RVSN USSR,Kazakhstan,KAZ,Molniya-M /Block L ,21-04-1968,Apr,1968,StatusRetired,5000,Success,1960
3674,RVSN USSR,Kazakhstan,KAZ,Voskhod ,20-04-1968,Apr,1968,StatusRetired,5000,Success,1960
3675,RVSN USSR,Russia,RUS,Cosmos-2I (63SM) ,18-04-1968,Apr,1968,StatusRetired,5000,Success,1960
3676,RVSN USSR,Russia,RUS,Voskhod ,18-04-1968,Apr,1968,StatusRetired,5000,Success,1960
3677,US Air Force,USA,USA,Titan IIIB ,17-04-1968,Apr,1968,StatusRetired,59,Success,1960
3678,RVSN USSR,Kazakhstan,KAZ,Soyuz ,15-04-1968,Apr,1968,StatusRetired,5000,Success,1960
3679,RVSN USSR,Kazakhstan,KAZ,Soyuz ,14-04-1968,Apr,1968,StatusRetired,5000,Success,1960
3680,RVSN USSR,Russia,RUS,Cosmos-2I (63SM) ,09-04-1968,Apr,1968,StatusRetired,5000,Success,1960
3681,RVSN USSR,Kazakhstan,KAZ,Molniya-M /Block L ,07-04-1968,Apr,1968,StatusRetired,5000,Success,1960
3682,General Dynamics,USA,USA,Atlas-E/F OV1 ,06-04-1968,Apr,1968,StatusRetired,62,Success,1960
3683,NASA,USA,USA,Saturn V ,04-04-1968,Apr,1968,StatusRetired,1160,Partial Failure,1960
3684,RVSN USSR,Russia,RUS,Voskhod ,03-04-1968,Apr,1968,StatusRetired,5000,Success,1960
3685,OKB-586,Kazakhstan,KAZ,Cosmos-3 (11K65) ,28-03-1968,Mar,1968,StatusRetired,62,Success,1960
3686,RVSN USSR,Kazakhstan,KAZ,Tsyklon-2A ,22-03-1968,Mar,1968,StatusRetired,5000,Success,1960
3687,RVSN USSR,Kazakhstan,KAZ,Voskhod ,21-03-1968,Mar,1968,StatusRetired,5000,Success,1960
3688,RVSN USSR,Russia,RUS,Voskhod ,16-03-1968,Mar,1968,StatusRetired,5000,Success,1960
3689,RVSN USSR,Russia,RUS,Vostok-2M ,14-03-1968,Mar,1968,StatusRetired,5000,Success,1960
3690,US Air Force,USA,USA,Titan IIIB ,13-03-1968,Mar,1968,StatusRetired,59,Success,1960
3691,RVSN USSR,Russia,RUS,Cosmos-2I (63SM) ,06-03-1968,Mar,1968,StatusRetired,5000,Failure,1960
3692,RVSN USSR,Russia,RUS,Voskhod ,05-03-1968,Mar,1968,StatusRetired,5000,Success,1960
3693,RVSN USSR,Russia,RUS,Cosmos-2I (63SM) ,05-03-1968,Mar,1968,StatusRetired,5000,Success,1960
3694,General Dynamics,USA,USA,Atlas-SLV3A Agena-D ,04-03-1968,Mar,1968,StatusRetired,62,Success,1960
3695,RVSN USSR,Kazakhstan,KAZ,Proton K/Block D ,02-03-1968,Mar,1968,StatusRetired,5000,Partial Failure,1960
3696,RVSN USSR,Russia,RUS,Cosmos-3M (11K65M) ,20-02-1968,Feb,1968,StatusRetired,5000,Success,1960
3697,RVSN USSR,Russia,RUS,Cosmos-2I (63SM) ,20-02-1968,Feb,1968,StatusRetired,5000,Success,1960
3698,RVSN USSR,Kazakhstan,KAZ,Molniya-M /Block L ,07-02-1968,Feb,1968,StatusRetired,5000,Failure,1960
3699,RVSN USSR,Kazakhstan,KAZ,Voskhod ,06-02-1968,Feb,1968,StatusRetired,5000,Success,1960
3700,NASA,USA,USA,Saturn IB ,22-01-1968,Jan,1968,StatusRetired,1160,Success,1960
3701,RVSN USSR,Russia,RUS,Cosmos-3M (11K65M) ,19-01-1968,Jan,1968,StatusRetired,5000,Success,1960
3702,US Air Force,USA,USA,Titan IIIB ,18-01-1968,Jan,1968,StatusRetired,59,Success,1960
3703,RVSN USSR,Russia,RUS,Voskhod ,16-01-1968,Jan,1968,StatusRetired,5000,Success,1960
3704,General Dynamics,USA,USA,Atlas-SLV3C Centaur-D ,07-01-1968,Jan,1968,StatusRetired,62,Success,1960
3705,RVSN USSR,Kazakhstan,KAZ,Tsyklon-2A ,27-12-1967,Dec,1967,StatusRetired,5000,Success,1960
3706,RVSN USSR,Russia,RUS,Cosmos-2I (63SM) ,26-12-1967,Dec,1967,StatusRetired,5000,Success,1960
3707,RVSN USSR,Russia,RUS,Cosmos-2I (63S1) ,19-12-1967,Dec,1967,StatusRetired,5000,Success,1960
3708,RVSN USSR,Russia,RUS,Voskhod ,16-12-1967,Dec,1967,StatusRetired,5000,Success,1960
3709,US Air Force,USA,USA,Titan IIIB ,05-12-1967,Dec,1967,StatusRetired,59,Success,1960
3710,RVSN USSR,Russia,RUS,Voskhod ,03-12-1967,Dec,1967,StatusRetired,5000,Success,1960
3711,AMBA,Australia,AUS,Redstone Sparta ,29-11-1967,Nov,1967,StatusRetired,62,Success,1960
3712,RVSN USSR,Russia,RUS,Voskhod ,25-11-1967,Nov,1967,StatusRetired,5000,Success,1960
3713,RVSN USSR,Russia,RUS,Cosmos-3M (11K65M) ,23-11-1967,Nov,1967,StatusRetired,5000,Success,1960
3714,RVSN USSR,Kazakhstan,KAZ,Proton K/Block D ,22-11-1967,Nov,1967,StatusRetired,5000,Failure,1960
3715,RVSN USSR,Russia,RUS,Cosmos-2I (63SM) ,21-11-1967,Nov,1967,StatusRetired,5000,Success,1960
3716,NASA,USA,USA,Saturn V ,09-11-1967,Nov,1967,StatusRetired,1160,Success,1960
3717,General Dynamics,USA,USA,Atlas-SLV3C Centaur-D ,07-11-1967,Nov,1967,StatusRetired,62,Success,1960
3718,General Dynamics,USA,USA,Atlas-SLV3 Agena-D ,05-11-1967,Nov,1967,StatusRetired,62,Success,1960
3719,RVSN USSR,Russia,RUS,Voskhod ,03-11-1967,Nov,1967,StatusRetired,5000,Success,1960
3720,RVSN USSR,Russia,RUS,Cosmos-3M (11K65M) ,30-10-1967,Oct,1967,StatusRetired,5000,Success,1960
3721,RVSN USSR,Kazakhstan,KAZ,Soyuz ,30-10-1967,Oct,1967,StatusRetired,5000,Success,1960
3722,RVSN USSR,Kazakhstan,KAZ,Tsyklon ,28-10-1967,Oct,1967,StatusRetired,5000,Success,1960
3723,RVSN USSR,Kazakhstan,KAZ,Soyuz ,27-10-1967,Oct,1967,StatusRetired,5000,Success,1960
3724,RVSN USSR,Kazakhstan,KAZ,Tsyklon-2A ,27-10-1967,Oct,1967,StatusRetired,5000,Success,1960
3725,US Air Force,USA,USA,Titan IIIB ,25-10-1967,Oct,1967,StatusRetired,59,Success,1960
3726,RVSN USSR,Russia,RUS,Vostok-2M ,24-10-1967,Oct,1967,StatusRetired,5000,Success,1960
3727,RVSN USSR,Kazakhstan,KAZ,Molniya ,22-10-1967,Oct,1967,StatusRetired,5000,Success,1960
3728,RVSN USSR,Kazakhstan,KAZ,Tsyklon ,18-10-1967,Oct,1967,StatusRetired,5000,Success,1960
3729,RVSN USSR,Kazakhstan,KAZ,Voskhod ,16-10-1967,Oct,1967,StatusRetired,5000,Success,1960
3730,OKB-586,Kazakhstan,KAZ,Cosmos-3 (11K65) ,12-10-1967,Oct,1967,StatusRetired,62,Success,1960
3731,RVSN USSR,Russia,RUS,Voskhod ,11-10-1967,Oct,1967,StatusRetired,5000,Success,1960
3732,RVSN USSR,Kazakhstan,KAZ,Molniya ,03-10-1967,Oct,1967,StatusRetired,5000,Success,1960
3733,RVSN USSR,Kazakhstan,KAZ,Proton K/Block D ,27-09-1967,Sep,1967,StatusRetired,5000,Failure,1960
3734,RVSN USSR,Russia,RUS,Cosmos-3M (11K65M) ,27-09-1967,Sep,1967,StatusRetired,5000,Failure,1960
3735,RVSN USSR,Russia,RUS,Voskhod ,26-09-1967,Sep,1967,StatusRetired,5000,Success,1960
3736,RVSN USSR,Kazakhstan,KAZ,Tsyklon ,22-09-1967,Sep,1967,StatusRetired,5000,Success,1960
3737,US Air Force,USA,USA,Titan IIIB ,19-09-1967,Sep,1967,StatusRetired,59,Success,1960
3738,RVSN USSR,Kazakhstan,KAZ,Tsyklon ,19-09-1967,Sep,1967,StatusRetired,5000,Success,1960
3739,RVSN USSR,Kazakhstan,KAZ,Voskhod ,16-09-1967,Sep,1967,StatusRetired,5000,Success,1960
3740,RVSN USSR,Russia,RUS,Cosmos-2I (63SM) ,12-09-1967,Sep,1967,StatusRetired,5000,Success,1960
3741,RVSN USSR,Russia,RUS,Voskhod ,11-09-1967,Sep,1967,StatusRetired,5000,Success,1960
3742,General Dynamics,USA,USA,Atlas-SLV3C Centaur-D ,08-09-1967,Sep,1967,StatusRetired,62,Success,1960
3743,RVSN USSR,Russia,RUS,Voskhod ,01-09-1967,Sep,1967,StatusRetired,5000,Failure,1960
3744,RVSN USSR,Kazakhstan,KAZ,Molniya ,31-08-1967,Aug,1967,StatusRetired,5000,Success,1960
3745,RVSN USSR,Russia,RUS,Cosmos-2I (63SM) ,24-08-1967,Aug,1967,StatusRetired,5000,Success,1960
3746,US Air Force,USA,USA,Titan IIIB ,16-08-1967,Aug,1967,StatusRetired,59,Success,1960
3747,RVSN USSR,Kazakhstan,KAZ,Voskhod ,09-08-1967,Aug,1967,StatusRetired,5000,Success,1960
3748,RVSN USSR,Kazakhstan,KAZ,Tsyklon ,08-08-1967,Aug,1967,StatusRetired,5000,Success,1960
3749,General Dynamics,USA,USA,Atlas-SLV3 Agena-D ,01-08-1967,Aug,1967,StatusRetired,62,Success,1960
3750,RVSN USSR,Kazakhstan,KAZ,Tsyklon ,31-07-1967,Jul,1967,StatusRetired,5000,Success,1960
3751,General Dynamics,USA,USA,Atlas-D OV1 ,27-07-1967,Jul,1967,StatusRetired,62,Partial Failure,1960
3752,RVSN USSR,Kazakhstan,KAZ,Voskhod ,21-07-1967,Jul,1967,StatusRetired,5000,Failure,1960
3753,RVSN USSR,Kazakhstan,KAZ,Tsyklon ,17-07-1967,Jul,1967,StatusRetired,5000,Success,1960
3754,General Dynamics,USA,USA,Atlas-LV3C Centaur-D ,14-07-1967,Jul,1967,StatusRetired,62,Success,1960
3755,RVSN USSR,Kazakhstan,KAZ,Voskhod ,04-07-1967,Jul,1967,StatusRetired,5000,Success,1960
3756,Martin Marietta,USA,USA,Titan IIIC ,01-07-1967,Jul,1967,StatusRetired,35,Success,1960
3757,RVSN USSR,Russia,RUS,Cosmos-3M (11K65M) ,26-06-1967,Jun,1967,StatusRetired,5000,Failure,1960
3758,US Air Force,USA,USA,Titan IIIB ,20-06-1967,Jun,1967,StatusRetired,59,Partial Failure,1960
3759,RVSN USSR,Russia,RUS,Voskhod ,20-06-1967,Jun,1967,StatusRetired,5000,Failure,1960
3760,RVSN USSR,Kazakhstan,KAZ,Molniya-M /Block VL ,17-06-1967,Jun,1967,StatusRetired,5000,Partial Failure,1960
3761,RVSN USSR,Russia,RUS,Cosmos-2I (63SM) ,16-06-1967,Jun,1967,StatusRetired,5000,Success,1960
3762,General Dynamics,USA,USA,Atlas-SLV3 Agena-D ,14-06-1967,Jun,1967,StatusRetired,62,Success,1960
3763,RVSN USSR,Russia,RUS,Cosmos-2I (63SM) ,12-06-1967,Jun,1967,StatusRetired,5000,Success,1960
3764,RVSN USSR,Kazakhstan,KAZ,Molniya-M /Block VL ,12-06-1967,Jun,1967,StatusRetired,5000,Success,1960
3765,RVSN USSR,Russia,RUS,Voskhod ,08-06-1967,Jun,1967,StatusRetired,5000,Success,1960
3766,RVSN USSR,Russia,RUS,Cosmos-2I (63SM) ,05-06-1967,Jun,1967,StatusRetired,5000,Success,1960
3767,General Dynamics,USA,USA,Atlas-SLV3 Agena-D ,04-06-1967,Jun,1967,StatusRetired,62,Success,1960
3768,RVSN USSR,Kazakhstan,KAZ,Voskhod ,01-06-1967,Jun,1967,StatusRetired,5000,Success,1960
3769,RVSN USSR,Kazakhstan,KAZ,Molniya ,24-05-1967,May,1967,StatusRetired,5000,Success,1960
3770,General Dynamics,USA,USA,Atlas-SLV3 Agena-D ,22-05-1967,May,1967,StatusRetired,62,Success,1960
3771,RVSN USSR,Russia,RUS,Voskhod ,22-05-1967,May,1967,StatusRetired,5000,Success,1960
3772,RVSN USSR,Kazakhstan,KAZ,Tsyklon ,17-05-1967,May,1967,StatusRetired,5000,Success,1960
3773,RVSN USSR,Kazakhstan,KAZ,Molniya-M /Block L ,16-05-1967,May,1967,StatusRetired,5000,Partial Failure,1960
3774,RVSN USSR,Russia,RUS,Cosmos-3M (11K65M) ,15-05-1967,May,1967,StatusRetired,5000,Success,1960
3775,RVSN USSR,Kazakhstan,KAZ,Vostok-2 ,12-05-1967,May,1967,StatusRetired,5000,Success,1960
3776,General Dynamics,USA,USA,Atlas-SLV3 Agena-D ,04-05-1967,May,1967,StatusRetired,62,Success,1960
3777,Martin Marietta,USA,USA,Titan IIIC ,28-04-1967,Apr,1967,StatusRetired,35,Success,1960
3778,RVSN USSR,Russia,RUS,Vostok-2M ,27-04-1967,Apr,1967,StatusRetired,5000,Success,1960
3779,US Air Force,USA,USA,Titan IIIB ,26-04-1967,Apr,1967,StatusRetired,59,Failure,1960
3780,ASI,Kenya,KEN,Scout B ,26-04-1967,Apr,1967,StatusRetired,62,Success,1960
3781,RVSN USSR,Kazakhstan,KAZ,Soyuz ,23-04-1967,Apr,1967,StatusRetired,5000,Success,1960
3782,General Dynamics,USA,USA,Atlas-LV3C Centaur-D ,17-04-1967,Apr,1967,StatusRetired,62,Success,1960
3783,RVSN USSR,Kazakhstan,KAZ,Voskhod ,12-04-1967,Apr,1967,StatusRetired,5000,Success,1960
3784,RVSN USSR,Kazakhstan,KAZ,Proton K/Block D ,08-04-1967,Apr,1967,StatusRetired,5000,Partial Failure,1960
3785,General Dynamics,USA,USA,Atlas-SLV3 Agena-D ,06-04-1967,Apr,1967,StatusRetired,62,Partial Failure,1960
3786,RVSN USSR,Russia,RUS,Vostok-2 ,04-04-1967,Apr,1967,StatusRetired,5000,Success,1960
3787,UT,Japan,JPN,Lambda-IV S ,03-04-1967,Apr,1967,StatusRetired,62,Failure,1960
3788,RVSN USSR,Russia,RUS,Cosmos-2I (63SM) ,25-03-1967,Mar,1967,StatusRetired,5000,Success,1960
3789,RVSN USSR,Kazakhstan,KAZ,Cosmos-3 (11K65) ,24-03-1967,Mar,1967,StatusRetired,5000,Success,1960
3790,RVSN USSR,Kazakhstan,KAZ,Tsyklon ,22-03-1967,Mar,1967,StatusRetired,5000,Failure,1960
3791,RVSN USSR,Russia,RUS,Voskhod ,22-03-1967,Mar,1967,StatusRetired,5000,Success,1960
3792,RVSN USSR,Russia,RUS,Cosmos-2I (63SM) ,21-03-1967,Mar,1967,StatusRetired,5000,Success,1960
3793,RVSN USSR,Russia,RUS,Cosmos-2I (63SM) ,16-03-1967,Mar,1967,StatusRetired,5000,Success,1960
3794,RVSN USSR,Russia,RUS,Vostok-2 ,13-03-1967,Mar,1967,StatusRetired,5000,Success,1960
3795,RVSN USSR,Kazakhstan,KAZ,Proton K/Block D ,10-03-1967,Mar,1967,StatusRetired,5000,Success,1960
3796,RVSN USSR,Russia,RUS,Cosmos-2I (63SM) ,03-03-1967,Mar,1967,StatusRetired,5000,Success,1960
3797,RVSN USSR,Russia,RUS,Vostok-2M ,28-02-1967,Feb,1967,StatusRetired,5000,Success,1960
3798,RVSN USSR,Kazakhstan,KAZ,Vostok-2 ,27-02-1967,Feb,1967,StatusRetired,5000,Partial Failure,1960
3799,US Air Force,USA,USA,Titan IIIB ,24-02-1967,Feb,1967,StatusRetired,59,Success,1960
3800,Arm??e de l'Air,France,FRA,Diamant A ,15-02-1967,Feb,1967,StatusRetired,62,Success,1960
3801,RVSN USSR,Russia,RUS,Cosmos-2I (63SM) ,14-02-1967,Feb,1967,StatusRetired,5000,Success,1960
3802,RVSN USSR,Russia,RUS,Voskhod ,08-02-1967,Feb,1967,StatusRetired,5000,Success,1960
3803,Arm??e de l'Air,France,FRA,Diamant A ,08-02-1967,Feb,1967,StatusRetired,62,Partial Failure,1960
3804,RVSN USSR,Kazakhstan,KAZ,Soyuz ,07-02-1967,Feb,1967,StatusRetired,5000,Success,1960
3805,General Dynamics,USA,USA,Atlas-SLV3 Agena-D ,05-02-1967,Feb,1967,StatusRetired,62,Success,1960
3806,General Dynamics,USA,USA,Atlas-SLV3 Agena-D ,02-02-1967,Feb,1967,StatusRetired,62,Success,1960
3807,NASA,USA,USA,Saturn IB ,27-01-1967,Jan,1967,StatusRetired,1160,Failure,1960
3808,RVSN USSR,Kazakhstan,KAZ,Tsyklon ,25-01-1967,Jan,1967,StatusRetired,5000,Success,1960
3809,RVSN USSR,Russia,RUS,Vostok-2 ,19-01-1967,Jan,1967,StatusRetired,5000,Success,1960
3810,Martin Marietta,USA,USA,Titan IIIC ,18-01-1967,Jan,1967,StatusRetired,35,Success,1960
3811,RVSN USSR,Russia,RUS,Cosmos-2I (63S1) ,21-12-1966,Dec,1966,StatusRetired,5000,Success,1960
3812,RVSN USSR,Kazakhstan,KAZ,Molniya-M /Block L ,21-12-1966,Dec,1966,StatusRetired,5000,Success,1960
3813,UT,Japan,JPN,Lambda-IV S ,20-12-1966,Dec,1966,StatusRetired,62,Failure,1960
3814,RVSN USSR,Russia,RUS,Vostok-2 ,19-12-1966,Dec,1966,StatusRetired,5000,Success,1960
3815,US Air Force,USA,USA,Titan IIIB ,14-12-1966,Dec,1966,StatusRetired,59,Success,1960
3816,RVSN USSR,Kazakhstan,KAZ,Soyuz ,14-12-1966,Dec,1966,StatusRetired,5000,Prelaunch Failure,1960
3817,RVSN USSR,Russia,RUS,Cosmos-2I (63SM) ,12-12-1966,Dec,1966,StatusRetired,5000,Success,1960
3818,General Dynamics,USA,USA,Atlas-D OV1 ,11-12-1966,Dec,1966,StatusRetired,62,Success,1960
3819,General Dynamics,USA,USA,Atlas-SLV3 Agena-D ,07-12-1966,Dec,1966,StatusRetired,62,Success,1960
3820,General Dynamics,USA,USA,Atlas-SLV3 Agena-D ,05-12-1966,Dec,1966,StatusRetired,62,Success,1960
3821,RVSN USSR,Kazakhstan,KAZ,Voskhod ,03-12-1966,Dec,1966,StatusRetired,5000,Success,1960
3822,RVSN USSR,Kazakhstan,KAZ,Soyuz ,28-11-1966,Nov,1966,StatusRetired,5000,Success,1960
3823,RVSN USSR,Kazakhstan,KAZ,Vostok-2 ,19-11-1966,Nov,1966,StatusRetired,5000,Success,1960
3824,RVSN USSR,Kazakhstan,KAZ,Cosmos-3 (11K65) ,16-11-1966,Nov,1966,StatusRetired,5000,Failure,1960
3825,RVSN USSR,Russia,RUS,Voskhod ,12-11-1966,Nov,1966,StatusRetired,5000,Success,1960
3826,NASA,USA,USA,Titan II GLV ,11-11-1966,Nov,1966,StatusRetired,1160,Success,1960
3827,General Dynamics,USA,USA,Atlas-SLV3 Agena-D ,11-11-1966,Nov,1966,StatusRetired,62,Success,1960
3828,General Dynamics,USA,USA,Atlas-SLV3 Agena-D ,06-11-1966,Nov,1966,StatusRetired,62,Success,1960
3829,Martin Marietta,USA,USA,Titan IIIC ,03-11-1966,Nov,1966,StatusRetired,35,Success,1960
3830,General Dynamics,USA,USA,Atlas-SLV3 Agena-D ,02-11-1966,Nov,1966,StatusRetired,62,Success,1960
3831,RVSN USSR,Kazakhstan,KAZ,Tsyklon ,02-11-1966,Nov,1966,StatusRetired,5000,Partial Failure,1960
3832,General Dynamics,USA,USA,Atlas-LV3C Centaur-D ,26-10-1966,Oct,1966,StatusRetired,62,Success,1960
3833,RVSN USSR,Kazakhstan,KAZ,Molniya-M /Block L ,22-10-1966,Oct,1966,StatusRetired,5000,Success,1960
3834,RVSN USSR,Kazakhstan,KAZ,Voskhod ,20-10-1966,Oct,1966,StatusRetired,5000,Success,1960
3835,RVSN USSR,Kazakhstan,KAZ,Molniya ,20-10-1966,Oct,1966,StatusRetired,5000,Success,1960
3836,RVSN USSR,Russia,RUS,Vostok-2 ,14-10-1966,Oct,1966,StatusRetired,5000,Success,1960
3837,General Dynamics,USA,USA,Atlas-SLV3 Agena-D ,12-10-1966,Oct,1966,StatusRetired,62,Success,1960
3838,General Dynamics,USA,USA,Atlas-SLV3 Agena-D ,05-10-1966,Oct,1966,StatusRetired,62,Success,1960
3839,US Air Force,USA,USA,Titan IIIB ,28-09-1966,Sep,1966,StatusRetired,59,Success,1960
3840,UT,Japan,JPN,Lambda-IV S ,26-09-1966,Sep,1966,StatusRetired,62,Failure,1960
3841,General Dynamics,USA,USA,Atlas-LV3C Centaur-D ,20-09-1966,Sep,1966,StatusRetired,62,Success,1960
3842,RVSN USSR,Kazakhstan,KAZ,Tsyklon ,17-09-1966,Sep,1966,StatusRetired,5000,Partial Failure,1960
3843,General Dynamics,USA,USA,Atlas-SLV3 Agena-D ,16-09-1966,Sep,1966,StatusRetired,62,Success,1960
3844,RVSN USSR,Kazakhstan,KAZ,Vostok-2 ,16-09-1966,Sep,1966,StatusRetired,5000,Failure,1960
3845,NASA,USA,USA,Titan II GLV ,12-09-1966,Sep,1966,StatusRetired,1160,Success,1960
3846,General Dynamics,USA,USA,Atlas-SLV3 Agena-D ,12-09-1966,Sep,1966,StatusRetired,62,Success,1960
3847,RVSN USSR,Kazakhstan,KAZ,Voskhod ,27-08-1966,Aug,1966,StatusRetired,5000,Success,1960
3848,Martin Marietta,USA,USA,Titan IIIC ,26-08-1966,Aug,1966,StatusRetired,35,Failure,1960
3849,NASA,USA,USA,Saturn IB ,25-08-1966,Aug,1966,StatusRetired,1160,Success,1960
3850,RVSN USSR,Kazakhstan,KAZ,Molniya-M /Block L ,24-08-1966,Aug,1966,StatusRetired,5000,Success,1960
3851,General Dynamics,USA,USA,Atlas-SLV3 Agena-D ,19-08-1966,Aug,1966,StatusRetired,62,Success,1960
3852,General Dynamics,USA,USA,Atlas-SLV3 Agena-D ,16-08-1966,Aug,1966,StatusRetired,62,Success,1960
3853,General Dynamics,USA,USA,Atlas-SLV3 Agena-D ,10-08-1966,Aug,1966,StatusRetired,62,Success,1960
3854,RVSN USSR,Kazakhstan,KAZ,Voskhod ,08-08-1966,Aug,1966,StatusRetired,5000,Success,1960
3855,US Air Force,USA,USA,Titan IIIB ,29-07-1966,Jul,1966,StatusRetired,59,Success,1960
3856,RVSN USSR,Kazakhstan,KAZ,Voskhod ,28-07-1966,Jul,1966,StatusRetired,5000,Success,1960
3857,RVSN USSR,Kazakhstan,KAZ,Vostok-2A ,20-07-1966,Jul,1966,StatusRetired,5000,Success,1960
3858,NASA,USA,USA,Titan II GLV ,18-07-1966,Jul,1966,StatusRetired,1160,Success,1960
3859,General Dynamics,USA,USA,Atlas-SLV3 Agena-D ,18-07-1966,Jul,1966,StatusRetired,62,Success,1960
3860,RVSN USSR,Kazakhstan,KAZ,Voskhod ,14-07-1966,Jul,1966,StatusRetired,5000,Success,1960
3861,General Dynamics,USA,USA,Atlas-D OV1 ,14-07-1966,Jul,1966,StatusRetired,62,Partial Failure,1960
3862,General Dynamics,USA,USA,Atlas-SLV3 Agena-D ,12-07-1966,Jul,1966,StatusRetired,62,Success,1960
3863,RVSN USSR,Russia,RUS,Cosmos-2I (63S1) ,08-07-1966,Jul,1966,StatusRetired,5000,Success,1960
3864,RVSN USSR,Kazakhstan,KAZ,Proton ,06-07-1966,Jul,1966,StatusRetired,5000,Success,1960
3865,NASA,USA,USA,Saturn IB ,05-07-1966,Jul,1966,StatusRetired,1160,Success,1960
3866,RVSN USSR,Kazakhstan,KAZ,Vostok-2M ,25-06-1966,Jun,1966,StatusRetired,5000,Success,1960
3867,RVSN USSR,Russia,RUS,Voskhod ,17-06-1966,Jun,1966,StatusRetired,5000,Success,1960
3868,Martin Marietta,USA,USA,Titan IIIC ,16-06-1966,Jun,1966,StatusRetired,35,Success,1960
3869,General Dynamics,USA,USA,Atlas-SLV3 Agena-D ,09-06-1966,Jun,1966,StatusRetired,62,Partial Failure,1960
3870,RVSN USSR,Kazakhstan,KAZ,Voskhod ,08-06-1966,Jun,1966,StatusRetired,5000,Success,1960
3871,General Dynamics,USA,USA,Atlas-SLV3 Agena-B ,07-06-1966,Jun,1966,StatusRetired,62,Success,1960
3872,General Dynamics,USA,USA,Atlas-SLV3 Agena-D ,03-06-1966,Jun,1966,StatusRetired,62,Success,1960
3873,NASA,USA,USA,Titan II GLV ,03-06-1966,Jun,1966,StatusRetired,1160,Partial Failure,1960
3874,General Dynamics,USA,USA,Atlas SLV-3 ,01-06-1966,Jun,1966,StatusRetired,62,Success,1960
3875,General Dynamics,USA,USA,Atlas-LV3C Centaur-D ,30-05-1966,May,1966,StatusRetired,62,Success,1960
3876,RVSN USSR,Russia,RUS,Cosmos-2I (63SM) ,24-05-1966,May,1966,StatusRetired,5000,Success,1960
3877,General Dynamics,USA,USA,Atlas-SLV3 Agena-D ,17-05-1966,May,1966,StatusRetired,62,Failure,1960
3878,RVSN USSR,Russia,RUS,Voskhod ,17-05-1966,May,1966,StatusRetired,5000,Failure,1960
3879,NASA,USA,USA,Titan II GLV ,16-05-1966,May,1966,StatusRetired,1160,Partial Failure,1960
3880,General Dynamics,USA,USA,Atlas-SLV3 Agena-D ,14-05-1966,May,1966,StatusRetired,62,Success,1960
3881,RVSN USSR,Kazakhstan,KAZ,Vostok-2M ,11-05-1966,May,1966,StatusRetired,5000,Success,1960
3882,RVSN USSR,Kazakhstan,KAZ,Vostok-2 ,06-05-1966,May,1966,StatusRetired,5000,Success,1960
3883,RVSN USSR,Russia,RUS,Cosmos-2I (63SM) ,26-04-1966,Apr,1966,StatusRetired,5000,Success,1960
3884,RVSN USSR,Kazakhstan,KAZ,Molniya ,25-04-1966,Apr,1966,StatusRetired,5000,Success,1960
3885,RVSN USSR,Kazakhstan,KAZ,Vostok-2 ,20-04-1966,Apr,1966,StatusRetired,5000,Success,1960
3886,General Dynamics,USA,USA,Atlas-SLV3 Agena-D ,19-04-1966,Apr,1966,StatusRetired,62,Success,1960
3887,General Dynamics,USA,USA,Atlas-SLV3B Agena-D ,08-04-1966,Apr,1966,StatusRetired,62,Success,1960
3888,General Dynamics,USA,USA,Atlas-LV3C Centaur-D ,08-04-1966,Apr,1966,StatusRetired,62,Partial Failure,1960
3889,RVSN USSR,Russia,RUS,Voskhod ,06-04-1966,Apr,1966,StatusRetired,5000,Success,1960
3890,RVSN USSR,Kazakhstan,KAZ,Molniya-M /Block L ,31-03-1966,Mar,1966,StatusRetired,5000,Success,1960
3891,General Dynamics,USA,USA,Atlas-D OV1 ,30-03-1966,Mar,1966,StatusRetired,62,Success,1960
3892,RVSN USSR,Kazakhstan,KAZ,Molniya ,27-03-1966,Mar,1966,StatusRetired,5000,Failure,1960
3893,RVSN USSR,Kazakhstan,KAZ,Proton ,24-03-1966,Mar,1966,StatusRetired,5000,Failure,1960
3894,RVSN USSR,Kazakhstan,KAZ,Voskhod ,21-03-1966,Mar,1966,StatusRetired,5000,Success,1960
3895,General Dynamics,USA,USA,Atlas-SLV3 Agena-D ,18-03-1966,Mar,1966,StatusRetired,62,Success,1960
3896,RVSN USSR,Russia,RUS,Vostok-2 ,17-03-1966,Mar,1966,StatusRetired,5000,Success,1960
3897,General Dynamics,USA,USA,Atlas-SLV3 Agena-D ,16-03-1966,Mar,1966,StatusRetired,62,Success,1960
3898,RVSN USSR,Kazakhstan,KAZ,Molniya-M /Block L ,01-03-1966,Mar,1966,StatusRetired,5000,Partial Failure,1960
3899,NASA,USA,USA,Saturn IB ,26-02-1966,Feb,1966,StatusRetired,1160,Success,1960
3900,RVSN USSR,Kazakhstan,KAZ,Voskhod ,22-02-1966,Feb,1966,StatusRetired,5000,Success,1960
3901,RVSN USSR,Russia,RUS,Cosmos-2I (63S1) ,21-02-1966,Feb,1966,StatusRetired,5000,Failure,1960
3902,RVSN USSR,Kazakhstan,KAZ,Voskhod ,19-02-1966,Feb,1966,StatusRetired,5000,Success,1960
3903,Arm??e de l'Air,France,FRA,Diamant A ,17-02-1966,Feb,1966,StatusRetired,62,Success,1960
3904,General Dynamics,USA,USA,Atlas-SLV3 Agena-D ,15-02-1966,Feb,1966,StatusRetired,62,Success,1960
3905,RVSN USSR,Russia,RUS,Cosmos-2I (63S1) ,11-02-1966,Feb,1966,StatusRetired,5000,Success,1960
3906,RVSN USSR,Kazakhstan,KAZ,Vostok-2 ,10-02-1966,Feb,1966,StatusRetired,5000,Success,1960
3907,RVSN USSR,Kazakhstan,KAZ,Molniya-M /Block L ,31-01-1966,Jan,1966,StatusRetired,5000,Success,1960
3908,RVSN USSR,Russia,RUS,Cosmos-2I (63SM) ,25-01-1966,Jan,1966,StatusRetired,5000,Success,1960
3909,RVSN USSR,Kazakhstan,KAZ,Vostok-2 ,22-01-1966,Jan,1966,StatusRetired,5000,Success,1960
3910,General Dynamics,USA,USA,Atlas-SLV3 Agena-D ,19-01-1966,Jan,1966,StatusRetired,62,Success,1960
3911,RVSN USSR,Kazakhstan,KAZ,Vostok-2 ,07-01-1966,Jan,1966,StatusRetired,5000,Partial Failure,1960
3912,RVSN USSR,Russia,RUS,Cosmos-2I (63S1) ,28-12-1965,Dec,1965,StatusRetired,5000,Failure,1960
3913,RVSN USSR,Kazakhstan,KAZ,Cosmos-1 (65S3) ,28-12-1965,Dec,1965,StatusRetired,5000,Success,1960
3914,RVSN USSR,Kazakhstan,KAZ,Vostok-2A ,27-12-1965,Dec,1965,StatusRetired,5000,Success,1960
3915,Martin Marietta,USA,USA,Titan IIIC ,21-12-1965,Dec,1965,StatusRetired,35,Partial Failure,1960
3916,RVSN USSR,Russia,RUS,Cosmos-2I (63S1) ,21-12-1965,Dec,1965,StatusRetired,5000,Success,1960
3917,RVSN USSR,Kazakhstan,KAZ,Vostok-2M ,17-12-1965,Dec,1965,StatusRetired,5000,Success,1960
3918,NASA,USA,USA,Titan II GLV ,15-12-1965,Dec,1965,StatusRetired,1160,Success,1960
3919,RVSN USSR,Kazakhstan,KAZ,Vostok-2 ,10-12-1965,Dec,1965,StatusRetired,5000,Success,1960
3920,NASA,USA,USA,Titan II GLV ,04-12-1965,Dec,1965,StatusRetired,1160,Success,1960
3921,RVSN USSR,Kazakhstan,KAZ,Molniya ,03-12-1965,Dec,1965,StatusRetired,5000,Success,1960
3922,RVSN USSR,Kazakhstan,KAZ,Vostok-2 ,27-11-1965,Nov,1965,StatusRetired,5000,Success,1960
3923,Arm??e de l'Air,France,FRA,Diamant A ,26-11-1965,Nov,1965,StatusRetired,62,Success,1960
3924,RVSN USSR,Russia,RUS,Cosmos-2I (63SM) ,26-11-1965,Nov,1965,StatusRetired,5000,Success,1960
3925,RVSN USSR,Kazakhstan,KAZ,Molniya ,23-11-1965,Nov,1965,StatusRetired,5000,Partial Failure,1960
3926,RVSN USSR,Kazakhstan,KAZ,Molniya ,16-11-1965,Nov,1965,StatusRetired,5000,Success,1960
3927,RVSN USSR,Kazakhstan,KAZ,Molniya ,12-11-1965,Nov,1965,StatusRetired,5000,Success,1960
3928,General Dynamics,USA,USA,Atlas-SLV3 Agena-D ,08-11-1965,Nov,1965,StatusRetired,62,Success,1960
3929,RVSN USSR,Russia,RUS,Cosmos-2I (63SM) ,04-11-1965,Nov,1965,StatusRetired,5000,Success,1960
3930,RVSN USSR,Kazakhstan,KAZ,Proton ,02-11-1965,Nov,1965,StatusRetired,5000,Success,1960
3931,RVSN USSR,Kazakhstan,KAZ,Voskhod ,28-10-1965,Oct,1965,StatusRetired,5000,Success,1960
3932,General Dynamics,USA,USA,Atlas-SLV3 Agena-D ,25-10-1965,Oct,1965,StatusRetired,62,Failure,1960
3933,RVSN USSR,Russia,RUS,Cosmos-2I (63SM) ,19-10-1965,Oct,1965,StatusRetired,5000,Success,1960
3934,RVSN USSR,Kazakhstan,KAZ,Voskhod ,16-10-1965,Oct,1965,StatusRetired,5000,Success,1960
3935,Martin Marietta,USA,USA,Titan IIIC ,15-10-1965,Oct,1965,StatusRetired,35,Failure,1960
3936,RVSN USSR,Kazakhstan,KAZ,Molniya ,14-10-1965,Oct,1965,StatusRetired,5000,Success,1960
3937,General Dynamics,USA,USA,Atlas-D OV1 ,05-10-1965,Oct,1965,StatusRetired,62,Success,1960
3938,RVSN USSR,Kazakhstan,KAZ,Molniya-M /Block L ,04-10-1965,Oct,1965,StatusRetired,5000,Success,1960
3939,General Dynamics,USA,USA,Atlas-SLV3 Agena-D ,30-09-1965,Sep,1965,StatusRetired,62,Success,1960
3940,RVSN USSR,Kazakhstan,KAZ,Voskhod ,23-09-1965,Sep,1965,StatusRetired,5000,Success,1960
3941,RVSN USSR,Kazakhstan,KAZ,Cosmos-1 (65S3) ,18-09-1965,Sep,1965,StatusRetired,5000,Success,1960
3942,RVSN USSR,Kazakhstan,KAZ,Voskhod ,09-09-1965,Sep,1965,StatusRetired,5000,Success,1960
3943,RVSN USSR,Kazakhstan,KAZ,Cosmos-1 (65S3) ,03-09-1965,Sep,1965,StatusRetired,5000,Success,1960
3944,RVSN USSR,Kazakhstan,KAZ,Voskhod ,25-08-1965,Aug,1965,StatusRetired,5000,Success,1960
3945,NASA,USA,USA,Titan II GLV ,21-08-1965,Aug,1965,StatusRetired,1160,Success,1960
3946,RVSN USSR,Kazakhstan,KAZ,Vostok-2 ,14-08-1965,Aug,1965,StatusRetired,5000,Success,1960
3947,General Dynamics,USA,USA,Atlas-LV3C Centaur-D ,11-08-1965,Aug,1965,StatusRetired,62,Success,1960
3948,General Dynamics,USA,USA,Atlas-SLV3 Agena-D ,03-08-1965,Aug,1965,StatusRetired,62,Success,1960
3949,RVSN USSR,Kazakhstan,KAZ,Voskhod ,03-08-1965,Aug,1965,StatusRetired,5000,Success,1960
3950,NASA,USA,USA,Saturn I ,30-07-1965,Jul,1965,StatusRetired,1160,Success,1960
3951,RVSN USSR,Russia,RUS,Cosmos-2I (63S1) ,23-07-1965,Jul,1965,StatusRetired,5000,Success,1960
3952,General Dynamics,USA,USA,Atlas-LV3 Agena-D ,20-07-1965,Jul,1965,StatusRetired,62,Success,1960
3953,RVSN USSR,Kazakhstan,KAZ,Molniya ,18-07-1965,Jul,1965,StatusRetired,5000,Success,1960
3954,RVSN USSR,Kazakhstan,KAZ,Proton ,16-07-1965,Jul,1965,StatusRetired,5000,Success,1960
3955,RVSN USSR,Kazakhstan,KAZ,Cosmos-1 (65S3) ,16-07-1965,Jul,1965,StatusRetired,5000,Success,1960
3956,RVSN USSR,Kazakhstan,KAZ,Vostok-2 ,13-07-1965,Jul,1965,StatusRetired,5000,Failure,1960
3957,General Dynamics,USA,USA,Atlas-SLV3 Agena-D ,12-07-1965,Jul,1965,StatusRetired,62,Failure,1960
3958,RVSN USSR,Russia,RUS,Cosmos-2I (63S1) ,02-07-1965,Jul,1965,StatusRetired,5000,Success,1960
3959,General Dynamics,USA,USA,Atlas-SLV3 Agena-D ,25-06-1965,Jun,1965,StatusRetired,62,Success,1960
3960,RVSN USSR,Kazakhstan,KAZ,Voskhod ,25-06-1965,Jun,1965,StatusRetired,5000,Success,1960
3961,Martin Marietta,USA,USA,Titan IIIC ,18-06-1965,Jun,1965,StatusRetired,35,Success,1960
3962,RVSN USSR,Kazakhstan,KAZ,Vostok-2 ,15-06-1965,Jun,1965,StatusRetired,5000,Success,1960
3963,RVSN USSR,Kazakhstan,KAZ,Molniya ,08-06-1965,Jun,1965,StatusRetired,5000,Success,1960
3964,NASA,USA,USA,Titan II GLV ,03-06-1965,Jun,1965,StatusRetired,1160,Success,1960
3965,General Dynamics,USA,USA,Atlas-D OV1 ,28-05-1965,May,1965,StatusRetired,62,Failure,1960
3966,General Dynamics,USA,USA,Atlas-SLV3 Agena-D ,27-05-1965,May,1965,StatusRetired,62,Success,1960
3967,RVSN USSR,Kazakhstan,KAZ,Voskhod ,25-05-1965,May,1965,StatusRetired,5000,Success,1960
3968,NASA,USA,USA,Saturn I ,25-05-1965,May,1965,StatusRetired,1160,Success,1960
3969,RVSN USSR,Kazakhstan,KAZ,Molniya ,09-05-1965,May,1965,StatusRetired,5000,Success,1960
3970,RVSN USSR,Kazakhstan,KAZ,Vostok-2 ,07-05-1965,May,1965,StatusRetired,5000,Success,1960
3971,US Air Force,USA,USA,Titan IIIA ,06-05-1965,May,1965,StatusRetired,63.23,Success,1960
3972,General Dynamics,USA,USA,Atlas-SLV3 Agena-D ,28-04-1965,Apr,1965,StatusRetired,62,Success,1960
3973,RVSN USSR,Kazakhstan,KAZ,Molniya ,23-04-1965,Apr,1965,StatusRetired,5000,Success,1960
3974,RVSN USSR,Kazakhstan,KAZ,Voskhod ,17-04-1965,Apr,1965,StatusRetired,5000,Success,1960
3975,RVSN USSR,Kazakhstan,KAZ,Molniya ,10-04-1965,Apr,1965,StatusRetired,5000,Failure,1960
3976,General Dynamics,USA,USA,Atlas-SLV3 Agena-D ,03-04-1965,Apr,1965,StatusRetired,62,Success,1960
3977,RVSN USSR,Kazakhstan,KAZ,Vostok-2 ,25-03-1965,Mar,1965,StatusRetired,5000,Success,1960
3978,NASA,USA,USA,Titan II GLV ,23-03-1965,Mar,1965,StatusRetired,1160,Success,1960
3979,General Dynamics,USA,USA,Atlas-LV3 Agena-B ,21-03-1965,Mar,1965,StatusRetired,62,Success,1960
3980,RVSN USSR,Kazakhstan,KAZ,Voskhod ,18-03-1965,Mar,1965,StatusRetired,5000,Success,1960
3981,RVSN USSR,Kazakhstan,KAZ,Cosmos-1 (65S3) ,15-03-1965,Mar,1965,StatusRetired,5000,Success,1960
3982,General Dynamics,USA,USA,Atlas-SLV3 Agena-D ,12-03-1965,Mar,1965,StatusRetired,62,Success,1960
3983,RVSN USSR,Kazakhstan,KAZ,Molniya ,12-03-1965,Mar,1965,StatusRetired,5000,Success,1960
3984,RVSN USSR,Kazakhstan,KAZ,Voskhod ,07-03-1965,Mar,1965,StatusRetired,5000,Success,1960
3985,General Dynamics,USA,USA,Atlas-LV3C Centaur-C ,02-03-1965,Mar,1965,StatusRetired,62,Failure,1960
3986,RVSN USSR,Kazakhstan,KAZ,Vostok-2M ,26-02-1965,Feb,1965,StatusRetired,5000,Success,1960
3987,RVSN USSR,Kazakhstan,KAZ,Voskhod ,22-02-1965,Feb,1965,StatusRetired,5000,Success,1960
3988,RVSN USSR,Kazakhstan,KAZ,Cosmos-1 (65S3) ,21-02-1965,Feb,1965,StatusRetired,5000,Success,1960
3989,RVSN USSR,Russia,RUS,Cosmos-2I (63S1) ,20-02-1965,Feb,1965,StatusRetired,5000,Failure,1960
3990,General Dynamics,USA,USA,Atlas-LV3 Agena-B ,17-02-1965,Feb,1965,StatusRetired,62,Success,1960
3991,NASA,USA,USA,Saturn I ,16-02-1965,Feb,1965,StatusRetired,1160,Success,1960
3992,RVSN USSR,Russia,RUS,Cosmos-2I (63S1) ,12-02-1965,Feb,1965,StatusRetired,5000,Failure,1960
3993,US Air Force,USA,USA,Titan IIIA ,11-02-1965,Feb,1965,StatusRetired,63.23,Success,1960
3994,RVSN USSR,Russia,RUS,Cosmos-2I (63S1) ,30-01-1965,Jan,1965,StatusRetired,5000,Success,1960
3995,General Dynamics,USA,USA,Atlas-SLV3 Agena-D ,23-01-1965,Jan,1965,StatusRetired,62,Success,1960
3996,General Dynamics,USA,USA,Atlas-D OV1 ,21-01-1965,Jan,1965,StatusRetired,62,Failure,1960
3997,NASA,USA,USA,Titan II GLV ,19-01-1965,Jan,1965,StatusRetired,1160,Success,1960
3998,RVSN USSR,Kazakhstan,KAZ,Vostok-2 ,11-01-1965,Jan,1965,StatusRetired,5000,Success,1960
3999,General Dynamics,USA,USA,Atlas-LV3C Centaur-C ,11-12-1964,Dec,1964,StatusRetired,62,Partial Failure,1960
4000,US Air Force,USA,USA,Titan IIIA ,10-12-1964,Dec,1964,StatusRetired,63.23,Success,1960
4001,RVSN USSR,Russia,RUS,Cosmos-2I (63S1) ,09-12-1964,Dec,1964,StatusRetired,5000,Success,1960
4002,General Dynamics,USA,USA,Atlas-SLV3 Agena-D ,04-12-1964,Dec,1964,StatusRetired,62,Success,1960
4003,RVSN USSR,Russia,RUS,Cosmos-2I (63S1) ,01-12-1964,Dec,1964,StatusRetired,5000,Failure,1960
4004,RVSN USSR,Kazakhstan,KAZ,Molniya ,30-11-1964,Nov,1964,StatusRetired,5000,Success,1960
4005,General Dynamics,USA,USA,Atlas-LV3 Agena-D ,28-11-1964,Nov,1964,StatusRetired,62,Success,1960
4006,General Dynamics,USA,USA,Atlas-LV3 Agena-D ,05-11-1964,Nov,1964,StatusRetired,62,Failure,1960
4007,RVSN USSR,Kazakhstan,KAZ,Vostok-2 ,28-10-1964,Oct,1964,StatusRetired,5000,Success,1960
4008,RVSN USSR,Russia,RUS,Cosmos-2I (63S1) ,24-10-1964,Oct,1964,StatusRetired,5000,Success,1960
4009,RVSN USSR,Kazakhstan,KAZ,Cosmos-1 (65S3) ,23-10-1964,Oct,1964,StatusRetired,5000,Failure,1960
4010,General Dynamics,USA,USA,Atlas-LV3 Agena-D ,23-10-1964,Oct,1964,StatusRetired,62,Success,1960
4011,RVSN USSR,Kazakhstan,KAZ,Vostok-2 ,14-10-1964,Oct,1964,StatusRetired,5000,Success,1960
4012,RVSN USSR,Kazakhstan,KAZ,Voskhod ,12-10-1964,Oct,1964,StatusRetired,5000,Success,1960
4013,General Dynamics,USA,USA,Atlas-SLV3 Agena-D ,08-10-1964,Oct,1964,StatusRetired,62,Failure,1960
4014,RVSN USSR,Kazakhstan,KAZ,Voskhod ,06-10-1964,Oct,1964,StatusRetired,5000,Success,1960
4015,RVSN USSR,Kazakhstan,KAZ,Vostok-2 ,24-09-1964,Sep,1964,StatusRetired,5000,Success,1960
4016,General Dynamics,USA,USA,Atlas-SLV3 Agena-D ,23-09-1964,Sep,1964,StatusRetired,62,Success,1960
4017,NASA,USA,USA,Saturn I ,18-09-1964,Sep,1964,StatusRetired,1160,Success,1960
4018,RVSN USSR,Kazakhstan,KAZ,Voskhod ,13-09-1964,Sep,1964,StatusRetired,5000,Success,1960
4019,General Dynamics,USA,USA,Atlas-LV3 Agena-B ,05-09-1964,Sep,1964,StatusRetired,62,Success,1960
4020,US Air Force,USA,USA,Titan IIIA ,01-09-1964,Sep,1964,StatusRetired,63.23,Failure,1960
4021,RVSN USSR,Kazakhstan,KAZ,Vostok-2M ,28-08-1964,Aug,1964,StatusRetired,5000,Success,1960
4022,RVSN USSR,Russia,RUS,Cosmos-2I (63S1) ,22-08-1964,Aug,1964,StatusRetired,5000,Success,1960
4023,RVSN USSR,Kazakhstan,KAZ,Molniya ,22-08-1964,Aug,1964,StatusRetired,5000,Success,1960
4024,RVSN USSR,Kazakhstan,KAZ,Cosmos-1 (65S3) ,18-08-1964,Aug,1964,StatusRetired,5000,Success,1960
4025,General Dynamics,USA,USA,Atlas-SLV3 Agena-D ,14-08-1964,Aug,1964,StatusRetired,62,Success,1960
4026,RVSN USSR,Kazakhstan,KAZ,Vostok-2 ,14-08-1964,Aug,1964,StatusRetired,5000,Success,1960
4027,RVSN USSR,Russia,RUS,Cosmos-2I (63S1) ,30-07-1964,Jul,1964,StatusRetired,5000,Success,1960
4028,General Dynamics,USA,USA,Atlas-LV3 Agena-B ,28-07-1964,Jul,1964,StatusRetired,62,Success,1960
4029,General Dynamics,USA,USA,Atlas-LV3 Agena-D ,17-07-1964,Jul,1964,StatusRetired,62,Success,1960
4030,RVSN USSR,Kazakhstan,KAZ,Vostok-2 ,15-07-1964,Jul,1964,StatusRetired,5000,Success,1960
4031,RVSN USSR,Kazakhstan,KAZ,Vostok ,10-07-1964,Jul,1964,StatusRetired,5000,Success,1960
4032,General Dynamics,USA,USA,Atlas-LV3 Agena-D ,06-07-1964,Jul,1964,StatusRetired,62,Success,1960
4033,RVSN USSR,Kazakhstan,KAZ,Voskhod ,01-07-1964,Jul,1964,StatusRetired,5000,Success,1960
4034,General Dynamics,USA,USA,Atlas-LV3C Centaur-C ,30-06-1964,Jun,1964,StatusRetired,62,Failure,1960
4035,RVSN USSR,Kazakhstan,KAZ,Vostok-2 ,23-06-1964,Jun,1964,StatusRetired,5000,Success,1960
4036,RVSN USSR,Kazakhstan,KAZ,Vostok-2 ,10-06-1964,Jun,1964,StatusRetired,5000,Success,1960
4037,RVSN USSR,Russia,RUS,Cosmos-2I (63S1) ,06-06-1964,Jun,1964,StatusRetired,5000,Success,1960
4038,RVSN USSR,Kazakhstan,KAZ,Molniya ,04-06-1964,Jun,1964,StatusRetired,5000,Failure,1960
4039,NASA,USA,USA,Saturn I ,28-05-1964,May,1964,StatusRetired,1160,Success,1960
4040,General Dynamics,USA,USA,Atlas-LV3 Agena-D ,19-05-1964,May,1964,StatusRetired,62,Success,1960
4041,RVSN USSR,Kazakhstan,KAZ,Voskhod ,18-05-1964,May,1964,StatusRetired,5000,Success,1960
4042,RVSN USSR,Kazakhstan,KAZ,Vostok-2 ,25-04-1964,Apr,1964,StatusRetired,5000,Success,1960
4043,General Dynamics,USA,USA,Atlas-LV3 Agena-D ,23-04-1964,Apr,1964,StatusRetired,62,Success,1960
4044,RVSN USSR,Kazakhstan,KAZ,Molniya ,20-04-1964,Apr,1964,StatusRetired,5000,Failure,1960
4045,RVSN USSR,Kazakhstan,KAZ,Poliot ,12-04-1964,Apr,1964,StatusRetired,5000,Success,1960
4046,NASA,USA,USA,Titan II GLV ,08-04-1964,Apr,1964,StatusRetired,1160,Success,1960
4047,RVSN USSR,Kazakhstan,KAZ,Vostok-2 ,04-04-1964,Apr,1964,StatusRetired,5000,Success,1960
4048,RVSN USSR,Kazakhstan,KAZ,Molniya ,02-04-1964,Apr,1964,StatusRetired,5000,Success,1960
4049,RVSN USSR,Kazakhstan,KAZ,Molniya ,27-03-1964,Mar,1964,StatusRetired,5000,Partial Failure,1960
4050,RVSN USSR,Kazakhstan,KAZ,Molniya ,21-03-1964,Mar,1964,StatusRetired,5000,Failure,1960
4051,RVSN USSR,Russia,RUS,Cosmos-2I (63S1) ,18-03-1964,Mar,1964,StatusRetired,5000,Success,1960
4052,General Dynamics,USA,USA,Atlas-LV3 Agena-D ,11-03-1964,Mar,1964,StatusRetired,62,Success,1960
4053,RVSN USSR,Russia,RUS,Cosmos-2I (63S1) ,27-02-1964,Feb,1964,StatusRetired,5000,Success,1960
4054,General Dynamics,USA,USA,Atlas-LV3 Agena-D ,25-02-1964,Feb,1964,StatusRetired,62,Success,1960
4055,RVSN USSR,Kazakhstan,KAZ,Molniya ,19-02-1964,Feb,1964,StatusRetired,5000,Failure,1960
4056,General Dynamics,USA,USA,Atlas-LV3 Agena-B ,30-01-1964,Jan,1964,StatusRetired,62,Success,1960
4057,RVSN USSR,Kazakhstan,KAZ,Vostok ,30-01-1964,Jan,1964,StatusRetired,5000,Success,1960
4058,NASA,USA,USA,Saturn I ,29-01-1964,Jan,1964,StatusRetired,1160,Success,1960
4059,NASA,USA,USA,Scout X-4 ,19-12-1963,Dec,1963,StatusRetired,1160,Success,1960
4060,RVSN USSR,Kazakhstan,KAZ,Vostok-2 ,19-12-1963,Dec,1963,StatusRetired,5000,Success,1960
4061,General Dynamics,USA,USA,Atlas-LV3 Agena-D ,18-12-1963,Dec,1963,StatusRetired,62,Success,1960
4062,RVSN USSR,Russia,RUS,Cosmos-2I (63S1) ,13-12-1963,Dec,1963,StatusRetired,5000,Success,1960
4063,RVSN USSR,Kazakhstan,KAZ,Vostok-2 ,28-11-1963,Nov,1963,StatusRetired,5000,Failure,1960
4064,General Dynamics,USA,USA,Atlas-LV3C Centaur-B ,27-11-1963,Nov,1963,StatusRetired,62,Success,1960
4065,RVSN USSR,Kazakhstan,KAZ,Voskhod ,16-11-1963,Nov,1963,StatusRetired,5000,Success,1960
4066,RVSN USSR,Kazakhstan,KAZ,Molniya ,11-11-1963,Nov,1963,StatusRetired,5000,Success,1960
4067,RVSN USSR,Kazakhstan,KAZ,Poliot ,01-11-1963,Nov,1963,StatusRetired,5000,Success,1960
4068,General Dynamics,USA,USA,Atlas-LV3 Agena-D ,25-10-1963,Oct,1963,StatusRetired,62,Success,1960
4069,RVSN USSR,Russia,RUS,Cosmos-2I (63S1) ,24-10-1963,Oct,1963,StatusRetired,5000,Failure,1960
4070,RVSN USSR,Kazakhstan,KAZ,Vostok-2 ,18-10-1963,Oct,1963,StatusRetired,5000,Success,1960
4071,General Dynamics,USA,USA,Atlas-LV3 Agena-D ,17-10-1963,Oct,1963,StatusRetired,62,Success,1960
4072,US Air Force,USA,USA,Scout X-2B ,27-09-1963,Sep,1963,StatusRetired,59,Failure,1960
4073,General Dynamics,USA,USA,Atlas-LV3 Agena-D ,06-09-1963,Sep,1963,StatusRetired,62,Success,1960
4074,RVSN USSR,Russia,RUS,Cosmos-2I (63S1) ,22-08-1963,Aug,1963,StatusRetired,5000,Failure,1960
4075,RVSN USSR,Russia,RUS,Cosmos-2I (63S1) ,06-08-1963,Aug,1963,StatusRetired,5000,Success,1960
4076,General Dynamics,USA,USA,Atlas-LV3 Agena-B ,19-07-1963,Jul,1963,StatusRetired,62,Success,1960
4077,General Dynamics,USA,USA,Atlas-LV3 Agena-D ,12-07-1963,Jul,1963,StatusRetired,62,Success,1960
4078,RVSN USSR,Kazakhstan,KAZ,Vostok-2 ,10-07-1963,Jul,1963,StatusRetired,5000,Failure,1960
4079,US Air Force,USA,USA,Scout X-4 ,28-06-1963,Jun,1963,StatusRetired,59,Success,1960
4080,RVSN USSR,Kazakhstan,KAZ,Vostok ,16-06-1963,Jun,1963,StatusRetired,5000,Success,1960
4081,US Air Force,USA,USA,Scout X-3 ,16-06-1963,Jun,1963,StatusRetired,59,Success,1960
4082,RVSN USSR,Kazakhstan,KAZ,Vostok ,14-06-1963,Jun,1963,StatusRetired,5000,Success,1960
4083,General Dynamics,USA,USA,Atlas-LV3 Agena-B ,12-06-1963,Jun,1963,StatusRetired,62,Failure,1960
4084,RVSN USSR,Russia,RUS,Cosmos-2I (63S1) ,01-06-1963,Jun,1963,StatusRetired,5000,Failure,1960
4085,RVSN USSR,Kazakhstan,KAZ,Vostok-2 ,24-05-1963,May,1963,StatusRetired,5000,Success,1960
4086,RVSN USSR,Russia,RUS,Cosmos-2I (63S1) ,22-05-1963,May,1963,StatusRetired,5000,Success,1960
4087,NASA,USA,USA,Atlas-D Mercury ,15-05-1963,May,1963,StatusRetired,1160,Success,1960
4088,General Dynamics,USA,USA,Atlas-LV3 Agena-B ,09-05-1963,May,1963,StatusRetired,62,Success,1960
4089,RVSN USSR,Kazakhstan,KAZ,Vostok-2 ,28-04-1963,Apr,1963,StatusRetired,5000,Success,1960
4090,US Air Force,USA,USA,Scout X-2M ,26-04-1963,Apr,1963,StatusRetired,59,Failure,1960
4091,RVSN USSR,Kazakhstan,KAZ,Vostok-2 ,22-04-1963,Apr,1963,StatusRetired,5000,Success,1960
4092,RVSN USSR,Russia,RUS,Cosmos-2I (63S1) ,13-04-1963,Apr,1963,StatusRetired,5000,Success,1960
4093,RVSN USSR,Russia,RUS,Cosmos-2I (63S1) ,06-04-1963,Apr,1963,StatusRetired,5000,Failure,1960
4094,US Air Force,USA,USA,Scout X-3 ,05-04-1963,Apr,1963,StatusRetired,59,Failure,1960
4095,RVSN USSR,Kazakhstan,KAZ,Molniya ,02-04-1963,Apr,1963,StatusRetired,5000,Success,1960
4096,RVSN USSR,Kazakhstan,KAZ,Vostok-2 ,21-03-1963,Mar,1963,StatusRetired,5000,Success,1960
4097,US Air Force,USA,USA,Scout X-3M ,19-02-1963,Feb,1963,StatusRetired,59,Success,1960
4098,RVSN USSR,Kazakhstan,KAZ,Molniya ,03-02-1963,Feb,1963,StatusRetired,5000,Failure,1960
4099,RVSN USSR,Kazakhstan,KAZ,Molniya ,04-01-1963,Jan,1963,StatusRetired,5000,Failure,1960
4100,RVSN USSR,Kazakhstan,KAZ,Vostok-2 ,22-12-1962,Dec,1962,StatusRetired,5000,Success,1960
4101,US Air Force,USA,USA,Scout X-3 ,19-12-1962,Dec,1962,StatusRetired,59,Success,1960
4102,General Dynamics,USA,USA,Atlas-LV3 Agena-B ,17-12-1962,Dec,1962,StatusRetired,62,Failure,1960
4103,NASA,USA,USA,Scout X-3 ,16-12-1962,Dec,1962,StatusRetired,1160,Success,1960
4104,US Air Force,USA,USA,Thor DM-21 Agena-D ,14-12-1962,Dec,1962,StatusRetired,59,Success,1960
4105,US Air Force,USA,USA,Delta B ,13-12-1962,Dec,1962,StatusRetired,59,Success,1960
4106,US Air Force,USA,USA,Thor DM-21 Agena-D ,13-12-1962,Dec,1962,StatusRetired,59,Success,1960
4107,US Air Force,USA,USA,Thor DM-21 Agena-D ,04-12-1962,Dec,1962,StatusRetired,59,Success,1960
4108,US Air Force,USA,USA,Thor DM-21 Agena-B ,24-11-1962,Nov,1962,StatusRetired,59,Success,1960
4109,General Dynamics,USA,USA,Atlas-LV3 Agena-B ,11-11-1962,Nov,1962,StatusRetired,62,Success,1960
4110,US Air Force,USA,USA,Thor DM-21 Agena-B ,05-11-1962,Nov,1962,StatusRetired,59,Success,1960
4111,RVSN USSR,Kazakhstan,KAZ,Molniya ,04-11-1962,Nov,1962,StatusRetired,5000,Failure,1960
4112,RVSN USSR,Kazakhstan,KAZ,Molniya ,01-11-1962,Nov,1962,StatusRetired,5000,Success,1960
4113,US Air Force,USA,USA,Thor-DM21 Ablestar ,31-10-1962,Oct,1962,StatusRetired,59,Success,1960
4114,US Air Force,USA,USA,Delta A ,27-10-1962,Oct,1962,StatusRetired,59,Success,1960
4115,US Air Force,USA,USA,Thor DM-21 Agena-D ,26-10-1962,Oct,1962,StatusRetired,59,Success,1960
4116,RVSN USSR,Russia,RUS,Cosmos-2I (63S1) ,25-10-1962,Oct,1962,StatusRetired,5000,Failure,1960
4117,RVSN USSR,Kazakhstan,KAZ,Molniya ,24-10-1962,Oct,1962,StatusRetired,5000,Failure,1960
4118,RVSN USSR,Russia,RUS,Cosmos-2I (63S1) ,20-10-1962,Oct,1962,StatusRetired,5000,Success,1960
4119,General Dynamics,USA,USA,Atlas-LV3 Agena-B ,18-10-1962,Oct,1962,StatusRetired,62,Success,1960
4120,RVSN USSR,Kazakhstan,KAZ,Vostok-2 ,17-10-1962,Oct,1962,StatusRetired,5000,Success,1960
4121,US Air Force,USA,USA,Thor DM-21 Agena-B ,09-10-1962,Oct,1962,StatusRetired,59,Success,1960
4122,NASA,USA,USA,Atlas-D Mercury ,03-10-1962,Oct,1962,StatusRetired,1160,Success,1960
4123,US Air Force,USA,USA,Delta A ,02-10-1962,Oct,1962,StatusRetired,59,Success,1960
4124,US Air Force,USA,USA,Thor DM-21 Agena-D ,29-09-1962,Sep,1962,StatusRetired,59,Success,1960
4125,US Air Force,USA,USA,Thor DM-21 Agena-B ,29-09-1962,Sep,1962,StatusRetired,59,Success,1960
4126,RVSN USSR,Kazakhstan,KAZ,Vostok-2 ,27-09-1962,Sep,1962,StatusRetired,5000,Success,1960
4127,US Air Force,USA,USA,Thor DM-19 Delta ,18-09-1962,Sep,1962,StatusRetired,59,Success,1960
4128,US Air Force,USA,USA,Thor DM-21 Agena-B ,17-09-1962,Sep,1962,StatusRetired,59,Success,1960
4129,RVSN USSR,Kazakhstan,KAZ,Molniya ,12-09-1962,Sep,1962,StatusRetired,5000,Failure,1960
4130,US Air Force,USA,USA,Thor DM-21 Agena-B ,01-09-1962,Sep,1962,StatusRetired,59,Success,1960
4131,RVSN USSR,Kazakhstan,KAZ,Molniya ,01-09-1962,Sep,1962,StatusRetired,5000,Failure,1960
4132,US Air Force,USA,USA,Thor DM-21 Agena-D ,29-08-1962,Aug,1962,StatusRetired,59,Success,1960
4133,General Dynamics,USA,USA,Atlas-LV3 Agena-B ,27-08-1962,Aug,1962,StatusRetired,62,Success,1960
4134,RVSN USSR,Kazakhstan,KAZ,Molniya ,25-08-1962,Aug,1962,StatusRetired,5000,Failure,1960
4135,US Air Force,USA,USA,Scout X-2M ,23-08-1962,Aug,1962,StatusRetired,59,Success,1960
4136,RVSN USSR,Russia,RUS,Cosmos-2I (63S1) ,18-08-1962,Aug,1962,StatusRetired,5000,Success,1960
4137,RVSN USSR,Kazakhstan,KAZ,Vostok ,12-08-1962,Aug,1962,StatusRetired,5000,Success,1960
4138,RVSN USSR,Kazakhstan,KAZ,Vostok ,11-08-1962,Aug,1962,StatusRetired,5000,Success,1960
4139,General Dynamics,USA,USA,Atlas-LV3 Agena-B ,05-08-1962,Aug,1962,StatusRetired,62,Success,1960
4140,US Air Force,USA,USA,Thor DM-21 Agena-D ,02-08-1962,Aug,1962,StatusRetired,59,Success,1960
4141,RVSN USSR,Kazakhstan,KAZ,Vostok-2 ,28-07-1962,Jul,1962,StatusRetired,5000,Success,1960
4142,US Air Force,USA,USA,Thor DM-21 Agena-B ,28-07-1962,Jul,1962,StatusRetired,59,Success,1960
4143,General Dynamics,USA,USA,Atlas-LV3 Agena-B ,22-07-1962,Jul,1962,StatusRetired,62,Failure,1960
4144,US Air Force,USA,USA,Thor DM-21 Agena-B ,21-07-1962,Jul,1962,StatusRetired,59,Success,1960
4145,General Dynamics,USA,USA,Atlas-LV3 Agena-B ,18-07-1962,Jul,1962,StatusRetired,62,Success,1960
4146,US Air Force,USA,USA,Thor DM-19 Delta ,10-07-1962,Jul,1962,StatusRetired,59,Success,1960
4147,RVSN USSR,Russia,RUS,Cosmos-2I (63S1) ,30-06-1962,Jun,1962,StatusRetired,5000,Success,1960
4148,US Air Force,USA,USA,Thor DM-21 Agena-D ,28-06-1962,Jun,1962,StatusRetired,59,Success,1960
4149,US Air Force,USA,USA,Thor DM-21 Agena-B ,23-06-1962,Jun,1962,StatusRetired,59,Success,1960
4150,US Air Force,USA,USA,Thor DM-19 Delta ,19-06-1962,Jun,1962,StatusRetired,59,Success,1960
4151,US Air Force,USA,USA,Thor DM-21 Agena-B ,18-06-1962,Jun,1962,StatusRetired,59,Success,1960
4152,General Dynamics,USA,USA,Atlas-LV3 Agena-B ,17-06-1962,Jun,1962,StatusRetired,62,Success,1960
4153,US Air Force,USA,USA,Thor-DM18 Agena-A ,02-06-1962,Jun,1962,StatusRetired,59,Success,1960
4154,RVSN USSR,Kazakhstan,KAZ,Vostok-2 ,01-06-1962,Jun,1962,StatusRetired,5000,Failure,1960
4155,US Air Force,USA,USA,Thor DM-21 Agena-B ,30-05-1962,May,1962,StatusRetired,59,Success,1960
4156,RVSN USSR,Russia,RUS,Cosmos-2I (63S1) ,28-05-1962,May,1962,StatusRetired,5000,Success,1960
4157,NASA,USA,USA,Atlas-D Mercury ,24-05-1962,May,1962,StatusRetired,1160,Success,1960
4158,US Air Force,USA,USA,Scout X-2M ,24-05-1962,May,1962,StatusRetired,59,Failure,1960
4159,US Air Force,USA,USA,Thor DM-21 Agena-B ,15-05-1962,May,1962,StatusRetired,59,Success,1960
4160,US Air Force,USA,USA,Thor-DM21 Ablestar ,10-05-1962,May,1962,StatusRetired,59,Failure,1960
4161,General Dynamics,USA,USA,Atlas-LV3C Centaur-A ,08-05-1962,May,1962,StatusRetired,62,Failure,1960
4162,US Air Force,USA,USA,Thor DM-21 Agena-B ,29-04-1962,Apr,1962,StatusRetired,59,Success,1960
4163,General Dynamics,USA,USA,Atlas-LV3 Agena-B ,26-04-1962,Apr,1962,StatusRetired,62,Success,1960
4164,US Air Force,USA,USA,Thor DM-19 Delta ,26-04-1962,Apr,1962,StatusRetired,59,Success,1960
4165,NASA,USA,USA,Scout X-2 ,26-04-1962,Apr,1962,StatusRetired,1160,Failure,1960
4166,RVSN USSR,Kazakhstan,KAZ,Vostok ,26-04-1962,Apr,1962,StatusRetired,5000,Success,1960
4167,RVSN USSR,Russia,RUS,Cosmos-2I (63S1) ,24-04-1962,Apr,1962,StatusRetired,5000,Success,1960
4168,General Dynamics,USA,USA,Atlas-LV3 Agena-B ,23-04-1962,Apr,1962,StatusRetired,62,Success,1960
4169,US Air Force,USA,USA,Thor DM-21 Agena-B ,18-04-1962,Apr,1962,StatusRetired,59,Success,1960
4170,General Dynamics,USA,USA,Atlas-LV3 Agena-B ,09-04-1962,Apr,1962,StatusRetired,62,Success,1960
4171,RVSN USSR,Russia,RUS,Cosmos-2I (63S1) ,06-04-1962,Apr,1962,StatusRetired,5000,Success,1960
4172,RVSN USSR,Russia,RUS,Cosmos-2I (63S1) ,16-03-1962,Mar,1962,StatusRetired,5000,Success,1960
4173,General Dynamics,USA,USA,Atlas-LV3 Agena-B ,07-03-1962,Mar,1962,StatusRetired,62,Success,1960
4174,US Air Force,USA,USA,Thor DM-19 Delta ,07-03-1962,Mar,1962,StatusRetired,59,Success,1960
4175,US Air Force,USA,USA,Thor DM-21 Agena-B ,27-02-1962,Feb,1962,StatusRetired,59,Success,1960
4176,US Air Force,USA,USA,Thor DM-21 Agena-B ,21-02-1962,Feb,1962,StatusRetired,59,Partial Failure,1960
4177,NASA,USA,USA,Atlas-D Mercury ,20-02-1962,Feb,1962,StatusRetired,1160,Success,1960
4178,US Air Force,USA,USA,Thor DM-19 Delta ,08-02-1962,Feb,1962,StatusRetired,59,Success,1960
4179,General Dynamics,USA,USA,Atlas-LV3 Agena-B ,26-01-1962,Jan,1962,StatusRetired,62,Partial Failure,1960
4180,US Air Force,USA,USA,Thor-DM21 Ablestar ,24-01-1962,Jan,1962,StatusRetired,59,Failure,1960
4181,US Air Force,USA,USA,Thor DM-21 Agena-B ,13-01-1962,Jan,1962,StatusRetired,59,Failure,1960
4182,General Dynamics,USA,USA,Atlas-LV3 Agena-B ,22-12-1961,Dec,1961,StatusRetired,62,Partial Failure,1960
4183,RVSN USSR,Russia,RUS,Cosmos-2I (63S1) ,21-12-1961,Dec,1961,StatusRetired,5000,Failure,1960
4184,US Air Force,USA,USA,Thor DM-21 Agena-B ,12-12-1961,Dec,1961,StatusRetired,59,Success,1960
4185,RVSN USSR,Kazakhstan,KAZ,Vostok ,11-12-1961,Dec,1961,StatusRetired,5000,Failure,1960
4186,NASA,USA,USA,Atlas-D Mercury ,29-11-1961,Nov,1961,StatusRetired,1160,Success,1960
4187,General Dynamics,USA,USA,Atlas-LV3 Agena-B ,22-11-1961,Nov,1961,StatusRetired,62,Failure,1960
4188,General Dynamics,USA,USA,Atlas-LV3 Agena-B ,18-11-1961,Nov,1961,StatusRetired,62,Failure,1960
4189,US Air Force,USA,USA,Thor-DM21 Ablestar ,15-11-1961,Nov,1961,StatusRetired,59,Success,1960
4190,US Air Force,USA,USA,Thor DM-21 Agena-B ,15-11-1961,Nov,1961,StatusRetired,59,Success,1960
4191,US Air Force,USA,USA,Thor DM-21 Agena-B ,05-11-1961,Nov,1961,StatusRetired,59,Failure,1960
4192,NASA,USA,USA,Blue Scout II ,01-11-1961,Nov,1961,StatusRetired,1160,Failure,1960
4193,RVSN USSR,Russia,RUS,Cosmos-2I (63S1) ,27-10-1961,Oct,1961,StatusRetired,5000,Failure,1960
4194,US Air Force,USA,USA,Thor DM-21 Agena-B ,23-10-1961,Oct,1961,StatusRetired,59,Failure,1960
4195,General Dynamics,USA,USA,Atlas-LV3 Agena-B ,21-10-1961,Oct,1961,StatusRetired,62,Partial Failure,1960
4196,US Air Force,USA,USA,Thor DM-21 Agena-B ,13-10-1961,Oct,1961,StatusRetired,59,Success,1960
4197,US Air Force,USA,USA,Thor DM-21 Agena-B ,17-09-1961,Sep,1961,StatusRetired,59,Success,1960
4198,NASA,USA,USA,Atlas-D Mercury ,13-09-1961,Sep,1961,StatusRetired,1160,Success,1960
4199,US Air Force,USA,USA,Thor DM-21 Agena-B ,12-09-1961,Sep,1961,StatusRetired,59,Success,1960
4200,General Dynamics,USA,USA,Atlas-LV3 Agena-B ,09-09-1961,Sep,1961,StatusRetired,62,Failure,1960
4201,US Air Force,USA,USA,Thor DM-21 Agena-B ,30-08-1961,Aug,1961,StatusRetired,59,Success,1960
4202,NASA,USA,USA,Scout X-1 ,25-08-1961,Aug,1961,StatusRetired,1160,Partial Failure,1960
4203,General Dynamics,USA,USA,Atlas-LV3 Agena-B ,23-08-1961,Aug,1961,StatusRetired,62,Failure,1960
4204,US Air Force,USA,USA,Thor DM-19 Delta ,16-08-1961,Aug,1961,StatusRetired,59,Success,1960
4205,RVSN USSR,Kazakhstan,KAZ,Vostok ,06-08-1961,Aug,1961,StatusRetired,5000,Success,1960
4206,US Air Force,USA,USA,Thor DM-21 Agena-B ,04-08-1961,Aug,1961,StatusRetired,59,Failure,1960
4207,US Air Force,USA,USA,Thor DM-21 Agena-B ,21-07-1961,Jul,1961,StatusRetired,59,Failure,1960
4208,NASA,USA,USA,Mercury-Redstone ,21-07-1961,Jul,1961,StatusRetired,1160,Success,1960
4209,General Dynamics,USA,USA,Atlas-LV3 Agena-B ,12-07-1961,Jul,1961,StatusRetired,62,Success,1960
4210,US Air Force,USA,USA,Thor DM-19 Delta ,12-07-1961,Jul,1961,StatusRetired,59,Success,1960
4211,US Air Force,USA,USA,Thor DM-21 Agena-B ,07-07-1961,Jul,1961,StatusRetired,59,Success,1960
4212,NASA,USA,USA,Scout X-1 ,30-06-1961,Jun,1961,StatusRetired,1160,Failure,1960
4213,US Air Force,USA,USA,Thor-DM21 Ablestar ,29-06-1961,Jun,1961,StatusRetired,59,Success,1960
4214,US Air Force,USA,USA,Thor DM-21 Agena-B ,16-06-1961,Jun,1961,StatusRetired,59,Success,1960
4215,US Air Force,USA,USA,Thor DM-21 Agena-B ,08-06-1961,Jun,1961,StatusRetired,59,Failure,1960
4216,NASA,USA,USA,Mercury-Redstone ,05-05-1961,May,1961,StatusRetired,1160,Success,1960
4217,NASA,USA,USA,Atlas-D Mercury ,25-04-1961,Apr,1961,StatusRetired,1160,Failure,1960
4218,RVSN USSR,Kazakhstan,KAZ,Vostok ,12-04-1961,Apr,1961,StatusRetired,5000,Success,1960
4219,US Air Force,USA,USA,Thor DM-21 Agena-B ,08-04-1961,Apr,1961,StatusRetired,59,Success,1960
4220,US Air Force,USA,USA,Thor DM-21 Agena-B ,30-03-1961,Mar,1961,StatusRetired,59,Failure,1960
4221,US Air Force,USA,USA,Thor DM-19 Delta ,25-03-1961,Mar,1961,StatusRetired,59,Success,1960
4222,RVSN USSR,Kazakhstan,KAZ,Vostok ,25-03-1961,Mar,1961,StatusRetired,5000,Success,1960
4223,NASA,USA,USA,Mercury-Redstone ,24-03-1961,Mar,1961,StatusRetired,1160,Success,1960
4224,RVSN USSR,Kazakhstan,KAZ,Vostok ,09-03-1961,Mar,1961,StatusRetired,5000,Success,1960
4225,US Air Force,USA,USA,Thor-DM21 Ablestar ,22-02-1961,Feb,1961,StatusRetired,59,Success,1960
4226,NASA,USA,USA,Atlas-D Mercury ,21-02-1961,Feb,1961,StatusRetired,1160,Success,1960
4227,US Air Force,USA,USA,Thor DM-21 Agena-B ,18-02-1961,Feb,1961,StatusRetired,59,Success,1960
4228,US Air Force,USA,USA,Thor DM-21 Agena-B ,17-02-1961,Feb,1961,StatusRetired,59,Success,1960
4229,NASA,USA,USA,Scout X-1 ,16-02-1961,Feb,1961,StatusRetired,1160,Success,1960
4230,RVSN USSR,Kazakhstan,KAZ,Molniya ,12-02-1961,Feb,1961,StatusRetired,5000,Success,1960
4231,RVSN USSR,Kazakhstan,KAZ,Molniya ,04-02-1961,Feb,1961,StatusRetired,5000,Failure,1960
4232,General Dynamics,USA,USA,Atlas-LV3 Agena-A ,31-01-1961,Jan,1961,StatusRetired,62,Success,1960
4233,NASA,USA,USA,Mercury-Redstone ,31-01-1961,Jan,1961,StatusRetired,1160,Success,1960
4234,RVSN USSR,Kazakhstan,KAZ,Vostok ,22-12-1960,Dec,1960,StatusRetired,5000,Failure,1960
4235,US Air Force,USA,USA,Thor DM-21 Agena-B ,20-12-1960,Dec,1960,StatusRetired,59,Success,1960
4236,NASA,USA,USA,Mercury-Redstone ,19-12-1960,Dec,1960,StatusRetired,1160,Success,1960
4237,General Dynamics,USA,USA,Atlas-D Able ,15-12-1960,Dec,1960,StatusRetired,62,Failure,1960
4238,US Air Force,USA,USA,Thor DM-21 Agena-B ,07-12-1960,Dec,1960,StatusRetired,59,Success,1960
4239,NASA,USA,USA,Scout X-1 ,04-12-1960,Dec,1960,StatusRetired,1160,Failure,1960
4240,RVSN USSR,Kazakhstan,KAZ,Vostok ,01-12-1960,Dec,1960,StatusRetired,5000,Success,1960
4241,US Air Force,USA,USA,Thor-DM21 Ablestar ,30-11-1960,Nov,1960,StatusRetired,59,Failure,1960
4242,US Air Force,USA,USA,Thor DM-19 Delta ,23-11-1960,Nov,1960,StatusRetired,59,Success,1960
4243,NASA,USA,USA,Mercury-Redstone ,21-11-1960,Nov,1960,StatusRetired,1160,Failure,1960
4244,US Air Force,USA,USA,Thor DM-21 Agena-B ,12-11-1960,Nov,1960,StatusRetired,59,Success,1960
4245,US Air Force,USA,USA,Thor DM-21 Agena-B ,26-10-1960,Oct,1960,StatusRetired,59,Failure,1960
4246,RVSN USSR,Kazakhstan,KAZ,Molniya ,14-10-1960,Oct,1960,StatusRetired,5000,Failure,1960
4247,General Dynamics,USA,USA,Atlas-LV3 Agena-A ,11-10-1960,Oct,1960,StatusRetired,62,Failure,1960
4248,RVSN USSR,Kazakhstan,KAZ,Molniya ,10-10-1960,Oct,1960,StatusRetired,5000,Failure,1960
4249,US Air Force,USA,USA,Thor-DM21 Ablestar ,04-10-1960,Oct,1960,StatusRetired,59,Success,1960
4250,General Dynamics,USA,USA,Atlas-D Able ,25-09-1960,Sep,1960,StatusRetired,62,Failure,1960
4251,US Air Force,USA,USA,Thor-DM18 Agena-A ,13-09-1960,Sep,1960,StatusRetired,59,Success,1960
4252,RVSN USSR,Kazakhstan,KAZ,Vostok ,19-08-1960,Aug,1960,StatusRetired,5000,Success,1960
4253,US Air Force,USA,USA,Thor-DM21 Ablestar ,18-08-1960,Aug,1960,StatusRetired,59,Failure,1960
4254,US Air Force,USA,USA,Thor-DM18 Agena-A ,18-08-1960,Aug,1960,StatusRetired,59,Success,1960
4255,US Air Force,USA,USA,Thor DM-19 Delta ,12-08-1960,Aug,1960,StatusRetired,59,Success,1960
4256,US Air Force,USA,USA,Thor-DM18 Agena-A ,10-08-1960,Aug,1960,StatusRetired,59,Success,1960
4257,NASA,USA,USA,Atlas-D Mercury ,29-07-1960,Jul,1960,StatusRetired,1160,Failure,1960
4258,RVSN USSR,Kazakhstan,KAZ,Vostok ,28-07-1960,Jul,1960,StatusRetired,5000,Failure,1960
4259,US Air Force,USA,USA,Thor-DM18 Agena-A ,29-06-1960,Jun,1960,StatusRetired,59,Failure,1960
4260,US Air Force,USA,USA,Thor-DM21 Ablestar ,22-06-1960,Jun,1960,StatusRetired,59,Success,1960
4261,General Dynamics,USA,USA,Atlas-LV3 Agena-A ,24-05-1960,May,1960,StatusRetired,62,Success,1960
4262,RVSN USSR,Kazakhstan,KAZ,Vostok ,15-05-1960,May,1960,StatusRetired,5000,Success,1960
4263,US Air Force,USA,USA,Thor DM-19 Delta ,13-05-1960,May,1960,StatusRetired,59,Failure,1960
4264,RVSN USSR,Kazakhstan,KAZ,Vostok ,16-04-1960,Apr,1960,StatusRetired,5000,Failure,1960
4265,US Air Force,USA,USA,Thor-DM18 Agena-A ,15-04-1960,Apr,1960,StatusRetired,59,Success,1960
4266,RVSN USSR,Kazakhstan,KAZ,Vostok ,15-04-1960,Apr,1960,StatusRetired,5000,Failure,1960
4267,US Air Force,USA,USA,Thor-DM21 Ablestar ,13-04-1960,Apr,1960,StatusRetired,59,Success,1960
4268,US Air Force,USA,USA,Thor DM-18 Able-II ,01-04-1960,Apr,1960,StatusRetired,59,Success,1960
4269,US Air Force,USA,USA,Thor DM-18 Able-IV ,11-03-1960,Mar,1960,StatusRetired,59,Success,1960
4270,General Dynamics,USA,USA,Atlas-LV3 Agena-A ,26-02-1960,Feb,1960,StatusRetired,62,Failure,1960
4271,US Air Force,USA,USA,Thor-DM18 Agena-A ,19-02-1960,Feb,1960,StatusRetired,59,Failure,1960
4272,US Air Force,USA,USA,Thor-DM18 Agena-A ,04-02-1960,Feb,1960,StatusRetired,59,Failure,1960
4273,General Dynamics,USA,USA,Atlas-D Able ,26-11-1959,Nov,1959,StatusRetired,62,Failure,1950
4274,US Air Force,USA,USA,Thor-DM18 Agena-A ,20-11-1959,Nov,1959,StatusRetired,59,Failure,1950
4275,US Air Force,USA,USA,Thor-DM18 Agena-A ,07-11-1959,Nov,1959,StatusRetired,59,Success,1950
4276,RVSN USSR,Kazakhstan,KAZ,Vostok ,04-10-1959,Oct,1959,StatusRetired,5000,Success,1950
4277,US Navy,USA,USA,Vanguard ,18-09-1959,Sep,1959,StatusRetired,62,Partial Failure,1950
4278,US Air Force,USA,USA,Thor DM-18 Able-II ,17-09-1959,Sep,1959,StatusRetired,59,Failure,1950
4279,RVSN USSR,Kazakhstan,KAZ,Vostok ,12-09-1959,Sep,1959,StatusRetired,5000,Success,1950
4280,NASA,USA,USA,Atlas-D Mercury ,09-09-1959,Sep,1959,StatusRetired,450,Partial Failure,1950
4281,US Air Force,USA,USA,Thor-DM18 Agena-A ,19-08-1959,Aug,1959,StatusRetired,59,Success,1950
4282,US Air Force,USA,USA,Thor-DM18 Agena-A ,13-08-1959,Aug,1959,StatusRetired,59,Success,1950
4283,US Air Force,USA,USA,Thor DM-18 Able-III ,07-08-1959,Aug,1959,StatusRetired,59,Success,1950
4284,US Air Force,USA,USA,Thor-DM18 Agena-A ,25-06-1959,Jun,1959,StatusRetired,59,Failure,1950
4285,US Navy,USA,USA,Vanguard ,22-06-1959,Jun,1959,StatusRetired,62,Failure,1950
4286,RVSN USSR,Kazakhstan,KAZ,Vostok ,18-06-1959,Jun,1959,StatusRetired,5000,Failure,1950
4287,US Air Force,USA,USA,Thor-DM18 Agena-A ,03-06-1959,Jun,1959,StatusRetired,59,Failure,1950
4288,US Navy,USA,USA,Vanguard ,14-04-1959,Apr,1959,StatusRetired,62,Failure,1950
4289,US Air Force,USA,USA,Thor-DM18 Agena-A ,13-04-1959,Apr,1959,StatusRetired,59,Success,1950
4290,US Air Force,USA,USA,Thor-DM18 Agena-A ,28-02-1959,Feb,1959,StatusRetired,59,Failure,1950
4291,US Navy,USA,USA,Vanguard ,17-02-1959,Feb,1959,StatusRetired,62,Success,1950
4292,RVSN USSR,Kazakhstan,KAZ,Vostok ,02-01-1959,Jan,1959,StatusRetired,5000,Partial Failure,1950
4293,US Air Force,USA,USA,SM-65B Atlas ,18-12-1958,Dec,1958,StatusRetired,59,Success,1950
4294,AMBA,USA,USA,Juno II ,06-12-1958,Dec,1958,StatusRetired,62,Partial Failure,1950
4295,RVSN USSR,Kazakhstan,KAZ,Vostok ,04-12-1958,Dec,1958,StatusRetired,5000,Failure,1950
4296,NASA,USA,USA,Thor-DM 18 Able I ,08-11-1958,Nov,1958,StatusRetired,450,Failure,1950
4297,AMBA,USA,USA,Juno I ,23-10-1958,Oct,1958,StatusRetired,62,Failure,1950
4298,RVSN USSR,Kazakhstan,KAZ,Vostok ,11-10-1958,Oct,1958,StatusRetired,5000,Failure,1950
4299,NASA,USA,USA,Thor-DM 18 Able I ,11-10-1958,Oct,1958,StatusRetired,450,Partial Failure,1950
4300,US Navy,USA,USA,Vanguard ,26-09-1958,Sep,1958,StatusRetired,62,Failure,1950
4301,RVSN USSR,Kazakhstan,KAZ,Vostok ,23-09-1958,Sep,1958,StatusRetired,5000,Failure,1950
4302,US Navy,USA,USA,NOTS-EV-1 Pilot II ,29-08-1958,Aug,1958,StatusRetired,62,Failure,1950
4303,US Navy,USA,USA,NOTS-EV-1 Pilot II ,26-08-1958,Aug,1958,StatusRetired,62,Failure,1950
4304,US Navy,USA,USA,NOTS-EV-1 Pilot II ,25-08-1958,Aug,1958,StatusRetired,62,Failure,1950
4305,AMBA,USA,USA,Juno I ,24-08-1958,Aug,1958,StatusRetired,62,Failure,1950
4306,US Navy,USA,USA,NOTS-EV-1 Pilot II ,22-08-1958,Aug,1958,StatusRetired,62,Failure,1950
4307,US Air Force,USA,USA,Thor-DM 18 Able I ,17-08-1958,Aug,1958,StatusRetired,59,Failure,1950
4308,US Navy,USA,USA,NOTS-EV-1 Pilot II ,12-08-1958,Aug,1958,StatusRetired,62,Failure,1950
4309,AMBA,USA,USA,Juno I ,26-07-1958,Jul,1958,StatusRetired,62,Success,1950
4310,US Navy,USA,USA,NOTS-EV-1 Pilot II ,25-07-1958,Jul,1958,StatusRetired,62,Failure,1950
4311,US Navy,USA,USA,Vanguard ,26-06-1958,Jun,1958,StatusRetired,62,Failure,1950
4312,US Navy,USA,USA,Vanguard ,28-05-1958,May,1958,StatusRetired,62,Failure,1950
4313,RVSN USSR,Kazakhstan,KAZ,Sputnik 8A91 ,15-05-1958,May,1958,StatusRetired,5000,Success,1950
4314,US Navy,USA,USA,Vanguard ,28-04-1958,Apr,1958,StatusRetired,62,Failure,1950
4315,RVSN USSR,Kazakhstan,KAZ,Sputnik 8A91 ,27-04-1958,Apr,1958,StatusRetired,5000,Failure,1950
4316,AMBA,USA,USA,Juno I ,26-03-1958,Mar,1958,StatusRetired,62,Success,1950
4317,US Navy,USA,USA,Vanguard ,17-03-1958,Mar,1958,StatusRetired,62,Success,1950
4318,AMBA,USA,USA,Juno I ,05-03-1958,Mar,1958,StatusRetired,62,Failure,1950
4319,US Navy,USA,USA,Vanguard ,05-02-1958,Feb,1958,StatusRetired,62,Failure,1950
4320,AMBA,USA,USA,Juno I ,01-02-1958,Feb,1958,StatusRetired,62,Success,1950
4321,US Navy,USA,USA,Vanguard ,06-12-1957,Dec,1957,StatusRetired,62,Failure,1950
4322,RVSN USSR,Kazakhstan,KAZ,Sputnik 8K71PS ,03-11-1957,Nov,1957,StatusRetired,5000,Success,1950
4323,RVSN USSR,Kazakhstan,KAZ,Sputnik 8K71PS ,04-10-1957,Oct,1957,StatusRetired,5000,Success,1950
